timestamp,open,high,low,close,volume,turnover,log_return,log_return_3,log_return_5,log_return_15,close_open_log_return,high_low_log_range,volume_log_change,volume_ma_ratio,fracdiff_close,fracdiff_close_5,ema_20,ema_50,ema_200,ema_20_log_distance,ema_50_log_distance,ema_200_log_distance,ema_20_return,ema_50_return,ema_200_return,rsi,macd,macd_signal,macd_hist,macd_return,macd_signal_return,macd_hist_return,bb_width,atr,atr_pct,volume_ma,sentiment_score,hour,minute,risk_level_encoded,ml_probability,funding_rate,predicted_funding_rate,premium_index,premium_basis_pct,cvd,cvd_ratio,oi,oi_change_pct,liquidation_imbalance,liquidation_notional,liquidation_reversal_signal,label,risk_level
2026-05-14 23:50:00,81048.0,81086.3,81018.0,81034.0,187.703,15213396.8491,,,,,-0.00017275206419977405,0.000842667394283699,,,,,81034.0,81034.0,81034.0,0.0,0.0,0.0,,,,,0.0,0.0,0.0,,,,,,,,0.0,23,50,1,0.5,0.0,0.0,0.0,0.0,0.0,0.0,0.0,0.0,0.0,0.0,0,0,high
2026-05-14 23:45:00,81182.6,81182.6,81024.8,81048.0,262.172,21255076.3891,0.00017275206419853362,,,,-0.0016593667395063104,0.0019456578402764688,0.3341398505001161,,,,81035.33333333334,81034.54901960785,81034.13930348259,0.00015629948665640825,0.0001659774734452668,0.00017103313818545018,0.00017275206419853362,0.00017275206419853362,0.00017275206419853362,,1.116809116792865,0.22336182335857302,0.8934472934342921,0.0,0.0,0.0,,,,,0.0,23,45,1,0.5,0.0,0.0,0.0,0.0,0.0,0.0,0.0,0.0,0.0,0.0,0,0,high
2026-05-14 23:40:00,81235.4,81235.4,81168.1,81182.6,39.988,3247220.5033,0.001659366739506396,,,,-0.0006501742646748985,0.0008287999193663677,-1.880421367811437,,,,81049.35873015874,81040.35494040755,81035.61652434347,0.0016427456331964407,0.0017537620869525483,0.001812186943583427,0.00031433441422785383,0.000231050678916489,0.00018754425002249245,,12.716396782474476,2.721968815181754,9.994427967292722,0.0001185903444690033,2.3718068893800664e-05,9.487227557520264e-05,,,,,0.0,23,40,1,0.5,0.0,0.0,0.0,0.0,0.0,0.0,0.0,0.0,0.0,0.0,0,0,high
2026-05-14 23:35:00,81287.8,81301.8,81235.4,81235.4,52.56,4272249.1429,0.0006501742646758402,0.00248229306838077,,,-0.0006448310372390406,0.0008170437745186562,0.2733759650714207,,,,81067.0769463341,81048.00376627392,81037.60441962363,0.0020745465742653124,0.002309664337838413,0.002437860101707656,0.00034631916188956685,0.0002474868979658753,0.00019214753375038646,,25.871442426170688,7.351863537379542,18.519578888791145,0.00012964616798992733,4.4903688713025995e-05,8.474247927690134e-05,,,,,0.0,23,35,1,0.5,0.0,0.0,0.0,0.0,0.0,0.0,0.0,0.0,0.0,0.0,0,0,high
2026-05-14 23:30:00,81326.3,81331.5,81285.4,81287.8,35.675,2900770.8223,0.0006448310372384469,0.002954372041420683,,,-0.00047351368324590945,0.0005669767562284724,-0.3875052108134547,,,,81088.09818954038,81057.40754014553,81040.09392788609,0.0024603892675507666,0.002838632811346997,0.0030520175952748474,0.00037474886430374587,0.00026306902107460365,0.00019665184721792938,,40.06332784585538,13.89415639907471,26.169171446780673,0.00013640444841171473,6.320384065276375e-05,7.320060775895098e-05,,,,,0.0,23,30,1,0.5,0.0,0.0,0.0,0.0,0.0,0.0,0.0,0.0,0.0,0.0,0,0,high
2026-05-14 23:25:00,81258.6,81349.9,81242.4,81326.3,97.715,7943788.484,0.0004735136832465514,0.0017685189851608385,0.003600637788865768,,0.0008327957136582254,0.0013223260346775611,1.0076049151191397,,,,81110.78407625081,81067.95234249276,81042.94174949916,0.002654483622150039,0.0031822583967660023,0.0034904513653017943,0.000384155037536394,0.000271321752924484,0.00019940669135751768,,53.79698932457541,21.874722984174852,31.922266340400554,0.000126478589182574,7.58587903587258e-05,5.06197988238482e-05,,,,,0.0,23,25,1,0.5,0.0,0.0,0.0,0.0,0.0,0.0,0.0,0.0,0.0,0.0,0,0,high
2026-05-14 23:20:00,81199.6,81264.6,81148.2,81258.6,101.882,8272780.3255,-0.0008327957136593511,0.0002855490068256472,0.0025950900110078834,,0.0007263407152594727,0.001433384806241348,0.04176020237489109,,,,81124.86178327455,81075.42872121854,81045.08760273797,0.0016481938219676806,0.0022573268916108447,0.0026312113167996642,0.0002682549659939421,0.00022802302874472572,0.00018913602066083243,,58.543339607611415,29.208446308862168,29.334893298749247,1.3053549985681521e-05,6.329774228411696e-05,-5.024419229843544e-05,,,,,0.0,23,20,1,0.5,0.0,0.0,0.0,0.0,0.0,0.0,0.0,0.0,0.0,0.0,0,0,high
2026-05-14 23:15:00,81218.1,81232.2,81199.2,81199.6,90.269,7331353.6651,-0.0007263407152588996,-0.0010856227456716994,0.00020938255624258773,,-0.00022780768450733957,0.0004063253835652201,-0.12102117948570612,,,,81131.97970867697,81080.29818313156,81046.62503952665,0.0008340575727352473,0.0014709475027689933,0.0018859166652056558,0.00017353156777938578,0.00019059699956811298,0.00018002679940789978,,56.88827684237913,34.74441241556556,22.143864426813565,-6.746884324473308e-05,3.714442517834695e-05,-0.00010461326842308004,,,,,0.0,23,15,1,0.5,0.0,0.0,0.0,0.0,0.0,0.0,0.0,0.0,0.0,0.0,0,0,high
2026-05-14 23:10:00,81166.5,81218.2,81166.5,81218.1,110.315,8957427.7082,0.00022780768450658684,-0.001331328744411664,-0.0002129840239266656,,0.0006355282672956803,0.0006367595191772887,0.2005458083891103,,,,81140.18164118392,81085.70217594992,81048.33125803883,0.0009607352327432039,0.001632137336793349,0.002092692266629115,0.00017870072175340493,0.0001920562421147198,0.00018050223110042404,,56.41905927027983,39.07934178650842,17.33971748377141,-5.367291040128997e-05,1.898095806241957e-05,-7.265386846370954e-05,,,,,0.0,23,10,1,0.5,0.0,0.0,0.0,0.0,0.0,0.0,0.0,0.0,0.0,0.0,0,0,high
2026-05-14 23:05:00,81284.0,81293.1,81134.5,81166.5,150.525,12224040.8219,-0.0006355282672956264,-0.0011340612980479392,-0.001493343328460739,,-0.001446594753360481,0.0019528706993694196,0.31078927359017605,,,,81142.68815154737,81088.87071806953,81049.50706641655,0.00029423487350044297,0.0009575263608887497,0.0014426648550607268,0.00010115510374873529,0.0001596019476280396,0.00017238252464872204,,51.29224710672861,41.521922850552464,9.770324256176146,-0.00011112257842667445,-7.039749235399233e-06,-0.00010408282919127521,,,,,0.0,23,5,1,0.5,0.0,0.0,0.0,0.0,0.0,0.0,0.0,0.0,0.0,0.0,0,0,high
2026-05-14 23:00:00,81416.2,81416.3,81269.5,81284.0,97.413,7923669.4925,0.0014465947533608414,0.0010388741705718019,-0.0005202622583464489,,-0.0016250751885194458,0.0018047062477920908,-0.43516951138250715,,,,81156.14642282856,81096.5228467727,81051.8403294373,0.0015750363290649716,0.002309841854867045,0.002860510756596213,0.00022929221323560254,0.00021007225373520828,0.00018506125329262373,,56.06420627082116,44.4303795346062,11.633826736214957,1.1228635775909792e-05,-3.386072233137429e-06,1.4614708009047221e-05,,,,,0.0,23,0,1,0.5,0.0,0.0,0.0,0.0,0.0,0.0,0.0,0.0,0.0,0.0,0,0,high
2026-05-14 22:55:00,81411.2,81420.7,81375.0,81416.2,45.094,3670469.4451,0.001625075188519176,0.002436141674584391,0.0019376086438320783,,6.141472505941093e-05,0.0005614399053591121,-0.7702104720036838,,,,81180.91343017822,81109.05920572279,81055.46579879614,0.002895338992098928,0.0037806065710963566,0.00444095324914251,0.0003622239251673715,0.000265562564903207,0.00019938975016054963,,69.70988132791535,49.48627989326803,20.22360143464732,0.00012119764303243521,2.15306708199771e-05,9.966697221245811e-05,,,,,0.0,22,55,1,0.5,0.0,0.0,0.0,0.0,0.0,0.0,0.0,0.0,0.0,0.0,0,0,high
2026-05-14 22:50:00,81483.1,81483.1,81411.2,81411.2,95.697,7792652.0068,-6.141472505838408e-05,0.0030102552168216334,0.002602534634032594,,-0.000882781100005732,0.0008827811000056654,0.7524377500408486,,,,81202.84548444695,81120.90786432191,81059.00544258922,0.002564026717799095,0.003573341185409973,0.004335961026331603,0.0003218773870506329,0.00025273992608118383,0.00019679468075538612,,79.20766228345747,55.430556371305926,23.77710591215154,7.143971950891113e-05,3.15124805577639e-05,3.9927238951147225e-05,,,,,0.0,22,50,1,0.5,0.0,0.0,0.0,0.0,0.0,0.0,0.0,0.0,0.0,0.0,0,0,high
2026-05-14 22:45:00,81474.5,81532.9,81463.0,81483.1,67.822,5527372.8303,0.0008827811000049479,0.00244644156346574,0.003257508049530955,,0.00010554892816269559,0.0008576903380398065,-0.3443003239164826,,,,81229.53639069009,81135.11147748577,81063.22528893162,0.0031185404065841027,0.004281372391869098,0.005166814343983361,0.0003752967882843772,0.000277447423097802,0.00020362041627030713,,91.48190477244498,62.640826051533736,28.84107872091124,0.0001069619282119553,4.6602370088602185e-05,6.035955812335312e-05,,126.01428571428758,0.0015465082417616361,,0.0,22,45,1,0.5,0.0,0.0,0.0,0.0,0.0,0.0,0.0,0.0,0.0,0.0,0,0,high
2026-05-14 22:40:00,81468.6,81499.9,81453.6,81474.5,25.562,2082799.2749,-0.00010554892816294625,0.0007158174467836176,0.003787487388663635,,7.24179176973557e-05,0.0005682602858596576,-0.9757797523791636,,,,81252.8662582434,81148.42083130985,81067.31757461389,0.0027260399090476284,0.0040120656808149135,0.005010904565912355,0.0003295019581465369,0.00026242795834247853,0.00020054410438539915,76.71964090743604,99.3699078077334,69.98664240277367,29.38326540495973,5.4732637305369275e-05,4.822842353195561e-05,6.504213773413668e-06,,124.44285714285797,0.0015273841158013608,,0.0,22,40,1,0.5,0.0,0.0,0.0,0.0,0.0,0.0,0.0,0.0,0.0,0.0,0,0,high
2026-05-14 22:35:00,81455.7,81479.3,81434.2,81468.6,43.824,3569635.0073,-7.241791769629913e-05,0.0007048142541457025,0.0022684747176064946,0.005348850248125814,0.00015835575205140083,0.0005536680649807498,0.5390747388111996,,,,81273.41232888689,81160.97687714084,81071.31043456799,0.0024008960874120078,0.003785151772406792,0.004889347477586625,0.00029122387473293345,0.0002492967475174284,0.00019782806436468575,75.76574369027199,103.94689129339531,76.778692180898,27.168199112497305,1.583144854335638e-05,4.174902853423576e-05,-2.5917579990879382e-05,,116.39285714285818,0.0014286836541054857,,0.0,22,35,1,0.5,0.0,0.0,0.0,0.0,0.0,0.0,0.0,0.0,0.0,0.0,0,0,high
2026-05-14 22:30:00,81401.5,81500.0,81394.1,81455.7,58.723,4783839.4711,-0.00015835575205258579,-0.00033632259791183117,0.00048504377703473267,0.005017742431874694,0.0006656138261134452,0.0013002314377199885,0.2926498603987482,,,,81290.7730594691,81172.53464666473,81075.13520636334,0.002028965065324684,0.0034845687254385638,0.0046839171810013625,0.00024840676742002684,0.00023331037498527103,0.0001942839467883945,69.66162706983337,105.31920722896757,82.48679519051191,22.832412038455658,-2.16825459458259e-05,2.906271363822343e-05,-5.074525958404933e-05,,110.5714285714296,0.0013574424941585378,,0.0,22,30,1,0.5,0.0,0.0,0.0,0.0,0.0,0.0,0.0,0.0,0.0,0.0,0,0,high
2026-05-14 22:25:00,81400.5,81416.7,81378.0,81401.5,29.05,2364776.7489,-0.0006656138261131872,-0.0008963874958620721,-0.00011915532402007045,0.002692761866255111,1.2284861365484056e-05,0.0004754454626471725,-0.7038129896215501,,,,81301.31848237681,81181.51368012886,81078.3826172453,0.001233508264048666,0.0027084076483703257,0.0039783202369285675,0.00016135718708353025,0.00019805844553042953,0.00018572775004310513,61.93418594625667,100.8705179223034,86.16353973687022,14.706978185433186,-9.129178917784489e-05,4.991813075009766e-06,-9.628360225285466e-05,,107.6071428571439,0.0013219307120525285,,0.0,22,25,1,0.5,0.0,0.0,0.0,0.0,0.0,0.0,0.0,0.0,0.0,0.0,0,0,high
2026-05-14 22:20:00,81365.1,81414.9,81365.1,81400.5,27.347,2225778.3555,-1.2284861364619815e-05,-0.0008362544395303928,-0.0010142212853896382,0.002030302740214651,0.0004349813542685322,0.0006118687990376105,-0.06041164966012591,,,,81310.76434119805,81190.10137894734,81081.58776533241,0.001104916411952317,0.0025903924816326196,0.003926572336999001,0.00014481984913608737,0.00018980968839729036,0.00018375747530272976,58.74321179208648,96.1557839307934,88.16198857565486,7.993795355138545,-9.267117299304134e-05,-1.4540784138600456e-05,-7.813038885444089e-05,,104.2999999999998,0.0012813189108174987,,0.0,22,20,1,0.5,0.0,0.0,0.0,0.0,0.0,0.0,0.0,0.0,0.0,0.0,0,0,high
2026-05-14 22:15:00,81465.0,81465.0,81359.2,81365.1,51.631,4202763.7808,-0.000434981354269226,-0.001112880041747033,-0.001343653711495918,0.0009504903487069782,-0.001227046013414776,0.0012995613046477407,0.635515433650351,0.6179774944687717,,,81315.93916584586,81196.96406996902,81084.40878259279,0.0006061317188557069,0.002070885200799566,0.0034568487838964046,8.96006869070099e-05,0.0001653080788809564,0.00017760087003335708,53.02463361396963,88.54217998952663,88.23802685842922,0.30415313109740794,-0.0001264151834162204,-3.691566399412445e-05,-8.949951942209594e-05,0.006735161497874106,104.17857142857143,0.00128038399053859,83.54835,0.0,22,15,1,0.5,0.0,0.0,0.0,0.0,0.0,0.0,0.0,0.0,0.0,0.0,0,1,high
2026-05-14 22:10:00,81407.1,81465.0,81376.9,81465.0,55.575,4525397.2715,0.0012270460134153893,0.0007797797977815435,-4.4189780384229493e-05,0.0017040226788758162,0.0007109873629558977,0.001082031204445217,0.07361119256211524,0.722297784238637,,,81330.13543576532,81207.47528291141,81088.19575988041,0.0016585893768166216,0.003168600578362657,0.004637288878930335,0.00019792881324114128,0.00020694486062740474,0.00018804311026601414,65.32066508313483,89.53730875361362,88.49788323746611,1.039425516147503,-1.882878979097858e-05,-3.3298289153495275e-05,1.4469499362516696e-05,0.006161966425918157,98.59285714285632,0.0012102480469263648,76.94195,0.0,22,10,1,0.5,0.0,0.0,0.0,0.0,0.0,0.0,0.0,0.0,0.0,0.0,0,0,high
2026-05-14 22:05:00,81365.0,81424.3,81348.9,81407.1,60.463,4921098.7959,-0.0007109873629556063,8.107729619055704e-05,-0.00059682139128725,0.001825831029579561,0.0005172876793846111,0.0009264425027334697,0.08429814785323586,0.9043698069746395,,,81337.46539426385,81215.3037031894,81091.36893639903,0.0008573542030170245,0.002361236226567698,0.0038872338391975347,0.00011136536788907008,0.0001709475185261102,0.00017909753341803782,65.4275092936803,84.67779643199174,87.73386587637124,-3.056069444379503,-8.892383575189727e-05,-4.442339847317567e-05,-4.45004372787216e-05,0.005291962570443545,102.6428571428561,0.0012608587843425953,66.85650000000001,0.0,22,5,1,0.5,0.0,0.0,0.0,0.0,0.0,0.0,0.0,0.0,0.0,0.0,0,0,high
2026-05-14 22:00:00,81347.8,81386.8,81289.3,81365.0,101.899,8287966.2616,-0.0005172876793864134,-1.229028926630349e-06,-0.0004484952445604762,0.0020348840654520473,0.00021141545181526658,0.001198701120504825,0.5219505189343403,1.456697838019043,,,81340.0877376673,81221.17414620159,81094.09163354928,0.0003076792356662139,0.001771636839448476,0.0033364143572249816,5.14936491009288e-05,0.0001439579029216975,0.0001721683273204811,60.55164487860888,76.54709251696477,85.49651120448996,-8.949418687525196,-0.00012737640314878517,-6.101399940829757e-05,-6.63624037404876e-05,0.004946212394429903,107.36428571428509,0.0013195389382939236,69.95205,0.0,22,0,1,0.5,0.0,0.0,0.0,0.0,0.0,0.0,0.0,0.0,0.0,0.0,0,1,high
2026-05-14 21:55:00,81420.0,81420.0,81320.0,81347.8,72.538,5902038.6974,-0.00021141545181357912,-0.0014396904941555988,-0.0006476258350094355,0.0015956609291318813,-0.0008871534140703798,0.0012289543146868816,-0.3398715641584804,1.0223682699104097,,,81340.82223884184,81226.1398659584,81096.616094907,8.709580443877485e-05,0.0014990362351774422,0.0030939043889386397,2.64546871090709e-05,0.00013002169293207882,0.0001683515732992467,63.699561734925474,67.9324715861876,81.9837032808295,-14.0512316946419,-0.0001316514118368469,-7.514148189400744e-05,-5.650992994283946e-05,0.004752129155271022,103.1785714285704,0.0012683633906334332,70.95095,0.0,21,55,1,0.5,0.0,0.0,0.0,0.0,0.0,0.0,0.0,0.0,0.0,0.0,0,1,high
2026-05-14 21:50:00,81391.5,81420.0,81350.0,81420.0,54.576,4441356.8548,0.0008871534140695303,0.00015845028286953777,0.0006745089333293208,0.003118342610497038,0.00035009812318046346,0.00086010940978592,-0.28451633680306676,0.759096472682764,,,81348.36297799976,81233.7422241561,81099.83384520645,0.0008814635786507097,0.0022926135845704465,0.003941445287555467,0.00010842599443863846,0.00015971313297668475,0.00017550383042133906,61.03179753406889,66.16850964228797,78.82066455312119,-12.652154910833218,-4.5865353424147514e-05,-6.928625620003546e-05,2.3420902775887943e-05,0.004717951640406066,90.49285714285568,0.0011114327823981292,71.896,0.0,21,50,1,0.5,0.0,0.0,0.0,0.0,0.0,0.0,0.0,0.0,0.0,0.0,0,0,high
2026-05-14 21:45:00,81419.7,81428.4,81357.9,81391.5,38.087,3100037.9545,-0.0003500981231798761,0.0003256398390760751,-0.0009026352032659446,0.0013216497339563205,-0.0003464135180135797,0.0008661663101585477,-0.35972120911718797,0.5526695359183686,,,81352.4712658093,81239.92880360095,81102.73599600041,0.00048075922161672224,0.00186633838447392,0.0035556123667195294,6.475703085592277e-05,0.0001397205346960353,0.00017027396023625236,47.59118392822341,61.7589268128213,75.40831700506122,-13.64939019223992,-7.682950033524287e-05,-7.079490502707694e-05,-6.034595308165939e-06,0.004701122830528006,85.76428571428447,0.001053725336359257,68.9146,0.0,21,45,1,0.5,0.0,0.0,0.0,0.0,0.0,0.0,0.0,0.0,0.0,0.0,0,1,high
2026-05-14 21:40:00,81439.9,81457.3,81400.3,81419.7,109.375,8905796.8501,0.00034641351801312226,0.0008834688089027765,0.00015476567770278393,4.298806345026662e-05,-0.00024806643395400627,0.0006999980636763506,1.054909328118677,1.5785276936898578,,,81358.8740023989,81246.97865444013,81105.88986668696,0.0007483943834749596,0.0021259773180748454,0.003863199756526825,9.158145820422749e-05,0.00014782614188494066,0.0001720265926519426,50.793058406419114,59.849892666519736,72.29663213735293,-12.446739470833194,-4.46514275312722e-05,-6.556620952791599e-05,2.0914781996643787e-05,0.004546210638852348,85.32857142856976,0.0010480089146554183,69.28925000000001,0.0,21,40,1,0.5,0.0,0.0,0.0,0.0,0.0,0.0,0.0,0.0,0.0,0.0,0,1,high
2026-05-14 21:35:00,81409.6,81490.0,81389.4,81439.9,105.952,8630294.4514,0.0002480664339543637,0.00024438182878760983,0.000920119791043561,0.0003524692224630144,0.0003721227311061109,0.0012352699333625134,-0.03179618331294343,1.5120145447487918,,,81366.59076407518,81254.54419740327,81109.21335060052,0.0009015597871986358,0.002280943997048368,0.004070358069181879,0.00010648478922804998,0.0001517571337308004,0.00017278320798828513,45.539033457247704,59.28355659557565,69.69401702899748,-10.410460433421832,-2.6777189988332647e-05,-5.7808405619999326e-05,3.103121563166668e-05,0.004090716622523784,83.82142857142753,0.0010292427737684789,70.0734,0.0,21,35,1,0.5,0.0,0.0,0.0,0.0,0.0,0.0,0.0,0.0,0.0,0.0,0,0,high
2026-05-14 21:30:00,81377.9,81467.3,81371.5,81409.6,93.921,7647870.1502,-0.00037212273110753813,0.0002223572208599478,0.000759412511749602,-0.0009024346086494717,0.0003894647979814354,0.0011766238888088012,-0.1205321579822769,1.3561874672400174,,,81370.6868817823,81260.62481711296,81112.20227248508,0.0004790144793211937,0.0018339655300199098,0.0036614369765022303,6.090312062466064e-05,0.0001312128253057675,0.0001673612583455406,43.585688871318574,55.747155895034666,66.90464480220493,-11.157488907170261,-6.19417841121832e-05,-5.8635081318436106e-05,-3.3067027937470995e-06,0.003576007374779127,87.35714285714286,0.0010730570210041917,69.25370000000001,0.0,21,30,1,0.5,0.0,0.0,0.0,0.0,0.0,0.0,0.0,0.0,0.0,0.0,0,0,high
2026-05-14 21:25:00,81298.6,81421.4,81290.8,81377.9,101.531,8259631.5191,-0.0003894647979798549,-0.0005135210951330293,-0.0005172057002997832,-0.0011863504784663803,0.0009749411412377584,0.0016052887004884863,0.07791016718769317,1.5198341416681636,,,81371.37384542207,81265.22384389285,81114.84603096782,8.102114026264928e-05,0.0013878536445091072,0.00323941524142235,1.8010937900421063e-05,0.00011079409498084113,0.00016182070057115859,41.470754184689234,49.81240143284958,63.48619612833386,-13.673794695484276,-9.016991550829443e-05,-6.494204815640778e-05,-2.522786735188665e-05,0.0023780663617615047,93.46428571428467,0.0011485217204460262,66.804,0.0,21,25,1,0.5,0.0,0.0,0.0,0.0,0.0,0.0,0.0,0.0,0.0,0.0,0,0,high
2026-05-14 21:20:00,81250.3,81324.2,81228.5,81298.6,78.24,6360096.0107,-0.0009749411412389719,-0.001736528670326365,-0.001142048718358879,-0.002088873702009053,0.0005942827225717114,0.0011774644291571105,-0.2605831448436895,1.188238805018122,,,81364.44300300092,81266.5327127598,81116.67442866963,-0.0008087847627891165,0.00039671985608258353,0.0022419420195838313,-7.655592677952112e-05,6.821624258006415e-05,0.00015050963746857023,36.86674469152305,38.26907641055004,58.4427721847771,-20.173695774227056,-0.00015796306104434198,-8.354625073399462e-05,-7.441681031034736e-05,0.002283119241457639,96.57142857142753,0.0011878609050023927,65.84535,0.0,21,20,1,0.5,0.0,0.0,0.0,0.0,0.0,0.0,0.0,0.0,0.0,0.0,0,0,high
2026-05-14 21:15:00,81283.5,81312.8,81221.8,81250.3,107.597,8743132.6832,-0.0005942827225720038,-0.0019586886617908306,-0.002082744958944005,-0.002524800672528471,-0.00040853041597185114,0.0011197616939223056,0.31861174057154606,1.560043786836401,,,81353.57224081036,81265.89613578883,81118.00403634457,-0.001269442010565669,-0.00018981530309858385,0.001631264677140365,-0.00012586324066451944,4.223589100547325e-05,0.00014309876821443518,37.234042553191045,24.93605451087933,51.74142864999755,-26.80537413911822,-0.00017891128627385935,-0.00010261925784196756,-7.629202843189179e-05,0.002883414871145768,97.52142857142773,0.001200259304537063,68.9705,0.0,21,15,1,0.5,0.0,0.0,0.0,0.0,0.0,0.0,0.0,0.0,0.0,0.0,0,1,high
2026-05-14 21:10:00,81359.9,81360.0,81275.1,81283.5,73.225,5955060.5592,0.00040853041597266326,-0.0011606934478383124,-0.0019222809769257054,-0.0014506564304426206,-0.0009394787076431578,0.0010440551604432374,-0.3848558735843115,1.0792681758488596,,,81346.89869406652,81266.58648340496,81119.6507623511,-0.0007789200141541386,0.00021013804962422,0.0020194986245236635,-7.496860669907347e-05,5.660038218065718e-05,0.00014573987913740264,40.63100576553439,16.854216218998772,44.763986163797796,-27.909769944799024,-0.0001132883487062558,-0.0001047530760148252,-8.535272691430592e-06,0.003163267750266608,101.7999999999998,0.0012524067000067639,67.8469,0.0,21,10,1,0.5,0.0,0.0,0.0,0.0,0.0,0.0,0.0,0.0,0.0,0.0,0,1,high
2026-05-14 21:05:00,81336.6,81383.6,81327.4,81359.9,69.129,5623866.0523,0.0009394787076431044,0.0007537264010437639,-0.0006106795381750629,-0.0004988928614348964,0.00028642288136849413,0.0006907953639874832,-0.05756256836103191,1.0179165025455643,,,81348.13691367922,81270.24583699691,81122.0413020292,0.00014526738934605987,0.0011045337471777827,0.002929534771645592,2.1645423238276796e-05,9.122306161055707e-05,0.00015363777792850415,49.609257589419,16.42480768582027,39.09615046820229,-22.67134278238202,-1.8228481490619472e-05,-8.744815710998406e-05,6.921967561936459e-05,0.003019973321892135,101.39285714285714,0.0012462264228797865,67.91225,0.0,21,5,1,0.5,0.0,0.0,0.0,0.0,0.0,0.0,0.0,0.0,0.0,0.0,0,0,high
2026-05-14 21:00:00,81375.0,81436.0,81313.3,81336.6,152.01,12369506.111,-0.0002864228813681535,0.0010615862422476141,-0.0005076376215633616,-0.0003503343885338239,-0.0004720007757640445,0.0015078408724018258,0.7879719838031631,2.047696055682892,,,81347.03815999549,81272.84796103626,81124.17621444682,-0.00012771211182993625,0.0007860280867575398,0.002616812269478075,-7.694415295668949e-06,7.641341678786255e-05,0.0001492590649006767,39.09646739130409,14.042509744598647,34.08542232348156,-20.042912578882913,-4.13363649152712e-05,-7.82257986710415e-05,3.6889433755770294e-05,0.0029083656847767297,103.02142857142879,0.0012666060367833027,74.23465,0.0,21,0,1,0.5,0.0,0.0,0.0,0.0,0.0,0.0,0.0,0.0,0.0,0.0,0,1,high
2026-05-14 20:55:00,81354.5,81375.0,81318.6,81375.0,126.395,10281374.4252,0.00047200077576370347,0.0011250566020386543,0.0009393042954393138,-0.0011053796261855098,0.00025195186009230455,0.0006933278538221626,-0.18453438418759305,1.612938215897258,,,81349.70119237687,81276.85392334856,81126.67197350705,0.0003114992673687311,0.0012086943973237396,0.0030580785870792937,3.799084099569985e-05,9.192664655162101e-05,0.0001524704252077715,47.180748287369745,15.079256260796683,30.284189110944585,-15.204932850147902,1.5312701775317916e-06,-6.227438490132684e-05,6.380565507885863e-05,0.002735833283116953,98.75714285714223,0.001213605442176863,78.36319999999999,0.0,20,55,1,0.5,0.0,0.0,0.0,0.0,0.0,0.0,0.0,0.0,0.0,0.0,0,0,high
2026-05-14 20:50:00,81305.1,81430.6,81305.1,81354.5,227.025,18477655.3302,-0.00025195186009163706,-6.637396569608711e-05,0.0012816351579196805,-0.0006463441233215406,0.000607403455053347,0.0015423785300908708,0.585648219607557,2.6161494290623346,,,81350.15822167431,81279.89886753098,81128.9389190443,5.3876225630133945e-05,0.0009192232220449625,0.00277820506801163,1.0377250415953479e-05,7.844121491855206e-05,0.00014844632286648387,49.041446047106,14.08435103832744,27.04422149642116,-12.959870458093718,-2.265163362343356e-05,-5.434983464574819e-05,3.169820102231463e-05,0.0025954114973055836,99.30714285714203,0.0012206717865286129,86.7783,0.0,20,50,1,0.5,0.0,0.0,0.0,0.0,0.0,0.0,0.0,0.0,0.0,0.0,0,0,high
2026-05-14 20:45:00,81204.9,81310.3,81204.8,81305.1,128.815,10469356.7958,-0.0006074034550547225,-0.00038735453938265607,0.0002657012868922948,-0.0007364598989898496,0.0012331550390451882,0.001298341075014168,-0.566682877059205,1.4037249956547346,,,81345.86696246723,81280.88714723565,81130.69176562098,-0.0005008103504327011,0.0002995915408341432,0.00214920159690557,-4.845900724792042e-05,5.154534550783541e-05,0.00014092542955383507,46.318330746680395,9.203620724001667,23.476101341937262,-14.272480617935596,-6.969532783921171e-05,-5.74189332844409e-05,-1.2276394554770815e-05,0.002678055772326966,102.85714285714182,0.0012650761496774718,91.76655000000001,0.0,20,45,1,0.5,0.0,0.0,0.0,0.0,0.0,0.0,0.0,0.0,0.0,0.0,0,0,high
2026-05-14 20:40:00,81127.1,81214.0,81118.5,81204.9,219.52,17818546.9873,-0.001233155039043865,-0.0020925103541902246,-0.0019069324597946746,-0.0017581994862201356,0.0009585295068961206,0.0011765975515361966,0.5330660780208332,2.165421128638957,,,81332.44153747035,81277.90725910876,81131.43015601282,-0.0015688258285742052,-0.0008969531649469786,0.0009069316667371652,-0.00016128720075229608,1.164938270513826e-06,0.00012725298708022613,32.307945385752745,-2.71836024276854,18.2372090249961,-20.95556926776464,-0.00015567617954769642,-7.7070382537092e-05,-7.860579701060442e-05,0.0031955568899346355,111.02857142857101,0.0013672644314391253,101.3752,0.0,20,40,1,0.5,0.0,0.0,0.0,0.0,0.0,0.0,0.0,0.0,0.0,0.0,0,0,high
2026-05-14 20:35:00,81185.0,81185.0,81102.8,81127.1,153.87,12487009.7907,-0.0009585295068958999,-0.0027990880009944874,-0.002579039085322421,-0.0036038824071855657,-0.0007134403714314037,0.0010130152362588577,-0.35533525446823333,1.444963077704681,,,81312.88520056842,81271.99324894763,81131.38706988335,-0.002286654827329926,-0.0017827186454972832,-5.108442881329722e-05,-0.0002372150394326393,-3.6470138010522005e-05,0.00011644918117001594,29.884357881922327,-18.234232963251998,10.942920627346481,-29.17715359059848,-0.00019935855732974625,-0.00010152801749562285,-9.78305398341234e-05,0.004084598195503281,113.28571428571324,0.0013963979272735402,106.48715,0.0,20,35,1,0.5,0.0,0.0,0.0,0.0,0.0,0.0,0.0,0.0,0.0,0.0,0,1,high
2026-05-14 20:30:00,81234.9,81261.3,81162.2,81185.0,140.701,11427095.7686,0.0007134403714310622,-0.0014782441745087027,-0.0023375994896550623,-0.0025403439125746274,-0.0006144567453865156,0.001220266923161824,-0.08947101865366047,1.270513064203797,,,81300.70565765713,81268.58174898892,81131.92053187457,-0.00142338450771895,-0.001027345792731893,0.0006557653362229132,-0.00014667642887419155,-7.061882738303016e-06,0.00012238939201838456,32.91599941767258,-25.56394255379564,3.641547991118057,-29.205490544913697,-9.793423558498778e-05,-0.00010080926111349585,2.8750255285080612e-06,0.004213722141669501,118.17142857142711,0.0014555820480560092,110.74345000000001,0.0,20,30,1,0.5,0.0,0.0,0.0,0.0,0.0,0.0,0.0,0.0,0.0,0.0,0,1,high
2026-05-14 20:25:00,81257.9,81272.5,81179.3,81234.9,121.351,9855439.4052,0.0006144567453851835,0.0003693676099203458,-0.0014711908841782417,-0.0022723006852025662,-0.00028308946800848596,0.0011474173905777962,-0.14794989865068242,1.0664671140196427,,,81294.43845216598,81267.26089608739,81132.94520319921,-0.0007318870230630381,-0.0003966973200011381,0.0012575830559189427,-7.418755513520346e-05,1.7311396795951356e-05,0.00012728558458919849,35.6963438459381,-27.034638756595086,-2.4936893584245716,-24.540949398170515,-2.5250805690788544e-05,-8.56975700289544e-05,6.044676433816585e-05,0.004253758561178617,117.64285714285506,0.0014481812268231397,113.78785,0.0,20,25,1,0.5,0.0,0.0,0.0,0.0,0.0,0.0,0.0,0.0,0.0,0.0,0,0,high
2026-05-14 20:20:00,81251.4,81270.0,81156.2,81257.9,242.559,19701685.3413,0.00028308946800947865,0.0016109865848257243,-0.0005806979611140406,-0.0022372776511474513,7.999542184319333e-05,0.0014012519977760804,0.6925578069892717,2.0075922326320335,,,81290.95859957875,81266.89380212317,81134.18853451067,-0.00040605493076206756,-0.00010915264211064368,0.0015253424490637713,-4.016117197856707e-05,2.7734066255305366e-05,0.0001288358719864152,39.306358381501454,-26.04404873024032,-7.203761232787722,-18.8402874974526,5.548803076015473e-06,-6.744829540796042e-05,7.299709848397589e-05,0.004286655441239045,118.92857142856936,0.0014635939573699218,120.82085,0.0,20,20,1,0.5,0.0,0.0,0.0,0.0,0.0,0.0,0.0,0.0,0.0,0.0,0,1,high
2026-05-14 20:15:00,81291.3,81362.3,81251.4,81251.4,139.648,11353801.8446,-7.999542184400354e-05,0.0008175507915506586,0.0005724616560858209,-0.0019451503418839167,-0.0004909479269316247,0.0013639689299648685,-0.5521200089836649,1.1245941759441311,,,81287.19111390458,81266.2862020399,81135.35481774936,-0.00043975984283406433,-0.000181730492819554,0.001430965464759737,-4.395491006098959e-05,2.3509380447489333e-05,0.0001267579486647195,40.754275690687784,-25.48966567563184,-10.860942121356546,-14.628723554275295,6.522796648175693e-07,-5.382818039340482e-05,5.448046005822239e-05,0.004335252648950571,117.52142857142773,0.0014463926599594314,124.17635,0.0,20,15,1,0.5,0.0,0.0,0.0,0.0,0.0,0.0,0.0,0.0,0.0,0.0,0,1,high
2026-05-14 20:10:00,81486.4,81500.0,81291.3,81291.3,90.652,7379241.1414,0.0004909479269326056,0.0006940419730980807,0.0020219390899143264,-0.0010647376169714562,-0.0023971353990696075,0.002564020489255877,-0.43209697093386623,0.7195736788692504,,,81287.58243638986,81267.26713529324,81136.90651110509,4.6313028470024165e-05,0.00029709126022581245,0.0019027898753574135,6.988217271733755e-06,4.184030383906252e-05,0.00013038172954300692,49.433845199317254,-21.58193347415363,-13.005140391915964,-8.576793082237666,4.235387712637416e-05,-3.4591768889449026e-05,7.69456460158232e-05,0.004163135525262689,124.60714285714286,0.001532847215595554,125.98015000000001,0.0,20,10,1,0.5,0.0,0.0,0.0,0.0,0.0,0.0,0.0,0.0,0.0,0.0,0,1,high
2026-05-14 20:05:00,81489.1,81542.9,81421.9,81486.4,152.574,12433235.2658,0.0023971353990699384,0.0028080879041585405,0.0037056341175532026,0.002307338923337454,-3.3133814594882944e-05,0.0014849835330762438,0.5206217244187012,1.158457000330285,,,81306.51744244798,81275.86058096802,81140.38405825828,0.002210739053488453,0.002588570711871796,0.004257139948313338,0.0002346212822048961,0.00013420481737752826,0.00015293649242387192,64.91471888818725,-2.7108392026275396,-10.946280154058279,8.23544095143074,0.00022660394269123995,1.7647373426688774e-05,0.00020895656926455118,0.00452155195347996,136.0785714285708,0.001669954390285628,131.7045,0.0,20,5,1,0.5,0.0,0.0,0.0,0.0,0.0,0.0,0.0,0.0,0.0,0.0,0,0,high
2026-05-14 20:00:00,81374.5,81518.9,81374.5,81489.1,224.275,18267045.6259,3.313381459335574e-05,0.0029212171405958998,0.003124311186761375,0.0029347554605028137,0.0014073128546103542,0.001772939085617004,0.3852232531899613,1.631690184394996,,,81323.90625745294,81284.22291112613,81143.85386862388,0.0020301706901690864,0.0025188925842503096,0.004247584471732679,0.0002154319995752256,0.00013024124864089405,0.00015174442597779713,63.50854139290497,12.320483536634129,-6.292927415919797,18.613410952553927,0.0001797957030736582,5.0077039356082665e-05,0.00012971866371757552,0.004787567467249971,138.55714285714203,0.0017003150465171662,137.4495,0.0,20,0,1,0.5,0.0,0.0,0.0,0.0,0.0,0.0,0.0,0.0,0.0,0.0,0,0,high
2026-05-14 19:55:00,81426.7,81426.8,81318.2,81374.5,235.401,19151422.1239,-0.0014073128546101543,0.0010229563590531399,0.001433908864141742,0.001118912189919996,-0.0006412729364261123,0.00133460341171238,0.04841746546016612,1.6356156930892058,,,81328.72470912409,81287.76318912118,81146.14885500573,0.0005635380416961766,0.0010679883676925073,0.002812010207996707,6.088487060518943e-05,6.994500929771568e-05,0.00013623141821075284,50.91341341341379,14.814876183780143,-2.0713666959798096,16.88624287975995,2.6166200381840806e-05,4.52948715612343e-05,-1.9128671179393493e-05,0.004623327838896706,143.6142857142851,0.001764856136926004,143.92194999999998,0.0,19,55,1,0.5,0.0,0.0,0.0,0.0,0.0,0.0,0.0,0.0,0.0,0.0,0,0,high
2026-05-14 19:50:00,81354.6,81435.0,81319.2,81426.7,147.996,12042563.8814,0.0006412729364271286,-0.00073290610358967,0.002155177222412874,0.0008207064187040203,0.0008858511968502817,0.0014230049920765007,-0.46410519653366133,1.0093455649316594,,,81338.05568920751,81293.21169150858,81148.94040868727,0.0010900670754452335,0.001642231449055842,0.0034189221181097906,0.00011615992449299316,9.235002604788875e-05,0.00014125670694922426,55.440164231372556,20.764444483575062,2.495795539931165,18.268648943643896,6.892296422020771e-05,5.0020490093028984e-05,1.8902474127178724e-05,0.004672502066850589,143.12142857142837,0.0017576719745664305,146.6257,0.0,19,50,1,0.5,0.0,0.0,0.0,0.0,0.0,0.0,0.0,0.0,0.0,0.0,0,0,high
2026-05-14 19:45:00,81388.6,81398.4,81327.0,81354.6,64.621,5258197.728,-0.0008858511968501404,-0.001651891115033166,0.0007783780986301281,0.00022127810322203345,-0.0004178362044579085,0.000877552054959733,-0.8286458110101247,0.44633865680528134,,,81339.63133785441,81295.6190761553,81150.98677277994,0.00018476674730116827,0.0007267182815304807,0.0025078662354758308,2.0730293888885206e-05,5.3989193777377805e-05,0.00013103672780694203,48.81643072638695,19.437588371074526,5.884154106159837,13.553434264914689,-2.0185461800001597e-05,3.597929971442287e-05,-5.616476151442447e-05,0.004638592182813545,146.21428571428572,0.0017972466918193405,144.7802,0.0,19,45,1,0.5,0.0,0.0,0.0,0.0,0.0,0.0,0.0,0.0,0.0,0.0,0,1,high
2026-05-14 19:40:00,81332.0,81412.9,81328.6,81388.6,147.367,11991138.2253,0.0004178362044573447,0.00017325794403433292,-0.0012009210959824657,0.00016711353191567468,0.0006956710125536238,0.0010359989005861655,0.8243866387314922,0.9941340377929734,,,81344.29501996351,81299.2653868943,81153.35108349855,0.0005452121944493626,0.001099669996341035,0.0028965909728704275,5.854990441921468e-05,6.82577040001216e-05,0.00013389045394276693,51.94790357591719,20.888768472432275,8.885076979414325,12.00369149301795,1.4228133437183686e-05,3.162906645897503e-05,-1.7400933021791347e-05,0.004709414900095977,143.27142857142775,0.0017603377938854795,148.23655,0.0,19,40,1,0.5,0.0,0.0,0.0,0.0,0.0,0.0,0.0,0.0,0.0,0.0,0,0,high
2026-05-14 19:35:00,81424.9,81424.9,81295.6,81332.0,301.142,24492136.3412,-0.0006956710125542998,-0.0011636860049470954,-0.0019297259231301211,-0.000276605620546988,-0.0011415799894071333,0.0015892284895121763,0.7146558402088594,1.907002427906871,,,81343.12406568127,81300.54909721218,81155.12868465777,-0.00013612940685625574,0.00038815588638385634,0.002179020259218234,-1.3280659102072408e-05,3.8299715115634495e-05,0.00012563611099254736,51.52407932011299,17.272584580656257,10.562578499662713,6.710006080993544,-4.779857858517766e-05,1.5743537450144496e-05,-6.354211603532215e-05,0.004647451434117032,141.81428571428427,0.0017436468513535174,157.91379999999998,0.0,19,35,1,0.5,0.0,0.0,0.0,0.0,0.0,0.0,0.0,0.0,0.0,0.0,0,1,high
2026-05-14 19:30:00,81291.6,81432.4,81274.0,81424.9,196.989,16027070.8652,0.0011415799894081147,0.0008637451813111596,0.0006191669208881478,0.0014723778239158491,0.0016384328549335083,0.001947066004066981,-0.4244340246865166,1.2004058451450927,,,81350.9122499021,81305.42560320385,81157.81297635272,0.0009096933842140942,0.0014697462336048517,0.0032875594501327043,9.670606932746921e-05,8.156560822514352e-05,0.00013574500530514006,62.568555758683985,21.653379712966853,12.780738742323543,8.87264097064331,5.0711041252825086e-05,2.2737038210680614e-05,2.797400304214447e-05,0.004760771435313606,139.7999999999977,0.0017169195172483812,164.102,0.0,19,30,1,0.5,0.0,0.0,0.0,0.0,0.0,0.0,0.0,0.0,0.0,0.0,0,0,high
2026-05-14 19:25:00,81394.5,81409.4,81267.0,81291.6,538.302,43782150.5435,-0.0016384328549339244,-0.0011925238780801095,-0.0016605388704729052,0.0010671000080257897,-0.0012650129755671328,0.0017507153634008534,1.0052718513447818,2.8700156456058346,,,81345.26346419714,81304.88342268605,81159.14419051837,-0.0006593357116031484,-0.00016207145970881243,0.0016327173753456492,-6.85452567926635e-05,1.4114688101258502e-05,0.00011809149425798518,58.83743418932003,14.20524621590448,13.06564023703973,1.1396059788647506,-9.44543671549745e-05,-7.012428624504115e-07,-9.375312429252409e-05,0.004761998712079674,143.7857142857122,0.001768764722132572,187.56065,0.0,19,25,1,0.5,0.0,0.0,0.0,0.0,0.0,0.0,0.0,0.0,0.0,0.0,0,1,high
2026-05-14 19:20:00,81532.5,81554.3,81383.3,81394.5,160.432,13071242.5216,0.001265012975567359,0.0007681601100415492,0.0004903253019445941,0.0032906424904890486,-0.0016940106059919148,0.0020989638092189324,-1.2105495641787742,0.8534445498033718,,,81349.95265808313,81308.39779826699,81161.48603936895,0.0005479937150152381,0.0010596889073930527,0.002868897213090804,5.8460289146386257e-05,6.316952290385068e-05,0.00012950364830086454,60.735881930921586,16.4164778496488,13.735807759561546,2.680670090087254,2.450236620830457e-05,4.339478951700585e-06,2.0162887256603984e-05,0.004822587278084931,152.96428571428365,0.0018792951085673314,187.98175,0.0,19,20,1,0.5,0.0,0.0,0.0,0.0,0.0,0.0,0.0,0.0,0.0,0.0,0,1,high
2026-05-14 19:15:00,81495.3,81578.3,81427.9,81532.5,239.199,19495935.6368,0.0016940106059912807,0.0013205907266247152,0.0017664997034785301,0.004271212725049267,0.00045636389187146567,0.0018453291062427437,0.39942566468416185,1.2353919584014106,,,81367.33811921807,81317.18611990359,81165.17772056926,0.002028480099957264,0.0026457112971716157,0.004517505751229223,0.00021422698598875714,0.00012712407518178912,0.00014507088171071943,63.98759165256669,28.970388926245505,16.78272399289834,12.187664933347165,0.00015164489003149071,3.3800561167658615e-05,0.0001178443288638321,0.0053063431805182365,159.43571428571263,0.001955486637668569,193.62195000000003,0.0,19,15,1,0.5,0.0,0.0,0.0,0.0,0.0,0.0,0.0,0.0,0.0,0.0,0,1,high
2026-05-14 19:10:00,81565.7,81577.1,81475.7,81495.3,94.062,7668603.7785,-0.00045636389187109216,0.0025026596896875475,0.0020058068241617377,0.0032003920877929914,-0.0008634805916089053,0.0012437690499253024,-0.9333417021512824,0.5030758320149668,,,81379.52496500681,81324.17097794659,81168.46251936957,0.001422390854934008,0.002103490644307371,0.004020732487623135,0.00015036118809734294,0.00010424219412089183,0.0001390864561029402,61.011131725418,35.508405992775806,20.527860392873833,14.980545599901973,7.798998561868098e-05,4.2638446057863085e-05,3.5351539560817894e-05,0.0055888103842157665,158.54999999999876,0.0019455109681171645,186.9738,0.0,19,10,1,0.5,0.0,0.0,0.0,0.0,0.0,0.0,0.0,0.0,0.0,0.0,0,1,high
2026-05-14 19:05:00,81592.4,81655.3,81547.4,81565.7,131.921,10764794.9395,0.0008634805916098998,0.0021011273057300883,0.0017277074263635228,0.0037807832113934126,-0.00032728991375038295,0.0013222822382388478,0.338249119259892,0.7049731976480408,,,81397.25592072045,81333.64270430162,81172.41513111714,0.002068169404017439,0.002850619422742895,0.004835613944115025,0.00021827732176520547,0.00013401624892438234,0.0001462943579487806,63.76215080129646,45.84208425297402,25.59070516489387,20.25137908808015,0.0001246811163351208,5.9046980113314635e-05,6.563413622180618e-05,0.006079380494162791,162.05714285714097,0.001986829547924446,187.1291,0.0,19,5,1,0.5,0.0,0.0,0.0,0.0,0.0,0.0,0.0,0.0,0.0,0.0,0,0,high
2026-05-14 19:00:00,81528.2,81663.4,81495.6,81592.4,206.397,16839985.237,0.00032728991375030603,0.0007344066134891136,0.0036934301950477533,0.004188068546987722,0.00078714770930045,0.0020568900172300434,0.44759824004371307,1.1068468643843516,,,81415.84107112803,81343.79004923096,81176.59408503637,0.00216732033512379,0.0030532854409432986,0.005111531680174863,0.00022865947338283408,0.00014159560832932054,0.0001480953087527759,63.338353858421186,55.54576853942126,31.58171783979935,23.96405069962191,0.00011706857360467018,7.065129881158574e-05,4.641727479308443e-05,0.0063438677511450875,156.28571428571118,0.0019154445056857156,186.47295,0.0,19,0,1,0.5,0.0,0.0,0.0,0.0,0.0,0.0,0.0,0.0,0.0,0.0,0,0,high
2026-05-14 18:55:00,81408.8,81595.6,81408.8,81528.2,146.269,11923485.5088,-0.00078714770930155,0.0004036227960586558,0.0016412695101788444,0.0029099729107535666,0.001465597394972908,0.00229196367427145,-0.34435410641433517,0.7859998957509932,,,81426.5419214968,81351.02181200622,81180.09265135443,0.0012487276138397618,0.0021772695853030655,0.0042813552746441275,0.0001319159321747975,0.00010517430175556092,0.00013878940807561844,52.094608137903585,57.394002455694135,36.744174762978304,20.64982769271583,2.086920895867425e-05,6.069488084100345e-05,-3.98256718823292e-05,0.005864523387514125,151.65714285714057,0.0018601801935666502,186.09290000000001,0.0,18,55,1,0.5,0.0,0.0,0.0,0.0,0.0,0.0,0.0,0.0,0.0,0.0,0,0,high
2026-05-14 18:50:00,81509.4,81509.4,81370.2,81408.8,270.148,22000084.8275,-0.0014655973949722068,-0.0019254551905234507,-0.0015183384907846431,-0.0009527598832885786,-0.0012349757459383028,0.0017092384054154062,0.6135225647644855,1.4028907084741407,,,81424.85221468758,81353.2876233001,81182.36834636582,-0.00019621551626158862,0.0006837634769851775,0.0027877403883316276,-2.0228194220155268e-05,4.357541168780533e-05,0.0001228253602840978,46.39748766262871,48.66319994046353,39.12797979847535,9.535220141988177,-0.00010885983181700087,2.6783938309402586e-05,-0.00013564377012640345,0.005337822059751209,152.62857142856956,0.0018748411895098509,192.56525000000002,0.0,18,50,1,0.5,0.0,0.0,0.0,0.0,0.0,0.0,0.0,0.0,0.0,0.0,0,1,high
2026-05-14 18:45:00,81481.7,81548.6,81458.1,81509.4,177.095,14434561.9734,0.001234975745937561,-0.0010177693583361958,0.00017300114702401004,0.0002490820480556266,0.000339895862616797,0.0011103839203973468,-0.42228364521489326,0.9065409724833243,,,81432.90438471733,81359.40967728833,81185.62239267064,0.000939830683991616,0.0018434945475132025,0.003982689108056547,9.93150381758177e-05,9.029699342308986e-05,0.00013389153327567456,56.12903225806458,49.293332443456165,41.161050327471514,8.132282115984651,6.171510232659677e-06,2.2661452694054005e-05,-1.6489942461394328e-05,0.005063490606409411,150.40714285714057,0.0018452735863242838,195.35245,0.0,18,45,1,0.5,0.0,0.0,0.0,0.0,0.0,0.0,0.0,0.0,0.0,0.0,0,1,high
2026-05-14 18:40:00,81528.6,81528.6,81428.7,81481.7,113.037,9209324.352,-0.0003398958626164017,-0.0005705175116510475,-0.0010303753072022914,0.0013164990400493792,-0.0005754237774436418,0.0012260882147030923,-0.44897111300734416,0.5984709043773877,,,81437.55158617282,81364.2053762182,81188.56843851472,0.0005427981717200936,0.0014446340305873662,0.0036065465464805158,5.748542857655871e-05,7.342668534310979e-05,0.00012917723082898723,52.55576208178452,47.01559201197233,42.33195866437168,4.683633347600647,-2.9405333120004e-05,1.2248095531242404e-05,-4.1653428651246404e-05,0.004740492794695197,149.2714285714267,0.0018319626194768482,188.87635,0.0,18,40,1,0.5,0.0,0.0,0.0,0.0,0.0,0.0,0.0,0.0,0.0,0.0,0,1,high
2026-05-14 18:35:00,81490.0,81557.5,81469.2,81528.6,270.002,22008877.9949,0.0005754237774429072,0.0014705036607640665,-0.0007822414435096903,0.0012506498810651578,0.00047356560197902567,0.001083258247080206,0.8707141676323804,1.3818332748617472,,,81446.22286368017,81370.65222420964,81191.95183713647,0.0010117246206711172,0.0019408398547735572,0.004140358678908385,0.0001068128903733538,9.311284581761165e-05,0.00013361749497439935,58.27940616673044,48.436557861816254,43.5528785038606,4.883679357955657,1.6073126515774223e-05,1.3013101728148768e-05,3.060024787625455e-06,0.004369509795875688,148.4571428571414,0.001820921036999794,195.39405000000002,0.0,18,35,1,0.5,0.0,0.0,0.0,0.0,0.0,0.0,0.0,0.0,0.0,0.0,0,1,high
2026-05-14 18:30:00,81810.9,81820.0,81471.7,81490.0,1222.782,99803293.4799,-0.0004735656019789758,-0.0002380376871524703,-0.0004686593361871161,0.0016629354759363224,-0.003930173233076669,0.0042659918197520685,1.5104545032159535,4.852298933474549,,,81450.39211475826,81375.3325291426,81194.9174904983,0.0004869057788159381,0.0014097340860175223,0.003630307573676106,5.15387482445605e-05,7.089016159029451e-05,0.0001275758721191419,54.803865832859465,45.91866434973781,44.02603567303604,1.8926286767017686,-3.2158835678062854e-05,3.978714246906443e-06,-3.61375499249693e-05,0.0040129976469330175,167.3142857142853,0.002053187945935517,252.00055000000003,0.0,18,30,1,0.5,0.0,0.0,0.0,0.0,0.0,0.0,0.0,0.0,0.0,0.0,0,1,high
2026-05-14 18:25:00,81882.3,81904.4,81808.4,81810.9,250.562,20512361.5124,0.003930173233076317,0.004032031408540249,0.004927111291861408,0.005175272504555295,-0.0008723637210106367,0.001172785646612882,-1.5851774747036682,0.9753291115860473,,,81484.726199067,81392.41360643112,81201.04666969732,0.003996404820282962,0.0051304991889331575,0.007485252142007681,0.0004209325087047278,0.00022223459576621699,0.00016541266178040734,68.14427521406422,69.02152653428493,49.02513384528582,19.99639268899911,0.0002817144780568524,5.9525867008895643e-05,0.0002221886110479568,0.005602964721873958,187.67857142857142,0.0022940533770997684,256.89995000000005,0.0,18,25,1,0.5,0.0,0.0,0.0,0.0,0.0,0.0,0.0,0.0,0.0,0.0,0,0,high
2026-05-14 18:20:00,81831.8,81895.0,81807.3,81882.3,451.194,36932876.8338,0.0008723637210117374,0.004328971352109079,0.004564499266935584,0.006743307238121332,0.0006169291661707663,0.001071457253686857,0.5881910073324583,1.6820163886941049,,,81522.59037058442,81411.62483755147,81207.82530979982,0.004405076299267563,0.005767456521319048,0.008274455506171563,0.0004639259574958716,0.0002477298555797668,0.00017244700067823153,67.61670004621863,92.03121597763675,57.62635027175601,34.40486570588074,0.0002804883727208583,0.0001037183681512882,0.00017677000456957012,0.007197795937449192,182.62857142857163,0.0022303791103641646,268.2459,0.0,18,20,1,0.5,0.0,0.0,0.0,0.0,0.0,0.0,0.0,0.0,0.0,0.0,0,0,high
2026-05-14 18:15:00,81801.8,81843.3,81693.8,81831.8,361.731,29583376.0925,-0.0006169291661706211,0.004185607787917434,0.004287465963381365,0.004984798082542596,0.00036667286347213707,0.0018283318176202357,-0.2209965605511135,1.317481927605528,,,81552.03890671924,81428.10229490239,81214.0340131849,0.0034273712156576153,0.004948545890240297,0.007581332048060219,0.000360987374289539,0.00021382165864837903,0.0001645925114558549,72.22313641599499,104.98147162723762,67.09737454285234,37.88409708438529,0.00015752730918983874,0.00011448015635899831,4.304715283084043e-05,0.007968265025202625,184.81428571428634,0.002258465360828997,274.56239999999997,0.0,18,15,1,0.5,0.0,0.0,0.0,0.0,0.0,0.0,0.0,0.0,0.0,0.0,0,0,high
2026-05-14 18:10:00,81691.8,81808.1,81677.7,81801.8,399.459,32660756.3772,-0.00036667286347302763,-0.00011123830863191131,0.00334536932246543,0.006256558074003493,0.0013456186248022792,0.0015952459192615192,0.09921028998235215,1.3911861488415487,,,81575.82567750789,81442.75710686701,81219.88243096415,0.0027692032710238124,0.004402191731600169,0.007142871531007344,0.0002916863992645326,0.00019105716758479447,0.00015930628881974664,67.82494529540517,111.53815087833209,75.98552980994829,35.5526210683838,7.935857633440535e-05,0.00010745584035407972,-2.8097264019674367e-05,0.008493836787918001,177.0571428571441,0.0021644651200480197,287.13555,0.0,18,10,1,0.5,0.0,0.0,0.0,0.0,0.0,0.0,0.0,0.0,0.0,0.0,0,0,high
2026-05-14 18:05:00,81454.8,81695.0,81432.9,81691.8,218.089,17793513.9366,-0.0013456186248017588,-0.0023292206544454075,0.002473316299642647,0.0036459264736343755,0.002905364460093376,0.0032134322275983325,-0.6052078952986726,0.7397638368848707,,,81586.87085107857,81452.52349483302,81224.57812816849,0.0012880051561054984,0.0029367074947668215,0.005739568797686445,0.00013575258744869534,0.00013079537180492963,0.00014433191156978142,57.14670255720076,106.62913147814106,82.11425014358684,24.514881334554218,-6.088164348834761e-05,7.378834358559427e-05,-0.00013466998707394186,0.008403578084512564,190.2785714285731,0.002329224860127615,294.80895,0.0,18,5,1,0.5,0.0,0.0,0.0,0.0,0.0,0.0,0.0,0.0,0.0,0.0,0,0,high
2026-05-14 18:00:00,81624.3,81648.1,81425.0,81454.8,198.353,16167499.8485,-0.002905364460094262,-0.004617655948369048,-0.004362221393527932,-0.0009534485924511671,-0.002078746584163987,0.002736197928311831,-0.09485496473026611,0.6670506031024867,,,81574.29267478538,81452.61276954545,81226.86889306233,-0.0014633250845612622,3.0113896057670786e-05,0.002806003299406612,-0.00015387760755539582,1.1730280357902514e-05,0.00011398667404078598,48.45925587765349,82.66190395402373,82.22378090567423,0.438123048349496,-0.0002944868208829167,1.3331069189207476e-07,-0.00029462013157480877,0.008273465427877047,202.09285714285838,0.002481042948271414,297.35825,0.0,18,0,1,0.5,0.0,0.0,0.0,0.0,0.0,0.0,0.0,0.0,0.0,0.0,0,1,high
2026-05-14 17:55:00,81689.9,81718.9,81611.8,81624.3,138.151,11284959.9557,0.0020787465841642927,-0.002172236500731728,-0.0031558385303753766,0.0015816618835842178,-0.0008033594571458373,0.0013114499031730991,-0.36170098177329635,0.4776861830228482,,,81579.05527718678,81459.3456021123,81230.82343143983,0.0005568099282129424,0.002026160069233285,0.004836145407116632,5.8753267846479274e-05,9.278974325227076e-05,0.0001335365238927612,52.073015423800975,76.46351311373292,81.07172734728597,-4.608214233553056,-7.656194128387196e-05,-1.5205739703260732e-05,-6.135620158061123e-05,0.00789856007086321,209.52857142857206,0.002566987667013035,289.2087,0.0,17,55,1,0.5,0.0,0.0,0.0,0.0,0.0,0.0,0.0,0.0,0.0,0.0,0,0,high
2026-05-14 17:50:00,81707.4,81731.4,81613.8,81689.9,139.22,11369722.3171,0.0008033594571461578,-2.3258418783811408e-05,-0.0017355499070585978,0.0015215407491204758,-0.00021420182667541458,0.0014398956359699586,0.007708125888425954,0.48623874839449877,,,81589.6119174547,81468.38695104906,81235.39135749516,0.0012306294438957366,0.002718557976324476,0.0055833903880007085,0.0001296681430178772,0.00012065522222850162,0.00014020142870125273,53.356744474282195,75.96889336007007,80.0511605498428,-4.082267189772736,-6.690858382547122e-06,-1.3502763439118012e-05,6.81190505657089e-06,0.007827806844577264,205.94285714285797,0.002521032063239862,286.32025000000004,0.0,17,50,1,0.5,0.0,0.0,0.0,0.0,0.0,0.0,0.0,0.0,0.0,0.0,0,0,high
2026-05-14 17:45:00,81593.6,81748.9,81593.5,81707.4,410.592,33541367.7983,0.00021420182667597487,0.0030963078679864253,-0.0011546752169095953,0.0014084526620461446,0.0013937455180509006,0.001902752094802438,1.0815446049720867,1.4667418032237869,,,81600.82983007807,81477.76001179223,81240.08796090317,0.0013072282924220247,0.0028177496146479797,0.005739904729953338,0.00013771897003293413,0.0001243237165205594,0.00014093775106916042,56.3745019920318,76.11163978258264,79.26325639639077,-3.1516166138081303,1.1293626380494404e-06,-1.0576338223684521e-05,1.1705700861733962e-05,0.007186852856366515,203.70000000000022,0.002493042245867574,279.93475,0.0,17,45,1,0.5,0.0,0.0,0.0,0.0,0.0,0.0,0.0,0.0,0.0,0.0,0,0,high
2026-05-14 17:40:00,81523.8,81633.1,81446.0,81593.6,178.769,14579026.5506,-0.0013937455180510483,-0.00037618423422891567,-0.0012028021101588848,0.0008018548532966463,0.0008558253657837104,0.0022945930176531404,-0.8315055510809728,0.6365247696648336,,,81600.14127483255,81482.30275642783,81243.6054936305,-7.827748985533844e-05,0.0013681607986892885,0.004302913846609968,-8.134790736968932e-06,6.479158967461401e-05,0.0001256672707794071,56.60000000000017,66.2780463553936,76.66621438819135,-10.38816803279775,-0.00012102585765324629,-3.266624210959688e-05,-8.83596155436494e-05,0.006782168203619724,211.0857142857141,0.0025870376388064022,280.8516,0.0,17,40,1,0.5,0.0,0.0,0.0,0.0,0.0,0.0,0.0,0.0,0.0,0.0,0,0,high
2026-05-14 17:35:00,81530.3,81676.0,81500.1,81523.8,339.18,27670312.9342,-0.000855825365784213,-0.0020353690571592864,0.000846736984151164,0.00141162688248464,-7.972813935302324e-05,0.002155953820858976,0.6404364702836194,1.186563682818283,,,81592.87067722945,81483.93009931302,81246.39349866901,-0.0008451406789120597,0.0004922438473009549,0.003412789092955393,-8.886722645575408e-05,2.868896397034629e-05,0.00011590117489320192,50.525854513584896,52.25026750097459,71.78302501074799,-19.532757509773404,-0.0001724412932259584,-6.062125233286919e-05,-0.0001118200408930892,0.0067956029317023875,213.6642857142849,0.0026208823155236247,285.85065,0.0,17,35,1,0.5,0.0,0.0,0.0,0.0,0.0,0.0,0.0,0.0,0.0,0.0,0,0,high
2026-05-14 17:30:00,81414.5,81530.3,81377.1,81530.3,287.666,23431930.416,7.972813935275269e-05,-0.0021698427444825086,-0.001152281460660376,0.0002563792758998318,0.0014213404722950725,0.001880823647815148,-0.16473085499972395,0.9733873807083084,,,81586.91156511237,81485.74852679094,81249.21843898077,-0.0006925161072217634,0.0005495417126670787,0.0034577658170604764,-7.281052495018201e-05,3.069050025985242e-05,0.0001155412441913069,51.802670623145616,41.182916347213904,65.66300327804117,-24.48008693082727,-0.00013612785010845685,-7.572257188798672e-05,-6.040527822047013e-05,0.006730878502709658,217.4714285714269,0.00266736941445606,295.53085,0.0,17,30,1,0.5,0.0,0.0,0.0,0.0,0.0,0.0,0.0,0.0,0.0,0.0,0,0,high
2026-05-14 17:25:00,81393.9,81437.5,81283.7,81414.5,469.195,38179653.035,-0.0014213404722944745,-0.0021974376987259348,-0.003376981390101008,-0.000825065333778241,0.00025305819736494493,0.0018903504374279247,0.4892183753705224,1.5019308115330439,,,81570.49141605405,81482.9544669168,81250.86303162773,-0.0019125369052765961,-0.0008376105729759331,0.0020161624060115457,-0.0002012419485067813,-2.6251890820709418e-05,0.00010024888880338868,45.973604347519014,22.804986909395666,57.09140000431208,-34.28641309491641,-0.00022586919731180615,-0.00010575189697275062,-0.00012011730033905553,0.007060053499233783,228.77857142856996,0.0028100469993498694,312.39455,0.0,17,25,1,0.5,0.0,0.0,0.0,0.0,0.0,0.0,0.0,0.0,0.0,0.0,0,0,high
2026-05-14 17:20:00,81377.0,81463.4,81211.0,81393.9,934.255,76008644.3318,-0.0002530581973658741,-0.0015946705303075959,-0.003844241414142857,-0.0016535473085870223,0.00020765382584618714,0.003103133652733835,0.6887309599517595,2.678579748210551,,,81553.67318595367,81479.46213488084,81252.28628504436,-0.001959347950011292,-0.0010478974460141899,0.0017455608831866698,-0.0002061768293505044,-3.5146255783264895e-05,9.673339540866966e-05,46.56515833869447,6.503133510443149,46.9737467055383,-40.47061319509515,-0.00020040905484363812,-0.00012468332854692813,-7.572572629670999e-05,0.0074306471600638305,221.92857142856934,0.002726599553880197,348.78745,0.0,17,20,1,0.5,0.0,0.0,0.0,0.0,0.0,0.0,0.0,0.0,0.0,0.0,0,1,high
2026-05-14 17:15:00,81666.8,81667.0,81377.0,81377.0,924.273,75339328.3474,-0.00020765382584464476,-0.0018820524955049933,-0.0026581497219364536,-0.0013876355324526912,-0.003554876728671423,0.003557325701266054,-0.010741937688772296,2.3840661419057327,,,81536.8471682438,81475.44401194435,81253.52721753149,-0.0019606206543461013,-0.0012063139670814849,0.001522604499557545,-0.00020631749568327966,-4.1911258530769986e-05,9.370466683898495e-05,30.18540505982297,-7.691231785152922,36.040751007400054,-43.73198279255298,-0.00017455578475613048,-0.0001346578197887686,-3.9897964967361877e-05,0.007779693272926905,213.04285714285547,0.0026179738395720594,387.68764999999996,0.0,17,15,1,0.5,0.0,0.0,0.0,0.0,0.0,0.0,0.0,0.0,0.0,0.0,0,1,high
2026-05-14 17:10:00,81879.9,81961.2,81646.9,81666.8,704.996,57698025.3037,0.0035548767286712746,0.0030941647054607557,0.001752552372519034,-0.001762932036857734,-0.002605984964534551,0.003842112788264932,-0.2708153535117317,1.7218960845692688,,,81549.22362841105,81482.94816833868,81257.63938452123,0.001442422162483581,0.0022564622611351837,0.005026959026951161,0.00015189147806477313,9.913925077127098e-05,0.0001281441898422913,41.79547704256446,4.39342482695065,29.711285771310173,-25.317860944359524,0.00014783375353314264,-7.815950512438636e-05,0.000225993258657529,0.00753998366830195,248.5071428571412,0.003042939638349258,409.43005,0.0,17,10,1,0.5,0.0,0.0,0.0,0.0,0.0,0.0,0.0,0.0,0.0,0.0,0,1,high
2026-05-14 17:05:00,81955.2,81999.0,81824.8,81879.9,835.499,68438678.337,0.002605984964533903,0.005953207867360533,0.004278809197700184,-2.931079333556852e-05,-0.0009192170090795432,0.002126675924441319,0.16983702210933327,1.8887725281041434,,,81580.71661618142,81498.51490683522,81263.83103243644,0.003662844543491417,0.004671763020741793,0.007556994300026432,0.00038561466725230923,0.00019744692582078594,0.00015279932192877502,51.629514194728365,30.810823314197478,29.931193279887637,0.8796300343098409,0.0003230383649849123,2.0800688974733592e-06,0.00032095829608743895,0.008049989352803752,258.7714285714267,0.0031603779263461086,442.3502500000001,0.0,17,5,1,0.5,0.0,0.0,0.0,0.0,0.0,0.0,0.0,0.0,0.0,0.0,0,0,high
2026-05-14 17:00:00,81834.5,81975.6,81710.9,81955.2,1609.497,131730588.5218,0.000919217009078821,0.007080078702283998,0.0066193666790734795,0.0015068353819138736,0.0014738414179744218,0.003234234108935015,0.6556478356575859,3.1121041159804763,,,81616.38170035461,81516.42412617501,81270.71032564604,0.004145674738040839,0.005371725911004432,0.008391870898069698,0.0004364339379024532,0.00022575163496815987,0.00016042536856708395,55.04207204838272,57.16393240461184,35.37774110483248,21.78619129977936,0.0003220685984223901,6.607777480245672e-05,0.00025599082361993337,0.008676186856522189,266.6714285714271,0.0032538683155117322,517.17325,0.0,17,0,1,0.5,0.0,0.0,0.0,0.0,0.0,0.0,0.0,0.0,0.0,0.0,0,0,high
2026-05-14 16:55:00,81119.3,81876.8,81107.5,81834.5,1723.134,140604341.9461,-0.001473841417974242,0.0020513605556384817,0.0053985834584651116,0.00039966682741265913,0.008778004469665762,0.009440243179376594,0.06822301802874708,2.9214086062277116,,,81637.15487174942,81528.89768985442,81276.32017315205,0.0024173730038690167,0.0037450262776168586,0.0068491933658645365,0.0002545029516284822,0.00015910092700963433,0.00014416400750697127,54.65761472680981,67.53102434263565,41.80839775239311,25.722626590242534,0.00012673926464498573,7.821007277096253e-05,4.85291918740232e-05,0.008813610830770794,300.8714285714263,0.0036765841860269973,589.82985,0.0,16,55,1,0.5,0.0,0.0,0.0,0.0,0.0,0.0,0.0,0.0,0.0,0.0,0,0,high
2026-05-14 16:50:00,81324.5,81371.7,81018.8,81119.3,920.968,74755504.0007,-0.008778004469665035,-0.009332628878560456,-0.0031717671853552787,-0.007032719017450617,-0.0025264135552760564,0.004346320203927126,-0.6264747140238462,1.6024104152292389,,,81587.83536015423,81512.83503535032,81274.75778336945,-0.005754857040482619,-0.00483560649824355,-0.0019096189535154906,-0.0006057358503994718,-0.000191373794428588,5.5386211714214995e-05,41.65464404755973,17.83081404515542,37.01288101094558,-19.182066965790156,-0.000610409137904041,-5.9513769364038174e-05,-0.0005508953685400028,0.01048432272028673,340.07857142856875,0.0041923262580984885,574.7391500000001,0.0,16,50,1,0.5,0.0,0.0,0.0,0.0,0.0,0.0,0.0,0.0,0.0,0.0,0,1,high
2026-05-14 16:45:00,81451.5,81483.5,81309.3,81324.5,314.285,25577636.2263,0.0025264135552767186,-0.0077254323323625584,-0.004200230358749835,-0.0016009410020796366,-0.001560426915143481,0.0021401446070036375,-1.0751250732478894,0.5438159568373282,,,81562.75580204431,81505.44934768953,81275.25273079862,-0.002920972677090461,-0.0022186363569680623,0.0006106573420403549,-0.00030743590700173934,-8.479389836171323e-05,7.99735484660807e-05,42.672793039397625,-4.942066547402646,28.621891499275936,-33.56395804667858,-0.0002792138941746878,-0.0001034537943261681,-0.0001757600998485197,0.010829738181661773,347.2285714285691,0.004269667460956651,577.9253000000001,0.0,16,45,1,0.5,0.0,0.0,0.0,0.0,0.0,0.0,0.0,0.0,0.0,0.0,0,0,high
2026-05-14 16:40:00,81407.3,81588.0,81407.3,81451.5,451.043,36768072.9361,0.0015604269151427985,-0.004691163999245518,-0.005245788408140939,-0.002119260671101131,0.0005428015076279191,0.0022172427552112415,0.3612624610772297,0.7804622716640907,,,81552.16001137342,81503.33368699583,81277.00643496978,-0.0012309699750954195,-0.0006323973068518285,0.0021494814287521535,-0.0001295442096546405,-2.0275435087026498e-05,9.47044277364958e-05,44.34320425208817,-12.596693033890915,20.378174592642566,-32.97486762653348,-9.360727970596674e-05,-0.00010148449140212783,7.877211696161095e-06,0.010511943948152821,357.64999999999833,0.004390956581523954,577.91775,0.0,16,40,1,0.5,0.0,0.0,0.0,0.0,0.0,0.0,0.0,0.0,0.0,0.0,0,0,high
2026-05-14 16:35:00,81402.0,81435.6,81280.8,81407.3,373.738,30406574.8543,-0.0005428015076276438,0.0035440389627918734,-0.006707806924847404,-0.0034654216358749323,6.510684588512221e-05,0.0019026975363432522,-0.1880076614724251,0.6460264596734311,,,81538.36381981404,81499.56766005482,81278.30288835317,-0.0016048408653208668,-0.0011291125864616447,0.0015906930562366028,-0.0001689020475568313,-4.07666536180311e-05,8.836108509605662e-05,42.96827405220502,-21.97628138618893,11.907283396876268,-33.8835647830652,-0.00011490114791066827,-0.00010416782270383593,-1.0733325206832336e-05,0.010324774496890033,358.7428571428557,0.004406765205858144,578.5181,0.0,16,35,1,0.5,0.0,0.0,0.0,0.0,0.0,0.0,0.0,0.0,0.0,0.0,0,0,high
2026-05-14 16:30:00,81506.9,81537.8,81371.1,81402.0,522.42,42566394.4522,-6.510684588612037e-05,0.0009525185616290344,-0.005299072352759282,-0.0037447303084370276,-0.001287836508603883,0.0020465432911645843,0.33491684490253615,0.8935355672634715,,,81525.37678935556,81495.74147730757,81279.53370538449,-0.0015109050720436557,-0.0011473872977472155,0.0015104062480570946,-0.00015901679025485884,-4.172117096187774e-05,8.683404100668172e-05,45.27007010960782,-29.49731178887305,3.6263643597264057,-33.12367614859946,-9.216826653143061e-05,-0.00010176791146935487,9.59964493792426e-06,0.010130387031230955,351.9785714285702,0.0043239548343845385,584.66615,0.0,16,30,1,0.5,0.0,0.0,0.0,0.0,0.0,0.0,0.0,0.0,0.0,0.0,0,0,high
2026-05-14 16:25:00,81437.1,81546.4,81400.0,81506.9,782.496,63760300.3813,0.001287836508604201,0.0006799281550904368,0.004766768625509954,-0.0010631482817817783,0.0008567361089626764,0.001796910387617258,0.4040169485115772,1.2767388415310175,,,81523.61709513122,81496.17906643277,81281.79605657469,-0.00020182393835099788,0.00013494139866665478,0.0027703995451524577,-2.1221237982567442e-05,1.0418345883850831e-05,9.878431431610978e-05,49.58990536277581,-26.685614106769208,-2.436031333572717,-24.24958277319649,3.4619851335079596e-05,-7.449035890846798e-05,0.00010911021024354758,0.010010959925755031,349.8714285714273,0.004292537546777357,612.8865000000001,0.0,16,25,1,0.5,0.0,0.0,0.0,0.0,0.0,0.0,0.0,0.0,0.0,0.0,0,0,high
2026-05-14 16:20:00,81408.7,81494.1,81377.1,81437.1,750.57,61121072.7769,-0.0008567361089628633,0.00036599355375521725,0.001383618961270372,-0.0010640590249604287,0.0003487962267118003,0.0014367183409412171,-0.04165589270355863,1.171854965520154,,,81515.37737178539,81493.86224029816,81283.34136944459,-0.0009577448047135562,-0.0006934890353829104,0.001894622008963509,-0.0001007940828378337,-2.3587711168961492e-05,8.927664841283642e-05,47.80581975703931,-29.74669866799377,-7.898164800456928,-21.84853386753684,-3.751627482995694e-05,-6.709554209276578e-05,2.9579267262808844e-05,0.010032648747515652,348.1999999999981,0.004275692528343937,640.49735,0.0,16,20,1,0.5,0.0,0.0,0.0,0.0,0.0,0.0,0.0,0.0,0.0,0.0,0,0,high
2026-05-14 16:15:00,81507.6,81524.4,81265.6,81408.7,995.06,80967801.03,-0.00034879622671191157,8.230417292942604e-05,-0.0005256041805843381,-0.001492583391025093,-0.001214120528749505,0.00317955916248242,0.2819701189714694,1.4561651926383068,,,81505.21762209154,81490.52254460019,81284.58871900235,-0.0011821085522427666,-0.0010014113302485583,0.0015304444311841081,-0.0001244133346353649,-3.6340986288292866e-05,8.491771433199316e-05,49.85759182871727,-34.071517641394166,-13.132835368644376,-20.93868227274979,-5.308622609217508e-05,-6.429367889264764e-05,1.1207452800472562e-05,0.010088526349804458,349.07142857142543,0.004287888500509472,683.3428,0.0,16,15,1,0.5,0.0,0.0,0.0,0.0,0.0,0.0,0.0,0.0,0.0,0.0,0,0,high
2026-05-14 16:10:00,81424.5,81547.2,81416.7,81507.6,546.509,44531409.6197,0.001214120528750584,8.588193075809158e-06,0.0012313178557938897,0.0011428776100199656,0.0010200569096645662,0.0016015820423427912,-0.5992522609315785,0.7766141389050631,,,81505.44451522568,81491.19224873351,81286.80773672373,2.8963216839983374e-05,0.00020436766130593753,0.0027172558558543614,3.0660809252016535e-06,1.269672018381995e-05,9.615356323168064e-05,52.688324585047816,-29.182170482206857,-16.342702391356873,-12.839468090849984,5.9997185475370795e-05,-3.943550601904396e-05,9.943269149441475e-05,0.009923208280182692,340.9357142857116,0.004182870238918966,703.70725,0.0,16,10,1,0.5,0.0,0.0,0.0,0.0,0.0,0.0,0.0,0.0,0.0,0.0,0,0,high
2026-05-14 16:05:00,81285.3,81444.4,81285.3,81424.5,369.072,30037786.422,-0.0010200569096650014,-0.0001547326076263289,0.0002763677920150087,0.00037587889772083827,0.0017110221260196667,0.0019553904504698134,-0.3925590289585541,0.5260199000543376,,,81497.73551377562,81488.57686643024,81288.17780899513,-0.0008967038173182118,-0.000783701434698969,0.0016803113944856563,-9.437420389291292e-05,-2.780342216319265e-05,8.504699136206193e-05,51.08899995414737,-31.647984867639025,-19.403758886613304,-12.244225981025721,-3.0313409500306636e-05,-3.76110867152965e-05,7.297677214989864e-06,0.009739171171097957,336.0999999999975,0.0041277502471614505,701.63125,0.0,16,5,1,0.5,0.0,0.0,0.0,0.0,0.0,0.0,0.0,0.0,0.0,0.0,0,0,high
2026-05-14 16:00:00,81244.0,81462.0,81244.0,81285.3,1353.665,110139866.8219,-0.0017110221260203673,-0.0015169585069347846,-0.0027224908426095595,-0.0011274894024548843,0.0005082160679819211,0.0026796815169598544,1.2995792608356593,1.7802572819067615,,,81477.5035600827,81480.60522460946,81288.14917407975,-0.0023593710915914556,-0.002396891264220713,-3.040515211694128e-05,-0.0002483406726669562,-9.381199878504264e-05,6.717565686074423e-05,40.60483672363684,-44.32350343323196,-24.387707795937036,-19.935795637294927,-0.00015584385405375482,-6.125764018298816e-05,-9.458621387076666e-05,0.00998199037919111,309.94285714285485,0.003813024706101286,760.3760500000001,0.0,16,0,1,0.5,0.0,0.0,0.0,0.0,0.0,0.0,0.0,0.0,0.0,0.0,0,0,high
2026-05-14 15:55:00,81243.7,81295.5,81223.0,81244.0,399.039,32426133.2486,-0.0005082160679812375,-0.0032392951036666062,-0.0023739708016279337,-0.005190582199107396,3.6925871927320204e-06,0.0008922061772581306,-1.2215118513194971,0.522734090590527,,,81455.2651257891,81471.32658835028,81287.70987881528,-0.0025944836205660238,-0.00279118155446767,-0.0005332618049731508,-0.0002730907103159354,-0.00011006313875352087,6.145036606629665e-05,32.89211729889712,-57.04394101673097,-30.918954440095824,-26.124986576635145,-0.00015646757830129783,-8.02996278066501e-05,-7.616795049464773e-05,0.01033870219065422,291.39285714285506,0.003586638485831016,763.3689999999999,0.0,15,55,1,0.5,0.0,0.0,0.0,0.0,0.0,0.0,0.0,0.0,0.0,0.0,0,0,high
2026-05-14 15:50:00,81033.3,81267.0,81023.6,81243.7,956.427,77628809.8049,-3.6925871924609055e-06,-0.0022229307811940657,-0.002028867162108483,-0.00780025975083376,0.0025930984415156086,0.002999559832749418,0.8741453095773357,1.2003244700206908,,,81435.11606619012,81462.40005547379,81287.27196957334,-0.0023507308546388828,-0.002685271234144082,-0.0005316115623941187,-0.0002474337462089378,-0.00010589174457465579,6.080217747665727e-05,30.05326604990188,-66.38395404064795,-38.011954360206246,-28.371999680441704,-0.00011492625748301685,-8.722495374192345e-05,-2.770130374109339e-05,0.010633123803988752,289.87142857142527,0.0035679250030639332,796.80705,0.0,15,50,1,0.5,0.0,0.0,0.0,0.0,0.0,0.0,0.0,0.0,0.0,0.0,0,0,high
2026-05-14 15:45:00,80974.9,81033.3,80954.2,81033.3,229.295,18573862.627,-0.002593098441515451,-0.0031050070966891496,-0.005836086132374518,-0.011312575201428032,0.0007209511929589739,0.0009766186438710113,-1.4281950819203022,0.2921654936363426,,,81396.8478694101,81445.57260231794,81284.74488529898,-0.004472988410805456,-0.005071374786417948,-0.003093618362079553,-0.00047083038385717715,-0.00020342926210174583,3.439520614340246e-05,28.614136237454673,-89.72916134951811,-48.355395758068624,-41.373765591449484,-0.00028763222804166196,-0.00012730640860187116,-0.0001603258194397908,0.011638420960353441,249.99999999999687,0.0030851514130610116,784.81205,0.0,15,45,1,0.5,0.0,0.0,0.0,0.0,0.0,0.0,0.0,0.0,0.0,0.0,0,0,high
2026-05-14 15:40:00,80806.7,80974.9,80806.7,80974.9,225.517,18243173.0229,-0.0007209511929584522,-0.0033177422216663643,-0.005536980415667969,-0.010559684976412242,0.0020793472261820102,0.0020793472261820102,-0.01661384000332422,0.30094005652576017,,,81356.66235803772,81427.11485320744,81281.66185161441,-0.004699278689120234,-0.005565175940969169,-0.003776613639068671,-0.0004946514132953938,-0.00022372423978240098,2.6879321575224804e-05,44.064452482735625,-111.6557008496311,-61.01545677638112,-50.64024407324998,-0.0002703202338304504,-0.000155909173647587,-0.00011441106018286339,0.012734274028580373,207.92142857142608,0.002567726895265398,749.37515,0.0,15,40,1,0.5,0.0,0.0,0.0,0.0,0.0,0.0,0.0,0.0,0.0,0.0,0,0,high
2026-05-14 15:35:00,80889.2,80923.0,80757.7,80806.7,393.464,31807038.878,-0.0020793472261821933,-0.005393396860656097,-0.005905305515829795,-0.0038610277329294007,-0.0010204341255261988,0.0020447716715048694,0.5565940328862968,0.5443346867548002,,,81304.28499060556,81402.78485896402,81276.93586304113,-0.006133042494797181,-0.007344737944910307,-0.005797692597935722,-0.0006455748240465175,-0.0002964937686608242,5.921843488086319e-06,28.048160081397356,-140.97984774174984,-77.00833496945486,-63.97151277229497,-0.00036203820986139006,-0.00019713498089034764,-0.00016490322897104242,0.014435762694047468,197.42142857142608,0.0024431319255881763,722.8347,0.0,15,35,1,0.5,0.0,0.0,0.0,0.0,0.0,0.0,0.0,0.0,0.0,0.0,0,1,high
2026-05-14 15:30:00,80950.0,81032.3,80836.0,80889.2,299.085,24208143.06,0.0010204341255253269,-0.0017798642936153186,-0.004376655322323231,-0.0053670071626807925,-0.0007513631167278464,0.00242542976273073,-0.27426176308713046,0.4257200470607225,,,81264.75308673838,81382.64427625955,81273.07779475217,-0.004625693286483212,-0.006076291904900444,-0.0047297235622387745,-0.00048690730503967523,-0.0002448495375162693,1.6016493060596174e-05,25.226892237201582,-155.76680217015382,-92.76002840959467,-63.006773760559156,-0.00018249522616125408,-0.00019420702994452893,1.1711803783274853e-05,0.015100646770440524,194.71428571428365,0.0024071728452535524,702.5391500000001,0.0,15,30,1,0.5,0.0,0.0,0.0,0.0,0.0,0.0,0.0,0.0,0.0,0.0,0,1,high
2026-05-14 15:25:00,80984.8,80995.0,80915.7,80950.0,209.2,16935790.218,0.0007513631167288537,-0.0003075499839280127,-0.003621599618401916,-0.006176070961094737,-0.0004298026185319206,0.000979552387097861,-0.3574370817362045,0.31166933492564786,,,81234.77660228711,81365.67783405329,81269.86309032678,-0.0035053463440650745,-0.005116108051382184,-0.003938774769435938,-0.00036897678868076775,-0.00020578237460469584,2.3333374888141026e-05,30.14329135909695,-160.72676017336198,-106.35337476234814,-54.37338541101384,-6.121228264022502e-05,-0.00016760808048366815,0.00010639579784344313,0.014457162913755463,190.07857142856977,0.0023480984734844937,671.2241999999999,0.0,15,25,1,0.5,0.0,0.0,0.0,0.0,0.0,0.0,0.0,0.0,0.0,0.0,0,0,high
2026-05-14 15:20:00,80969.6,81100.0,80889.7,80984.8,576.126,46669911.1253,0.00042980261853209356,0.002201599860786274,-0.0005986985583543714,-0.005203466834935,0.00018770715762742534,0.002596462838648075,1.01303565458283,0.9299019385909885,,,81210.96930683119,81350.74144840415,81267.02664166682,-0.002782634799292083,-0.004502528749208423,-0.00347405700512482,-0.0002929025594224,-0.00018085747291305703,2.7377844974150506e-05,32.337002540220496,-160.00505478930427,-117.08371076773938,-42.92134402156489,8.855992714004637e-06,-0.0001323152658441336,0.00014117125855813825,0.01279576826845669,193.1928571428559,0.002385544659526922,619.55565,0.0,15,20,1,0.5,0.0,0.0,0.0,0.0,0.0,0.0,0.0,0.0,0.0,0.0,0,0,high
2026-05-14 15:15:00,80945.0,80969.6,80858.8,80969.6,419.266,33921934.99,-0.00018770715762883583,0.0009934585776321114,-6.545452302475496e-05,-0.005326067146677715,0.0003038638910794271,0.0013693519470458135,-0.3178208234114832,0.7563033016768368,,,81187.98175379964,81335.79472493731,81264.0671725955,-0.002687452246739497,-0.004506305086962925,-0.0036253286984475608,-0.0002828839497277748,-0.00018112608799995033,2.5237695694518804e-05,25.38257124530469,-158.82873228281096,-125.4327150707537,-33.39601721205726,1.4391827526116037e-05,-0.00010297384717008368,0.00011736567469619972,0.011320692962192814,191.73571428571344,0.00236799631325477,554.36225,0.0,15,15,1,0.5,0.0,0.0,0.0,0.0,0.0,0.0,0.0,0.0,0.0,0.0,0,0,high
2026-05-14 15:10:00,80849.9,80947.2,80832.0,80945.0,413.565,33454761.1065,-0.00030386389107839307,-6.176843017513534e-05,0.0017100288120790452,-0.0069177675463603094,0.0011755625294979184,0.0014241635447710245,-0.013690866572593663,0.7817980646591888,,,81164.84063439016,81320.46944160643,81260.89237485825,-0.002706428886597223,-0.004621534900470792,-0.0038900961458505634,-0.00028488203938021467,-0.0001859393351794971,2.1963053040061973e-05,26.47930408182826,-158.05949120470905,-131.9580702975448,-26.101420907164254,9.298946405428179e-06,-8.051928845498132e-05,8.98182348604095e-05,0.01167426400632975,192.29285714285757,0.002375598951669128,528.9920999999999,0.0,15,10,1,0.5,0.0,0.0,0.0,0.0,0.0,0.0,0.0,0.0,0.0,0.0,0,0,high
2026-05-14 15:05:00,80980.9,81050.0,80743.3,80849.9,1081.282,87443647.2003,-0.001175562529498464,-0.0016671335782056929,-0.0004859678429447456,-0.00723659396689591,-0.0016189752335583234,0.0037912616575200716,0.9610879563943557,1.9058735212511606,,,81134.84628825776,81302.01573801402,81256.8028984915,-0.0035122779478946597,-0.0055697602758542075,-0.005015254111414791,-0.00036970875272480984,-0.00022474808789788795,1.0047375601867685e-05,24.892163910856098,-163.24188647167466,-138.2148335323708,-25.02705293930387,-6.433438684121811e-05,-7.728230813222869e-05,1.2947921291010572e-05,0.012239314656868552,195.71428571428675,0.0024207115372348854,567.34195,0.0,15,5,1,0.5,0.0,0.0,0.0,0.0,0.0,0.0,0.0,0.0,0.0,0.0,0,1,high
2026-05-14 15:00:00,80922.1,81119.2,80922.0,80980.9,1399.462,113393436.7418,0.0016189752335584728,0.0001395488129816158,0.00038164427388487354,-0.005268822506625526,0.0007263608776270352,0.0024339500985293993,0.25794050284851,2.2764255943226246,,,81120.18473699511,81289.42296397426,81254.05759601895,-0.0017129881701141159,-0.003795852295539248,-0.003362485058177711,-0.0001803102778406877,-0.00015244521254665814,2.6056608019346343e-05,26.997991090924927,-154.991718815043,-141.57021058890524,-13.421508226137746,0.00010163492446969749,-4.149886161184345e-05,0.00014313378608154094,0.012035385742299681,205.0571428571441,0.00253216675607636,614.7629,0.0,15,0,1,0.5,0.0,0.0,0.0,0.0,0.0,0.0,0.0,0.0,0.0,0.0,0,0,high
2026-05-14 14:55:00,80805.8,80975.9,80805.7,80922.1,1155.535,93478502.1036,-0.000726360877626675,-0.00028294817356666613,-0.000774519222273895,-0.007209303913002785,0.0014382183908521514,0.002104071943796925,-0.19152443685889775,1.767270994883787,,,81101.31952394797,81275.01814185762,81250.75453536204,-0.0022070300908119123,-0.004344871480101986,-0.004048160901618303,-0.00023231509686792457,-0.00017495170921646272,1.8569866868639664e-05,27.58343744422669,-151.45222314314742,-143.5466130997537,-7.905610043393722,4.3417288570662884e-05,-2.4515631575342187e-05,6.793292014600507e-05,0.011965245310059935,201.69285714285797,0.002492432316299972,653.85275,0.0,14,55,1,0.5,0.0,0.0,0.0,0.0,0.0,0.0,0.0,0.0,0.0,0.0,0,0,high
2026-05-14 14:50:00,80644.5,80830.0,80644.5,80805.8,1457.265,117691042.0001,-0.0014382183908523416,-0.0005456040349205438,-0.002025030455497401,-0.007627465394190125,0.0019981387915246926,0.0022975774082273,0.23199795105997634,2.080039109613971,,,81073.1748073815,81256.61743041224,81246.32712704998,-0.003298081959600907,-0.005556302032877269,-0.005431788453739372,-0.0003471630296283452,-0.0002244915790845364,4.074461319177166e-06,28.158877653275255,-156.23065561511612,-146.08342160282618,-10.147234012289942,-5.947595757416853e-05,-3.1507696775107455e-05,-2.7968260799061072e-05,0.012093366262792423,205.95000000000124,0.0025487031871474727,700.595,0.0,14,50,1,0.5,0.0,0.0,0.0,0.0,0.0,0.0,0.0,0.0,0.0,0.0,0,0,high
2026-05-14 14:45:00,80299.2,80687.7,80299.2,80644.5,2107.075,169671645.3517,-0.0019981387915244397,-0.004162718060003456,-0.0037193053559434475,-0.007914582059694197,0.004290948074536872,0.004826489039483456,0.3687393385708164,2.747794979538654,,,81032.34863524992,81232.61282529803,81240.33879742761,-0.004791818774828371,-0.007258188243053354,-0.007355997620933863,-0.0005043988164755923,-0.0002940463717292385,-1.584805860961504e-05,25.383920505871956,-171.06127187532547,-151.07899165732604,-19.98228021799943,-0.00018407855038998257,-6.202186749808248e-05,-0.00012205668289190009,0.012202025005015575,236.95714285714453,0.002938292665428449,766.82395,0.0,14,45,1,0.5,0.0,0.0,0.0,0.0,0.0,0.0,0.0,0.0,0.0,0.0,0,0,high
2026-05-14 14:40:00,80213.7,80334.5,80201.7,80299.2,559.181,44899931.2208,-0.004290948074537226,-0.007727305256914008,-0.00683469090098221,-0.011697314066250186,0.0010653350364542985,0.0016544558833701778,-1.3265827955720741,0.7384320594991512,,,80962.5249557023,81196.00840077654,81230.97423227908,-0.008217741435139203,-0.011096229011018366,-0.011531055688550396,-0.000865022555338605,-0.00045078761497661056,-5.838636722581018e-05,19.779868176873592,-208.27658351080026,-162.5185100280209,-45.758073482779366,-0.00046250606818812215,-0.00014211870763609043,-0.0003203873605520317,0.014085082237427377,251.2000000000023,0.0031283001574113106,757.2545,0.0,14,40,1,0.5,0.0,0.0,0.0,0.0,0.0,0.0,0.0,0.0,0.0,0.0,0,0,high
2026-05-14 14:35:00,80088.2,80249.1,80049.4,80213.7,382.192,30646869.6526,-0.0010653350364542291,-0.007354421902515895,-0.009519001170994912,-0.012758956515511954,0.0015657958594486536,0.002491602894760482,-0.3805501130946043,0.5259925151157201,,,80891.20829325446,81157.48650270687,81220.85210061462,-0.008398973950487942,-0.011684639967180388,-0.01247105350386235,-0.0008840999344924739,-0.00047488751385808587,-6.840575696937654e-05,21.498122131033668,-241.8808694530162,-178.39098191301997,-63.48988753999623,-0.00041806270082462324,-0.000197307506273797,-0.00022075519455082624,0.015814605534964565,248.3642857142882,0.0030962826264626644,726.6111,0.0,14,35,1,0.5,0.0,0.0,0.0,0.0,0.0,0.0,0.0,0.0,0.0,0.0,0,0,high
2026-05-14 14:30:00,80102.1,80128.0,80041.5,80088.2,231.865,18568651.2637,-0.0015657958594488264,-0.006922078970440282,-0.010358436152817063,-0.01173165393344533,-0.0001735435920264696,0.0010801058679641234,-0.49976779439052255,0.3261666649551703,,,80814.73131294451,81115.55369867916,81209.58193045924,-0.009015744113753499,-0.012730810892252364,-0.013897179220393241,-0.0009490233559168884,-0.0005176682332930168,-8.330516097414718e-05,20.539570735597323,-275.46393257635646,-197.80557204568726,-77.6583605306692,-0.00041840095215108495,-0.0002415261954492546,-0.00017687475670183036,0.017108389010585288,244.4785714285733,0.0030526166330192626,710.8788999999999,0.0,14,30,1,0.5,0.0,0.0,0.0,0.0,0.0,0.0,0.0,0.0,0.0,0.0,0,0,high
2026-05-14 14:25:00,80167.4,80194.9,80035.5,80102.1,454.074,36370499.8238,0.00017354359202670366,-0.002457587303876352,-0.008746674169938018,-0.010837159148460174,-0.0008148774859021015,0.0019896355820625427,0.6721048746066423,0.6349539733390759,,,80746.86166409266,81075.81041637801,81198.56220975817,-0.00800008618632475,-0.012064825445316174,-0.013587082040025678,-0.0008421122180174987,-0.0004905618872020474,-8.074945198906409e-05,23.91529690507994,-297.52742724478594,-217.749943085507,-79.77748415927894,-0.0002751471363814491,-0.0002482503836356935,-2.6896752745755588e-05,0.017914767209194014,240.35000000000167,0.003000545553737064,715.129,0.0,14,25,1,0.5,0.0,0.0,0.0,0.0,0.0,0.0,0.0,0.0,0.0,0.0,0,0,high
2026-05-14 14:20:00,80181.2,80209.9,80093.1,80167.4,496.051,39768272.3737,0.0008148774859026986,-0.0005773747815194241,-0.00593365789251088,-0.007942934436375282,-0.00017212498311894252,0.0014572406089618482,0.08841856366596978,0.7378984818555882,,,80691.67483894098,81040.18647848083,81188.30188926306,-0.00650090310990592,-0.010808773529632276,-0.012645117941644912,-0.0006843036747870038,-0.00043936818629597895,-7.183774116427043e-05,22.9338533073347,-306.21389825570805,-235.44273411954723,-70.77116413616082,-0.00010861512239084068,-0.00022032333138672296,0.00011170820899588228,0.018383137684554747,232.57857142857185,0.0029011614624968735,672.2483,0.0,14,20,1,0.5,0.0,0.0,0.0,0.0,0.0,0.0,0.0,0.0,0.0,0.0,0,0,high
2026-05-14 14:15:00,79928.6,80225.9,79912.7,80181.2,1101.098,88188262.6281,0.00017212498311813818,0.0011605460610475404,-0.001470584834855515,-0.00879124357878247,0.0031553372695111146,0.003911616554026583,0.79738439873275,1.5566495429251026,,,80643.05818761326,81006.50073422668,81178.28097494204,-0.005726037352808078,-0.01021952507410262,-0.012348883575855396,-0.0006027390407007997,-0.0004153880620052293,-6.941025137041561e-05,20.118159203980184,-308.42906616163964,-250.04000052796573,-58.38906563367391,-2.8177247009037354e-05,-0.00018189411451118584,0.0001537168675021485,0.01851868553228653,247.39285714285714,0.003085422232928132,707.3512499999999,0.0,14,15,1,0.5,0.0,0.0,0.0,0.0,0.0,0.0,0.0,0.0,0.0,0.0,0,0,high
2026-05-14 14:10:00,79725.7,79946.2,79717.4,79928.6,348.191,27806063.6895,-0.003155337269511449,-0.0021683348004906122,-0.003560587067912735,-0.012697943965022773,0.0025417431191715,0.0028660277811071054,-1.151311962966644,0.5143606270841505,,,80575.01455069771,80964.23011719818,81165.84633837546,-0.008035529420194365,-0.012850357937981727,-0.01534994999118311,-0.0008458436339208616,-0.0005228370505348849,-0.00010011599284445575,14.891636750432156,-326.80016276985407,-265.3920329763434,-61.40812979351068,-0.0002302735956004802,-0.00019157001072904472,-3.8703584871435475e-05,0.019286583004412362,265.5,0.003321714630307549,676.9394500000001,0.0,14,10,1,0.5,0.0,0.0,0.0,0.0,0.0,0.0,0.0,0.0,0.0,0.0,0,0,high
2026-05-14 14:05:00,79759.9,79777.5,79515.5,79725.7,529.698,42165931.7188,-0.0025417431191705475,-0.005524955405563858,-0.004536534327634456,-0.015669489702725414,-0.00042887885206207915,0.0032895386019456754,0.4195558530354466,0.7655042288596039,,,80494.12745063126,80915.66030868061,81151.51652406326,-0.009569913249903195,-0.014788489250991077,-0.01771366631323623,-0.0010073578706113078,-0.0006020098375402051,-0.00012441079012133228,13.239553165080622,-353.655008684902,-283.04462811805513,-70.61038056684686,-0.00033703930862241617,-0.00022066387030771902,-0.00011637543831469714,0.02118470773408105,286.00714285714326,0.0035873895476257124,691.9596,0.0,14,5,1,0.5,0.0,0.0,0.0,0.0,0.0,0.0,0.0,0.0,0.0,0.0,0,1,high
2026-05-14 14:00:00,79656.0,79816.7,79586.9,79759.9,468.441,37339582.0148,0.0004288788520607767,-0.00526820153662122,-0.004281199067600383,-0.015052903693035802,0.0013035088057299085,0.0028832493017267157,-0.1228968729044766,0.6652991638472513,,,80424.20102676161,80870.33637500685,81137.66959347557,-0.008270459693285659,-0.013796488422503472,-0.01711279952623812,-0.0008705734208330141,-0.0005615828301048726,-0.00011890542054738096,15.17484572436068,-367.9366684908746,-300.02303619261903,-67.91363229825555,-0.00017987406261690537,-0.0002125059087695563,3.263184615265094e-05,0.022456742395676774,292.5928571428573,0.0036684205614959066,704.1058,0.0,14,0,1,0.5,0.0,0.0,0.0,0.0,0.0,0.0,0.0,0.0,0.0,0.0,0,1,high
2026-05-14 13:55:00,79912.4,79955.7,79622.0,79656.0,386.448,30822235.9358,-0.0013035088057282707,-0.0034163730728380415,-0.006399585359231352,-0.01605254860768568,-0.0032136716375944937,0.004182294724285286,-0.19241284169103423,0.5491229191977322,,,80351.03902421288,80822.71534069286,81122.92661244597,-0.008662161975298233,-0.014507840474182743,-0.01823306148289383,-0.00091180536225161,-0.0005906779664038293,-0.0001306925189073898,15.096766649125826,-383.22131171787623,-316.6626912976705,-66.55862042020573,-0.00019288521793345878,-0.00020858177060233683,1.569655266887805e-05,0.02408448046058447,294.52142857142877,0.003697416749164266,703.755,0.0,13,55,1,0.5,0.0,0.0,0.0,0.0,0.0,0.0,0.0,0.0,0.0,0.0,0,1,high
2026-05-14 13:50:00,79972.7,80014.0,79850.1,79912.4,324.516,25939571.4917,0.0032136716375941177,0.0023390416839266237,-0.003358038704755373,-0.011663314440593098,-0.0007542917114728855,0.002050492354777679,-0.17466247667154455,0.46028904868901754,,,80309.26387904976,80787.01669988137,81110.88157152612,-0.004929586496018601,-0.010851260254762352,-0.014869943180173095,-0.0005189027908377313,-0.00044148778585489023,-9.741526361881761e-05,20.896660674401858,-370.3757038562035,-327.4052938093771,-42.97041004682637,0.0001594638577722637,-0.00013497264492741675,0.0002944365026996804,0.02424633450999582,300.85714285714283,0.0037648367819905653,705.0265499999999,0.0,13,50,1,0.5,0.0,0.0,0.0,0.0,0.0,0.0,0.0,0.0,0.0,0.0,0,0,high
2026-05-14 13:45:00,79818.8,79983.2,79808.8,79972.7,207.071,16544099.8367,0.0007542917114733427,0.0026644545433391897,0.0005515902762294189,-0.012527997962678228,0.0019262607533804777,0.002182838555724677,-0.4492731119291351,0.2937510222789788,,,80277.21017628312,80755.08271165073,81099.5563817597,-0.0037776476622077837,-0.009701008992571758,-0.013975197225230218,-0.0003976461715700099,-0.0003945944722341752,-8.894056734924388e-05,24.16176790768533,-351.28041902036057,-332.1803188515738,-19.100100168786753,0.00023751372232098985,-6.047537147773544e-05,0.00029798909379872527,0.02382942907516338,300.7999999999998,0.0037612835380073425,704.9201,0.0,13,45,1,0.5,0.0,0.0,0.0,0.0,0.0,0.0,0.0,0.0,0.0,0.0,0,0,high
2026-05-14 13:40:00,79819.5,79847.2,79693.9,79818.8,203.573,16237813.9694,-0.0019262607533807596,0.0020417025956867008,0.0011670726420192068,-0.013727897838432312,-8.76982528631378e-06,0.0019217624446648705,-0.017037066709165494,0.29662718859867976,,,80233.55206425616,80718.36574256638,81086.81253716508,-0.005160679042676364,-0.011171298383366945,-0.01574323451613857,-0.0005432285126948433,-0.0004546598165928648,-0.00010722236024507986,23.677192233838113,-344.5934531914827,-334.6629457195556,-9.930507471927115,8.212394695261628e-05,-3.1955507791665095e-05,0.00011407945474428138,0.023359833076426497,300.88571428571385,0.003769609594302518,686.29245,0.0,13,40,1,0.5,0.0,0.0,0.0,0.0,0.0,0.0,0.0,0.0,0.0,0.0,0,0,high
2026-05-14 13:35:00,79874.1,79881.3,79650.7,79819.5,478.339,38147197.1736,8.769825285526167e-06,-0.0011631992166218907,0.0007469636152439563,-0.012280909622294445,-0.0006838095218289062,0.0028909580598993454,0.8542950232294464,0.6940032014689673,,,80194.118534327,80683.116105603,81074.20246216841,-0.0046612511966852566,-0.010724782340117756,-0.015577902853133097,-0.0004906572424109986,-0.00043648610514665336,-0.00010606820914527283,25.936296814840503,-335.3715460242238,-334.80466578048924,-0.5668802437345448,0.00011380534919917709,-2.803336393496656e-06,0.00011660868559267374,0.022550420410722045,281.1714285714282,0.0035225907024151763,689.2461,0.0,13,35,1,0.5,0.0,0.0,0.0,0.0,0.0,0.0,0.0,0.0,0.0,0.0,0,0,high
2026-05-14 13:30:00,79912.3,79950.0,79792.7,79874.1,463.448,37022537.3591,0.0006838095218295592,-0.0012336814062656742,0.002734281942801786,-0.009598961308940446,-0.00047813832375924865,0.0019694177053731256,-0.03162549729294195,0.669974025654861,,,80163.64057867682,80651.38998381465,81062.2611441369,-0.0035986377058225827,-0.009647209178355709,-0.014745893397659415,-0.0003788032648642788,-0.00039255294330444893,-9.82087292350755e-05,35.068493150685086,-319.9689515652717,-331.8375229374458,11.868571372174074,0.00019117935411154294,3.599320170751127e-05,0.00015518615240403167,0.02130823418672258,260.778571428571,0.003264870232385354,691.7402500000001,0.0,13,30,1,0.5,0.0,0.0,0.0,0.0,0.0,0.0,0.0,0.0,0.0,0.0,0,0,high
2026-05-14 13:25:00,79988.3,79988.3,79859.5,79912.3,233.8,18682331.5419,0.0004781383237588699,0.0011707176708739553,-1.2513710334616235e-06,-0.0048298749106443495,-0.0009505906259631695,0.0016115333195063526,-0.6842281398144259,0.3600434054038696,,,80139.7033807076,80622.40606288073,81050.81874469275,-0.002823308964723381,-0.008809499448533487,-0.014125787361724207,-0.00029718978023350276,-0.0003584081877333384,-9.247393268787206e-05,39.049556750472384,-301.20772853828385,-325.71156405761343,24.503835519329584,0.00023321451191346638,7.54374637487023e-05,0.00015777704816476406,0.020021757372953912,252.13571428571387,0.003155155267533457,649.3661500000001,0.0,13,25,1,0.5,0.0,0.0,0.0,0.0,0.0,0.0,0.0,0.0,0.0,0.0,0,0,high
2026-05-14 13:20:00,79753.0,80035.8,79726.3,79988.3,764.33,61108918.392,0.0009505906259636987,0.002112538471552128,0.00019504754345689435,-0.0028139492482264217,0.0029460154660170606,0.0038745157603851605,1.1845335840433195,1.237561822028173,,,80125.2840111164,80597.53915845405,81040.24641887491,-0.001694364211259014,-0.007550716319725481,-0.013044100250827029,-0.00017835355107186454,-0.0003070749009216899,-8.209518086049325e-05,46.23501922062277,-277.01351985857764,-315.9719552178063,38.958435359228645,0.00030117882761036184,0.00012058573652103421,0.00018059309108932765,0.017461223881354525,261.94285714285695,0.0032747646486155717,617.60955,0.0,13,20,1,0.5,0.0,0.0,0.0,0.0,0.0,0.0,0.0,0.0,0.0,0.0,0,0,high
2026-05-14 13:15:00,79844.7,79949.7,79730.6,79753.0,377.087,30112175.2797,-0.002946015466017471,-0.0015172865162949023,-0.0008247071691798169,-0.004194168854795066,-0.001149139493751876,0.0027442350433999584,-0.7065237030256313,0.6516249756021021,,,80089.82839101009,80564.41997576958,81027.43799679657,-0.004198438755629752,-0.010085095245125686,-0.01583101008782073,-0.0004419404001143032,-0.00041056276621956366,-0.00011059190011578657,38.72488857308923,-273.67146439888165,-307.5118570540214,33.84039265513974,4.015461373780351e-05,0.00010449951196438807,-6.434489822658456e-05,0.014837053118716572,268.9642857142857,0.0033724660603900256,578.68715,0.0,13,15,1,0.5,0.0,0.0,0.0,0.0,0.0,0.0,0.0,0.0,0.0,0.0,0,0,high
2026-05-14 13:10:00,79762.5,79850.0,79740.3,79844.7,208.491,16641943.0247,0.0011491394937515054,-0.0008462853463022668,0.0003156624992861623,-0.0032185729530702645,0.0010300288115770754,0.0013747704876510194,-0.5925800552160823,0.4038578711471192,,,80066.4828299615,80536.1956629943,81015.66945951502,-0.0027588898083656943,-0.008585526114064379,-0.014535782329451408,-0.00029040898165089287,-0.0003493979717108943,-9.805725938078864e-05,39.75230231819626,-260.619182037015,-298.1333220506201,37.51414001360513,0.0001618698889618109,0.00011597358736387265,4.5896301597938256e-05,0.01182846955351011,268.4571428571435,0.003362241236514678,516.24845,0.0,13,10,1,0.5,0.0,0.0,0.0,0.0,0.0,0.0,0.0,0.0,0.0,0.0,0,0,high
2026-05-14 13:05:00,79811.5,79855.1,79740.1,79762.5,305.789,24407686.6551,-0.0010300288115772105,-0.002826904783843176,-0.0013981758341206074,-0.0050634792505501736,-0.0006141351540987122,0.0014411463490587282,0.38299944678538633,0.717504393347336,,,80037.53208425088,80505.85465660237,81003.20011165916,-0.003428069227567221,-0.009238474340323322,-0.015410927448083811,-0.0003608489654533993,-0.0003760893771958479,-0.00010733060815886251,37.25728894028844,-253.98028067615815,-289.30271377572774,35.322433099569594,8.154940059016059e-05,0.00010908875000913025,-2.7539349418969665e-05,0.009149359375913246,254.30000000000084,0.0031882150133208066,426.18414999999993,0.0,13,5,1,0.5,0.0,0.0,0.0,0.0,0.0,0.0,0.0,0.0,0.0,0.0,0,0,high
2026-05-14 13:00:00,79724.0,79835.4,79669.9,79811.5,276.748,22070147.8033,0.0006141351540982498,0.0007332458362725447,-0.0012621790037812275,-0.004621469079570062,0.001096934648072883,0.0020751668990472054,-0.09978797680126128,0.6716165630213863,,,80016.00521908412,80478.62506222581,80991.34239910534,-0.0025459403521850277,-0.008286129806373665,-0.014649560529866434,-0.0002679933350199089,-0.0003372570426352951,-0.00010015184435530915,45.93205030223002,-241.97566814925813,-279.83730465043385,37.861636501175724,0.00014884928416380284,0.00011704085684006477,3.180842732373807e-05,0.008199458495247296,232.99285714285776,0.0029192892896745177,412.0625,0.0,13,0,1,0.5,0.0,0.0,0.0,0.0,0.0,0.0,0.0,0.0,0.0,0.0,0,0,high
2026-05-14 12:55:00,79686.1,79748.7,79676.5,79724.0,172.605,13760371.6022,-0.0010969346480713682,-0.0015128283055503289,-0.0033097042778162944,-0.002563066458129981,0.0004755031295268671,0.000905753982883621,-0.4721015978801679,0.42981136036210676,,,79988.19519821898,80449.03192253069,80978.73202697495,-0.003295934524041755,-0.0090151011425057,-0.01558981363387879,-0.00034694012673909546,-0.000367048321279847,-0.00011007008120820526,49.9357957549665,-236.7928444526915,-271.2284126108854,34.43556815819392,6.338522828160082e-05,0.00010630973112837198,-4.2924502846771164e-05,0.007660538357051377,213.12857142857163,0.0026733301318118963,401.58315000000005,0.0,12,55,1,0.5,0.0,0.0,0.0,0.0,0.0,0.0,0.0,0.0,0.0,0.0,0,0,high
2026-05-14 12:50:00,79707.4,79712.5,79648.3,79686.1,220.37,17559140.6647,-0.000475503129527155,-0.0009583026235002734,-0.0008391919413259785,-0.0004968264684865886,-0.00026726309575705084,0.0008057188903812469,0.24430220491813337,0.5495396106415726,,,79959.42422696002,80419.11302360792,80965.8700167563,-0.0034122531151350444,-0.009118423712346058,-0.01590546286526262,-0.0003591842222427202,-0.00037130145101503553,-0.00011370623094272218,47.22054835793953,-233.05709546590515,-263.59414918188935,30.5370537159842,4.527675602663216e-05,9.410313610802402e-05,-4.8826380081391866e-05,0.007613420282983862,202.12142857142837,0.0025364703326104347,401.0084,0.0,12,50,1,0.5,0.0,0.0,0.0,0.0,0.0,0.0,0.0,0.0,0.0,0.0,0,0,high
2026-05-14 12:45:00,79646.0,79711.0,79622.8,79707.4,208.314,16598887.9246,0.00026726309575586527,-0.001305174681842658,-0.0017210683393216186,-0.0006584422247915,0.0007706142829522449,0.0011071098412117094,-0.05626139509955941,0.5358967525244365,,,79935.42191963049,80391.20270895663,80953.34792703732,-0.002845467160391024,-0.008504056278685113,-0.01548259579170086,-0.00029952257290952156,-0.00034625970408284337,-0.00010991549137358201,52.06425702811227,-225.77515998661693,-256.0303513428349,30.25519135621795,8.982523868675084e-05,9.32475566237694e-05,-3.422317937018559e-06,0.007303783431151482,184.5857142857141,0.0023157914357476734,388.72040000000004,0.0,12,45,1,0.5,0.0,0.0,0.0,0.0,0.0,0.0,0.0,0.0,0.0,0.0,0,0,high
2026-05-14 12:40:00,79566.9,79648.0,79548.6,79646.0,156.38,12446983.3664,-0.0007706142829508877,-0.0009788543167221775,-0.0014616538106952959,-0.00012554770201411714,0.0009936381600745556,0.0012487705505927645,-0.2867576140657375,0.42067392565466677,,,79907.85792728473,80361.97907331127,80940.33948995237,-0.0032716927344527136,-0.008910957990591939,-0.01609148659132309,-0.00034438845005631833,-0.0003629010601168843,-0.00011648960870270944,37.31428571428563,-222.39500928363123,-249.30328293099416,26.908273647362932,4.091060954998884e-05,8.27801672090133e-05,-4.1869557659024456e-05,0.006619031384530399,170.3571428571418,0.0021389290467461242,371.73684999999995,0.0,12,40,1,0.5,0.0,0.0,0.0,0.0,0.0,0.0,0.0,0.0,0.0,0.0,0,0,high
2026-05-14 12:35:00,79540.3,79637.1,79508.0,79566.9,265.768,21147937.5845,-0.0009936381600752497,-0.0014969893472702722,-0.0030694271248687954,-0.0043328574996834845,0.0003343657640611263,0.0016224191422615731,0.530334805063533,0.8054299424175536,,,79875.3857437338,80330.79950180887,80926.67342537575,-0.0038591089045745264,-0.009516180615348091,-0.016915123510091945,-0.000406221755772407,-0.00038763584835054573,-0.00012521745498502327,31.01609281437065,-223.52229851309676,-244.1470860474147,20.62478753431793,-1.5670114126055683e-05,6.30901109419995e-05,-7.876022506805519e-05,0.005766720591930013,167.75714285714224,0.0021083785199265304,329.97034999999994,0.0,12,35,1,0.5,0.0,0.0,0.0,0.0,0.0,0.0,0.0,0.0,0.0,0.0,0,0,high
2026-05-14 12:30:00,79393.0,79541.5,79366.0,79540.3,271.135,21542518.0437,-0.00033436576406131735,-0.002098618207087455,-0.0023068582408587446,-0.005421514975218145,0.0018536083020388961,0.00220883308030826,0.019993104063348532,0.8314026644686862,,,79843.47281575915,80299.79952134579,80912.87866492425,-0.003794096128764579,-0.009464250442961841,-0.01707785256495775,-0.00039937832799039844,-0.0003855468254372427,-0.00012729853268727496,35.20977164099796,-223.9801769861806,-240.1137042351679,16.133527248987292,-7.229633972260575e-06,4.902616195914749e-05,-5.6255795931408065e-05,0.006192247587422885,162.1928571428559,0.0020391280538652216,326.11755,0.0,12,30,1,0.5,0.0,0.0,0.0,0.0,0.0,0.0,0.0,0.0,0.0,0.0,0,0,high
2026-05-14 12:25:00,79354.2,79432.2,79354.2,79393.0,95.205,7559426.7868,-0.001853608302038623,-0.00318161222617519,-0.0036849634133702125,-0.005348862523876008,0.0004888275292113481,0.0009824519766664444,-1.0465843903967063,0.3127701073185347,,,79800.5706428297,80264.23875580281,80897.75549412899,-0.00510982781834457,-0.010874021147158075,-0.018743088122052498,-0.000537876420756896,-0.00044311786373533605,-0.00014447574432261177,30.401617498391275,-233.5368603826355,-238.79833546466142,5.261475082025925,-0.00012172747011237977,1.4875435544842043e-05,-0.00013660290565722182,0.007519585190730256,159.01428571428445,0.0020028753884383317,304.3929,0.0,12,25,1,0.5,0.0,0.0,0.0,0.0,0.0,0.0,0.0,0.0,0.0,0.0,0,0,high
2026-05-14 12:20:00,79273.9,79354.2,79263.1,79354.2,46.77,3709935.2629,-0.000488827529212088,-0.0026768015953120283,-0.004441054038338166,-0.005846459878373622,0.0010124310492161275,0.0011486768469377258,-0.7107904896887485,0.16508456215793796,,,79758.05915303639,80228.55096145761,80882.39673299338,-0.005065450076360278,-0.010917246767494504,-0.019040553306476582,-0.0005332050977526285,-0.00044491039963638515,-0.00014790213024191005,25.757717056792814,-241.4580583669449,-239.33028004511814,-2.127778321826753,-0.00010117514367061415,-8.334680298249195e-06,-9.284046337236496e-05,0.008776200583990066,157.05714285714097,0.0019791913075444144,283.30935,0.0,12,20,1,0.5,0.0,0.0,0.0,0.0,0.0,0.0,0.0,0.0,0.0,0.0,0,0,high
2026-05-14 12:15:00,79331.8,79368.6,79250.0,79273.9,71.71,5687595.713,-0.0010124310492152233,-0.0033548668804659343,-0.004682870804602501,-0.007542700449418405,-0.0007301125063228828,0.0014954112834391774,0.42738823615668853,0.2680021803440526,,,79711.94875750912,80191.11366885142,80866.39179037654,-0.005499035304092459,-0.011461847314093276,-0.01985345217304868,-0.0005788456645585899,-0.00046716611138457494,-0.00015650440804263954,21.356783919597078,-251.31816438466194,-241.72785691302693,-9.590307471635015,-0.0001256888422857703,-3.180551269575342e-05,-9.38833295900169e-05,0.010181315524045128,156.32857142856977,0.0019720055583056944,267.57245,0.0,12,15,1,0.5,0.0,0.0,0.0,0.0,0.0,0.0,0.0,0.0,0.0,0.0,0,1,high
2026-05-14 12:10:00,79308.0,79375.8,79292.4,79331.8,86.934,6897198.4268,0.0007301125063214897,-0.0007711460721058216,-0.002959120138205762,-0.007290726266855785,0.0003000508091734321,0.0010512504418735784,0.19251900217215656,0.33999319888452323,,,79675.74411393682,80157.41509360235,80851.12222032304,-0.004314739674173396,-0.01031088246237033,-0.01893305767999287,-0.00045418298161763003,-0.00042021400872943517,-0.00014768234919324523,20.05837818115448,-251.5604905878863,-243.6943836479988,-7.866106939887516,-4.456056516530672e-06,-2.6335621459908868e-05,2.1879564943378196e-05,0.010783276178357,141.49999999999895,0.0017836479192454846,255.69334999999995,0.0,12,10,1,0.5,0.0,0.0,0.0,0.0,0.0,0.0,0.0,0.0,0.0,0.0,0,0,high
2026-05-14 12:05:00,79336.6,79346.4,79280.0,79308.0,58.622,4649644.5768,-0.00030005080917305804,-0.0005823693520667916,-0.0029248051833175026,-0.008541367701992542,-0.0003605543499096054,0.0008371873014606162,-0.39403915731745354,0.2361211080315897,,,79640.72086499045,80124.1046977748,80835.76777036958,-0.004175286627789987,-0.01019481824128654,-0.01904173427534417,-0.00043950372709909935,-0.000415501726393891,-0.00014919845327264635,24.853074141048495,-250.7821365808777,-245.1119342345746,-5.670202346303114,8.39940638591854e-06,-1.9388615890743388e-05,2.778802227666193e-05,0.011047017815693923,127.83571428571304,0.0016118892707635173,248.27089999999998,0.0,12,5,1,0.5,0.0,0.0,0.0,0.0,0.0,0.0,0.0,0.0,0.0,0.0,0,0,high
2026-05-14 12:00:00,79215.0,79348.0,79190.5,79336.6,132.717,10518049.9076,0.0003605543499105579,0.0007906160470589896,-0.0007106425313683218,-0.005234797886064513,0.0015338857992195898,0.001986899734947521,0.8171089888992285,0.5423038874571413,,,79611.7569730866,80093.22216060717,80820.8506781271,-0.0034514244418897277,-0.009448606483871913,-0.018495297538116517,-0.00036330771976484624,-0.0003850681547741087,-0.00014412628607679358,19.082390166727947,-245.03291749753407,-245.0961308871665,0.06321338963243761,7.107347797273079e-05,-1.296197118048554e-06,7.236967509077934e-05,0.011426762293642784,131.24999999999895,0.0016543436446734413,244.72809999999998,0.0,12,0,1,0.5,0.0,0.0,0.0,0.0,0.0,0.0,0.0,0.0,0.0,0.0,0,0,high
2026-05-14 11:55:00,79293.2,79293.3,79215.0,79215.0,34.709,2751273.2575,-0.0015338857992208688,-0.001473382258483369,-0.0017557008013771025,-0.007917823179036887,-0.0009866998217690592,0.0009879609631652303,-1.3412200223309094,0.15596284104093258,,,79573.97059469738,80058.78207587749,80804.87206441439,-0.004510518789576423,-0.01055180631120578,-0.01982988798074814,-0.00047479134637970553,-0.00043011982710535417,-0.0001579547389438988,18.20926721635138,-247.43643055191205,-245.56419082011564,-1.8722397317964123,-3.1756289552048434e-05,-7.388215604848531e-06,-2.4368073947199903e-05,0.012109170280781064,131.72142857142794,0.0016628344198880002,222.54659999999998,0.0,11,55,1,0.5,0.0,0.0,0.0,0.0,0.0,0.0,0.0,0.0,0.0,0.0,0,1,high
2026-05-14 11:50:00,79260.0,79300.0,79236.3,79293.2,89.028,7057522.2255,0.0009866998217695766,-0.00018663162754073426,0.00024343006960769742,-0.0059010945456901,0.0004187868864864119,0.0008036014897279986,0.9419519076778835,0.43678517320689847,,,79547.23053805955,80028.7592493725,80789.83055133565,-0.003188217161349982,-0.009190004274165275,-0.01865569374943732,-0.0003356017113178692,-0.00037455827224751375,-0.00014656514132485926,20.8918342131865,-240.2615598047705,-244.50366461704664,4.242104812276125,8.911333003947978e-05,1.1912093524017134e-05,7.720123651546265e-05,0.01213466646406795,125.97142857142795,0.0015886788346469553,203.8256,0.0,11,50,1,0.5,0.0,0.0,0.0,0.0,0.0,0.0,0.0,0.0,0.0,0.0,0,0,high
2026-05-14 11:45:00,79241.6,79293.6,79191.0,79260.0,194.796,15432564.831,-0.00041878688648644413,-0.0009659728639377363,-0.0009054693232002364,-0.006934016586274794,0.0002321743134787741,0.0012947632051736261,0.7830019301213191,0.964931834190793,,,79519.87524872055,79998.61182782848,80774.608356795,-0.0032634798528050624,-0.009231975821018423,-0.018884684808700314,-0.0003435241089529716,-0.000376292727707864,-0.00014927381540606906,22.248803827751203,-234.55063189967768,-242.51305807357286,7.962426173895182,7.067761561310872e-05,2.3665197941835453e-05,4.701241767127327e-05,0.011922982404200004,123.65714285714265,0.0015601456328178482,201.87539999999998,0.0,11,45,1,0.5,0.0,0.0,0.0,0.0,0.0,0.0,0.0,0.0,0.0,0.0,0,1,high
2026-05-14 11:40:00,79328.0,79346.0,79231.7,79241.6,65.251,5173536.2345,-0.0002321743134778842,0.00033573862180524827,-0.0008375928275050626,-0.00606925625168131,-0.0010897424039699106,0.001441564858034801,-1.0937114853608438,0.3909084183009434,,,79493.3728440805,79968.92508948226,80759.35454229952,-0.0031627347218741164,-0.009093006991967911,-0.018926641618476125,-0.0003329193665267728,-0.00037064102518904123,-0.00015009869598389808,22.780159216166567,-228.87112277859706,-239.78467101457773,10.91354823598067,7.03147099565138e-05,3.2995100344771126e-05,3.731960961174268e-05,0.011118832995196289,126.41428571428592,0.0015953020347176977,166.92145,0.0,11,40,1,0.5,0.0,0.0,0.0,0.0,0.0,0.0,0.0,0.0,0.0,0.0,0,1,high
2026-05-14 11:35:00,79261.4,79360.1,79227.5,79328.0,147.479,11694240.8909,0.0010897424039697512,0.00043878120400542286,-0.0001084047734458693,-0.004504010718184404,0.0008399048601633874,0.0016722622815516896,0.8154444210066734,0.94877768774722,,,79477.62304940616,79943.79077224765,80745.1122085453,-0.0018755644781052183,-0.007689411074743191,-0.017659417630282448,-0.00019742776933662763,-0.0003133710867906572,-0.00013776196862117518,28.48230490018196,-214.92083930449735,-234.81190467256167,19.891065368064318,0.00017468112076319227,6.133230442845536e-05,0.00011334881633473691,0.010871215112603649,129.5857142857151,0.0016335431913790228,155.44105,0.0,11,35,1,0.5,0.0,0.0,0.0,0.0,0.0,0.0,0.0,0.0,0.0,0.0,0,0,high
2026-05-14 11:30:00,79319.2,79329.8,79240.0,79261.4,181.306,14376887.442,-0.0008399048601646086,1.766323032725836e-05,0.0005855761656103908,-0.0056111786741048775,-0.0007289668794233894,0.0011326243660508136,0.20650041876947167,1.1766866690290483,,,79457.03037803415,79917.03034980658,80730.34890298764,-0.0024568532108162344,-0.008194832957068243,-0.018315249629846875,-0.00025861606370119724,-0.0003340194700602239,-0.0001447484650544432,28.31529093369427,-206.85471020877594,-229.22046577980456,22.365755571028615,0.00010052703270912311,6.917125008458892e-05,3.135578262453419e-05,0.010238385242980286,124.65714285714473,0.0015727345575165812,154.0818,0.0,11,30,1,0.5,0.0,0.0,0.0,0.0,0.0,0.0,0.0,0.0,0.0,0.0,0,1,high
2026-05-14 11:25:00,79372.9,79375.4,79227.2,79319.2,383.627,30423020.8506,0.0007289668794250304,0.000978804423230173,0.0003278432232658446,-0.004111597511728959,-0.0006767822979177609,0.0018688223664974908,0.7494845148188691,2.4284232122182363,,,79443.90367536423,79893.58602236319,80716.30762037085,-0.0015633257284015656,-0.007173087015775792,-0.017411294862357707,-0.00016456054530822317,-0.0002923337308647237,-0.00013605478003474693,35.690352397458526,-193.56694855020032,-222.08976233388373,28.522813783683404,0.00016643565482537496,8.862413103274613e-05,7.781152379262882e-05,0.00964704441321858,125.38571428571595,0.00158077381372626,157.9737,0.0,11,25,1,0.5,0.0,0.0,0.0,0.0,0.0,0.0,0.0,0.0,0.0,0.0,0,1,high
2026-05-14 11:20:00,79478.7,79521.4,79362.9,79372.9,161.745,12845663.9147,0.0006767822979174554,0.0005658443171778771,0.001423412407669744,-0.0024411770537362543,-0.0013320610638378851,0.001995163179472084,-0.8636497053487329,1.0625491259401059,,,79437.14142056763,79873.16696266268,80702.94038036716,-0.000802110722819549,-0.006241547670098768,-0.016568000001610628,-8.443265547720617e-05,-0.00025432918071640297,-0.00012796684891084443,40.62289939502549,-176.66665723879123,-213.00514131486523,36.338484076073996,0.00021201388895772727,0.00011330208261774237,9.87118063399849e-05,0.008533447487738736,125.4785714285733,0.0015808742206543205,152.22355,0.0,11,20,1,0.5,0.0,0.0,0.0,0.0,0.0,0.0,0.0,0.0,0.0,0.0,0,1,high
2026-05-14 11:15:00,79453.8,79504.6,79420.0,79478.7,72.608,5769652.8375,0.001332061063838097,0.0027378102411805827,0.0029876477849857253,-0.0007747502258368399,0.0003133405716731615,0.0010646559184812469,-0.800945912404714,0.4931814646690717,,,79441.09938051357,79857.69767000925,80690.7588840451,0.0004794788799689087,-0.004716957719741899,-0.015084337555308025,5.047150826710841e-05,-0.00019211779857701084,-0.0001134392079879694,55.03466102690607,-152.97250698352582,-200.99861444859735,48.02610746507153,0.0002975801689473111,0.00015015769988365612,0.00014742246906365497,0.007730892753450609,121.59285714285943,0.0015298797934900725,147.22369999999998,0.0,11,15,1,0.5,0.0,0.0,0.0,0.0,0.0,0.0,0.0,0.0,0.0,0.0,0,1,high
2026-05-14 11:10:00,79569.3,79571.4,79453.8,79453.8,58.789,4675059.662,-0.00031334057167420326,0.001695502790081349,0.0015845648093417708,0.0007655175045275797,-0.0014526194032155348,0.0014790111433563807,-0.21112034602346075,0.42250276959983724,,,79442.3089633218,79841.85854569516,80678.45083544766,0.00015031561226663825,-0.004833031691752865,-0.01524446739935037,1.5822738748888257e-05,-0.00019687163281611642,-0.00011542827628335482,55.948399426660565,-134.65176240194705,-187.72924403926731,53.07748163732026,0.00022997093967951025,0.00016612034784282696,6.385059183668329e-05,0.006971811296284121,120.7142857142878,0.001519301603123926,139.14465,0.0,11,10,1,0.5,0.0,0.0,0.0,0.0,0.0,0.0,0.0,0.0,0.0,0.0,0,1,high
2026-05-14 11:05:00,79504.8,79570.0,79455.0,79569.3,74.229,5900507.9122,0.0014526194032153938,0.0024713398953792876,0.0038770890727217733,0.0027069644369550616,0.0008109428692006163,0.0014463137248438393,0.23320014682254797,0.560470974113639,,,79454.40334776735,79831.16997527574,80667.4145087268,0.0014502745378166537,-0.0032478471007522103,-0.013654615677765491,0.00015266051631712688,-0.0001321857098344886,-9.982581181073047e-05,66.93030719853311,-109.5497344545438,-172.09334212232264,62.54360766777884,0.0003152542943505799,0.00019594713714437753,0.00011930715720620235,0.006253113664258278,120.5428571428586,0.001514941782105141,132.4404,0.0,11,5,1,0.5,0.0,0.0,0.0,0.0,0.0,0.0,0.0,0.0,0.0,0.0,0,0,high
2026-05-14 11:00:00,79530.5,79577.0,79482.7,79504.8,129.582,10305935.8445,-0.0008109428692009146,0.00032833596234027596,0.0023371793240958283,0.0029084526169693703,-0.0003231986888911677,0.00118571845726165,0.5571589759868116,0.9884172829241687,,,79459.20302893237,79818.3711527159,80655.84620515739,0.0005784429382700296,-0.0038996217358384655,-0.014321622641027432,6.0888765315408625e-05,-0.0001588036376527798,-0.0001069016034265532,59.840728100113765,-93.77977256463782,-156.43062821078567,62.650855646147846,0.00019791002577361467,0.000196339714870225,1.5703109033896761e-06,0.005611835984866961,120.00000000000104,0.0015093428321309031,131.1005,0.0,11,0,1,0.5,0.0,0.0,0.0,0.0,0.0,0.0,0.0,0.0,0.0,0.0,0,0,high
2026-05-14 10:55:00,79569.8,79597.3,79529.2,79530.5,69.107,5499201.4422,0.00032319868889274517,0.0009648752229072244,0.001983595715071118,0.0025015387995406257,-0.0004940279911390242,0.0008559228558100826,-0.6286578572802508,0.5698726245171313,,,79465.99321665309,79807.08208790352,80644.64873047921,0.0008157709960041615,-0.0034361711627521885,-0.01385913615161627,8.587066279896449e-05,-0.00013990158563138667,-0.00010262199852785372,62.629129299580065,-78.30553151055938,-140.8056088707404,62.500077360181024,0.0001941910789498613,0.00019590998768615226,-1.7189087362909686e-06,0.005454121605707062,121.86428571428716,0.0015322962349574964,121.26745000000001,0.0,10,55,1,0.5,0.0,0.0,0.0,0.0,0.0,0.0,0.0,0.0,0.0,0.0,0,0,high
2026-05-14 10:50:00,79476.9,79583.5,79476.9,79569.8,180.828,14379767.8254,0.0004940279911380685,6.283810829899039e-06,0.0011455626423710896,0.0032956175998517523,0.0011682104761078105,0.001340371531314678,0.9618902751209379,1.5488201068760217,,,79475.87957697184,79797.77690798572,80633.95371823563,0.0011850562264612563,-0.00282676500802026,-0.013232122009627645,0.00012474278930745057,-0.00011504160222866293,-9.668518271028237e-05,63.0776132794975,-62.154424912514514,-125.07537207909523,62.92094716658072,0.00020269177915082265,0.00019726634597908634,5.42543317173631e-06,0.00558688871808206,118.2285714285733,0.0014858472866410787,116.75210000000001,0.0,10,50,1,0.5,0.0,0.0,0.0,0.0,0.0,0.0,0.0,0.0,0.0,0.0,0,0,high
2026-05-14 10:45:00,79419.2,79476.9,79419.2,79476.9,159.802,12695069.4778,-0.0011682104761074896,-0.00035098379607667596,0.00029069273793780326,0.0017668527738337048,0.0007262607771515512,0.0007262607771515512,-0.12361075432560753,1.331883670835488,,,79475.97676011738,79785.19349982943,80622.44074591488,1.5241393176879114e-05,-0.003838309778869231,-0.014257045595329032,1.604383077456265e-06,-0.00015634234238077379,-0.00010734712592816503,65.17557074979696,-56.2029376928258,-111.30088520184135,55.097947509015555,7.444177446645073e-05,0.00017270143167655923,-9.82596572101085e-05,0.00571178970088087,120.30000000000187,0.0015136473616862494,119.98195000000001,0.0,10,45,1,0.5,0.0,0.0,0.0,0.0,0.0,0.0,0.0,0.0,0.0,0.0,0,0,high
2026-05-14 10:40:00,79545.5,79545.5,79364.0,79419.2,871.215,69201778.1193,-0.0007262607771512108,-0.001400443262120632,-0.0018881874424288014,0.0025744777959033627,-0.0015890323647435804,0.002284320055428236,1.6959532402029733,5.404418743432243,,,79470.56944963001,79770.84081356162,80610.46820117942,-0.0006433032521666604,-0.004385567789118028,-0.014834218746884176,-6.771610837289298e-05,-0.00017869208492079093,-0.00011350547071645405,57.47863247863253,-55.50245126495429,-100.14119841446396,44.63874714950967,8.367908895817451e-06,0.0001398347271204109,-0.00013146681822459344,0.00572840664035738,127.19285714285901,0.0016015378792893786,161.20420000000001,0.0,10,40,1,0.5,0.0,0.0,0.0,0.0,0.0,0.0,0.0,0.0,0.0,0.0,0,1,high
2026-05-14 10:35:00,79620.0,79620.0,79545.5,79545.5,23.386,1861080.1246,0.0015890323647429483,-0.0003054388885157522,0.0005117877915150615,0.0031768103388767344,-0.0009361325845190755,0.0009361325845191996,-3.6177512363832567,0.1472781318487543,,,79477.7056925224,79762.00391891215,80599.87150266023,0.000855659673282716,-0.002686867368518975,-0.013113393482816704,9.006946049528238e-05,-0.00010936955748299723,-9.65647957367585e-05,65.2592196686264,-44.24591686972417,-88.96214210551601,44.71622523579184,0.00014120102372638455,0.00014010798644160564,1.0930372847789134e-06,0.005887880575652828,134.20714285714453,0.001687174546104362,158.788,0.0,10,35,1,0.5,0.0,0.0,0.0,0.0,0.0,0.0,0.0,0.0,0.0,0.0,0,1,high
2026-05-14 10:30:00,79660.0,79660.0,79563.8,79620.0,35.379,2816304.1726,0.0009361325845187451,0.0017989041721104826,0.0011247216871410615,0.004531729809881924,-0.0005022601813269899,0.00120836221350642,0.4139808710578161,0.22648321733048887,,,79491.2575313298,79756.43513777835,80590.12153745964,0.0016211453761059147,-0.0016820785179607611,-0.01205609412319042,0.0001706469008784693,-6.83694734829289e-05,-8.628919991332065e-05,69.0802743041545,-28.979447849298595,-76.96560325427254,47.98615540497394,0.00019158025061305893,0.0001504024392758963,4.117781133716262e-05,0.006375762049288113,134.22142857143004,0.0016857752897692796,156.21025,0.0,10,30,1,0.5,0.0,0.0,0.0,0.0,0.0,0.0,0.0,0.0,0.0,0.0,0,1,high
2026-05-14 10:25:00,79636.4,79677.5,79625.2,79660.0,45.403,3616634.3923,0.0005022601813280403,0.0030274251305897337,0.0011329538773310333,0.005266164304687848,0.00029630299457696557,0.0006566116190002581,0.2494597583833733,0.2918881666455586,,,79507.32824263173,79752.6533676694,80580.8665967884,0.0019211764567259593,-0.0011335509508825226,-0.011438870420054315,0.00020222911806414272,-4.599183996093011e-05,-8.04329871646504e-05,67.56242065171371,-13.497405763802817,-64.2719637561786,50.774557992375776,0.0001942570001915304,0.00015917335145902316,3.508364873250724e-05,0.006870898394564812,128.85714285714388,0.0016175890391306037,155.54930000000002,0.0,10,25,1,0.5,0.0,0.0,0.0,0.0,0.0,0.0,0.0,0.0,0.0,0.0,0,0,high
2026-05-14 10:20:00,79714.2,79723.4,79636.4,79636.4,74.978,5974287.788,-0.000296302994577502,0.0011420897712692835,0.002004861358861021,0.003880118906140595,-0.0009764632976811202,0.0010918689486719738,0.5016165550130238,0.4911361576708337,,,79519.62079095251,79748.09441207453,80571.46891920842,0.0014701236086089864,-0.0013737812417176087,-0.011618405519959296,0.00015474986924112892,-5.580796367138391e-05,-8.25809474374151e-05,70.78253158944776,-3.0964052037597867,-52.036852045694836,48.94044684193505,0.00013043736830537184,0.0001534261548282929,-2.2988786522921056e-05,0.007189373670309827,128.6571428571437,0.0016155569922440456,152.66235,0.0,10,20,1,0.5,0.0,0.0,0.0,0.0,0.0,0.0,0.0,0.0,0.0,0.0,0,0,high
2026-05-14 10:15:00,79593.0,79728.8,79593.0,79714.2,71.102,5664188.728,0.0009764632976807519,0.0011824204844312902,0.0037075854336929837,0.0056964870639859555,0.0015215887716795115,0.0017047263197789715,-0.05307927136355062,0.4602607423518597,,,79538.15214419513,79746.76521944416,80562.93888021132,0.0022135786295010007,-0.00038173684819220455,-0.01053605224991827,0.0002330082909972835,-1.5326737736006042e-05,-7.204319375464727e-05,71.41617870310101,11.29408133419929,-39.370665369716015,50.664746703915306,0.0001804809806737936,0.00015883711999739304,2.1643860676400547e-05,0.007318470812006873,127.77142857142982,0.0016028691070277294,154.48200000000003,0.0,10,15,1,0.5,0.0,0.0,0.0,0.0,0.0,0.0,0.0,0.0,0.0,0.0,0,0,high
2026-05-14 10:10:00,79550.6,79708.7,79518.3,79593.0,327.119,26032442.1275,-0.00152158877167885,-0.0008414284685756002,0.0005969642972711853,0.003445931412882075,0.0005328521034238428,0.002391555336092242,1.526208553260778,1.9660182869348515,,,79543.37574950988,79740.73521083851,80553.2877470749,0.0006260860618390041,-0.001828685399484442,-0.011937664494018563,6.590380883765172e-05,-7.439583710631365e-05,-8.646653283847019e-05,61.1195311710621,12.771595501137199,-28.94221319554537,41.71380869668257,1.8357366817816194e-05,0.00013074116936147767,-0.00011238380254366148,0.007167173794740276,127.3214285714296,0.0015996561075902354,166.38655,0.0,10,10,1,0.5,0.0,0.0,0.0,0.0,0.0,0.0,0.0,0.0,0.0,0.0,0,1,high
2026-05-14 10:05:00,79640.2,79669.0,79523.5,79550.6,149.084,11862726.9418,-0.0005328521034240197,-0.0010779775774221179,-0.0008720203906715795,0.0022362970115406,-0.00112569331219693,0.0018279760731898943,-0.7858141135869072,0.9084895608465399,,,79544.06377336608,79733.27892806054,80543.31075456669,8.435453380428726e-05,-0.002268928189069541,-0.012346431855180029,8.879436241302069e-06,-9.237451421681192e-05,-9.090818030698312e-05,53.88103206304699,10.4013106404891,-21.073508428338478,31.47481906882758,-2.9998178955772957e-05,9.859329969802754e-05,-0.0001285914786538005,0.006721205975479928,128.30714285714308,0.0016128997500602519,164.10095,0.0,10,5,1,0.5,0.0,0.0,0.0,0.0,0.0,0.0,0.0,0.0,0.0,0.0,0,1,high
2026-05-14 10:00:00,79596.5,79698.1,79573.6,79640.2,142.81,11375071.4889,0.0011256933121970292,-0.0009287475629058406,-0.00024858725980259067,0.002029929259899532,0.0005488684593070646,0.0015633665661595043,-0.04299483001781823,0.8501663006484743,,,79553.21960447408,79729.62877401894,80534.32457790434,0.0010948051940022907,-0.0010984021366038377,-0.01110908940325217,0.00011524266252279988,-4.460714847509266e-05,-7.880269281938102e-05,59.40464177598356,15.573294745205203,-13.744147793629743,29.317442538834946,6.476389872364427e-05,9.182741950315089e-05,-2.7063520779506617e-05,0.006215862326855503,130.44285714285797,0.0016379021793372943,167.9789,0.0,10,0,1,0.5,0.0,0.0,0.0,0.0,0.0,0.0,0.0,0.0,0.0,0.0,0,0,high
2026-05-14 09:55:00,79551.8,79622.8,79528.0,79596.5,156.501,12452183.987,-0.0005488684593064619,4.397274946654761e-05,-0.0005011527245315506,0.0017944013722672736,0.0005617402281446968,0.0011913230874376684,0.09154732427130963,0.9291753250608561,,,79557.34154690513,79724.40803778291,80524.9929900645,0.0004939427599630619,-0.0015826717490128317,-0.011541958281837239,5.1993984253346376e-05,-6.438210184102871e-05,-8.347996412771018e-05,51.479547432549886,15.96190571335319,-7.802937092233157,23.764842805586348,4.686366429762247e-06,7.439920888847317e-05,-6.971284245871093e-05,0.005879703495892511,130.1571428571437,0.001635211885662607,168.43,0.0,9,55,1,0.5,0.0,0.0,0.0,0.0,0.0,0.0,0.0,0.0,0.0,0.0,0,1,high
2026-05-14 09:50:00,79565.4,79596.0,79544.1,79551.8,267.447,21280232.9272,-0.0005617402281448136,1.5084624745753672e-05,-0.002039356250357116,-0.00021995825909293387,-0.00017094317940623377,0.0006522554885917351,0.5358590161282804,1.548289727073607,,,79556.81378053321,79717.63909512476,80515.30947772555,-6.134056645024089e-05,-0.002060317389817712,-0.011983263698937208,-6.456893117906956e-06,-8.388634208823597e-05,-8.823877272489529e-05,52.61285301311988,12.518658970860997,-3.7386178796143263,16.257276850475325,-4.3463138909298886e-05,5.082673932891876e-05,-9.428987823821764e-05,0.004979357898376313,127.16428571428592,0.0015985092193298695,172.73705,0.0,9,50,1,0.5,0.0,0.0,0.0,0.0,0.0,0.0,0.0,0.0,0.0,0.0,0,1,high
2026-05-14 09:45:00,79636.4,79636.5,79541.5,79565.4,411.008,32708375.7957,0.00017094317940546944,-0.0009396655080458061,-0.00034682429927279657,0.0007619277895134502,-0.0008919497732707832,0.00119363242758837,0.429691263162562,2.360675473174116,,,79557.63151572052,79711.66893453163,80505.8576421263,9.91642688656924e-05,-0.0018152811041218797,-0.011694784991973961,1.0438351884319366e-05,-7.389302751985538e-05,-8.565984782807574e-05,51.96664036966046,10.763196036190493,-0.8382550964533624,11.601451132643856,-2.2244124667694007e-05,3.621256652959622e-05,-5.8456691197290224e-05,0.004239208962586949,127.34285714285735,0.0016004803236439127,174.1061,0.0,9,45,1,0.5,0.0,0.0,0.0,0.0,0.0,0.0,0.0,0.0,0.0,0.0,0,1,high
2026-05-14 09:40:00,79585.0,79641.3,79555.8,79636.4,109.757,8737249.4835,0.0008919497732708948,0.0005011527245315506,0.0010779775774221179,0.0013306788738915998,0.0006456418771033815,0.0010741402729153293,-1.3203438477844704,0.639957506033292,,,79565.1332761281,79708.71721160882,80497.20632230415,0.0008967222285996002,-0.0008871222590531858,-0.01069534432100383,9.439182058780273e-05,-3.601683925355145e-05,-7.593238891166808e-05,53.623503808487065,14.928993497218471,2.3151946222810045,12.613798874937466,5.215014896006674e-05,3.940008301569032e-05,1.2750065944376423e-05,0.003761722655683485,125.83571428571408,0.0015801281108351719,171.5067,0.0,9,40,1,0.5,0.0,0.0,0.0,0.0,0.0,0.0,0.0,0.0,0.0,0.0,0,0,high
2026-05-14 09:35:00,79698.0,79720.1,79551.4,79585.0,188.614,15015807.1235,-0.0006456418771030314,0.00041725107557333274,-0.0006933576118779428,0.00019100900565049983,-0.0014188584966035869,0.002118396110895117,0.5414337673789307,1.063770747911814,,,79567.02534506828,79703.86555625162,80488.12964248023,0.00022716793706933913,-0.0014726557386612882,-0.01122814056429533,2.3912420807723286e-05,-5.992370348294282e-05,-8.16011400379503e-05,56.159544159544694,13.92237904650392,4.636631507125588,9.285747539378331,-1.2814926705676832e-05,2.8957081071416894e-05,-4.1772007777093726e-05,0.0036218488367729114,127.12857142857163,0.0015973936222726849,177.30700000000002,0.0,9,35,1,0.5,0.0,0.0,0.0,0.0,0.0,0.0,0.0,0.0,0.0,0.0,0,1,high
2026-05-14 09:30:00,79704.0,79704.1,79618.7,79698.0,110.403,8795822.7561,0.0014188584966028372,0.0016651663927707006,0.0012743693440313564,0.0027780779783608267,-7.528136413389287e-05,0.001072037500959509,-0.5355652912346196,0.6137329011377655,,,79579.49912172844,79703.63553443784,80480.26765598789,0.001489262011418191,-5.168754629103489e-05,-0.00971167727099953,0.00015676442802630555,-1.932244656049483e-06,-6.667119340470864e-05,64.94425385934878,21.989306425020914,8.107166490704653,13.88213993431626,0.00010112203729007119,4.3390072315147756e-05,5.7731964974923434e-05,0.0036107875265398645,122.67142857142919,0.0015392033497883158,179.8877,0.0,9,30,1,0.5,0.0,0.0,0.0,0.0,0.0,0.0,0.0,0.0,0.0,0.0,0,1,high
2026-05-14 09:25:00,79740.0,79740.1,79688.9,79704.0,67.429,5374979.3849,7.528136413448294e-05,0.0008484979836342887,0.001911390936310653,0.0035796201196465205,-0.0004515692106537963,0.000642292202299198,-0.4930621149445882,0.3755492273083977,,,79591.3563482305,79703.64982720498,80472.5435997094,0.0014155392445474035,2.266857008415002e-05,-0.009540511370477844,0.00014900413622708435,1.0957400024027688e-06,-6.525873014561222e-05,59.75384615384651,28.53759076517599,12.193251345598922,16.344339419577068,8.205655934293871e-05,5.1123369720705946e-05,3.093318962223276e-05,0.0038509881762016822,111.98571428571553,0.001405020002580994,179.54770000000002,0.0,9,25,1,0.5,0.0,0.0,0.0,0.0,0.0,0.0,0.0,0.0,0.0,0.0,0,1,high
2026-05-14 09:20:00,79790.4,79810.6,79740.0,79740.0,45.429,3624433.0504,0.0004515692106537017,0.001945709071391022,0.002192016967558885,0.002442156965557274,-0.0006318545139585238,0.0008849857613550452,-0.39492452479961804,0.2590908352084992,,,79605.51288649427,79705.07532417733,80465.25460866753,0.0016892886023249787,0.00045564022070720966,-0.008998504924404571,0.00017781985760104792,1.8761366302453707e-05,-6.011616357049467e-05,57.751937984496415,36.21459313122614,16.997519702724368,19.21707342850177,9.620136569537442e-05,6.013896891563965e-05,3.6062396779734775e-05,0.004060698471442861,111.42142857143024,0.0013973091117560853,175.34005,0.0,9,20,1,0.5,0.0,0.0,0.0,0.0,0.0,0.0,0.0,0.0,0.0,0.0,0,1,high
2026-05-14 09:15:00,79792.8,79792.8,79749.1,79790.4,26.951,2149838.9511,0.0006318545139585297,0.0011587050887467143,0.00193192170824652,0.0021378788949970584,-3.0078354114837184e-05,0.0005478184864651498,-0.5221302652246318,0.15557726693499624,,,79623.12118301862,79708.42138989588,80458.53963743702,0.0021000818671144117,0.0010448478823246177,-0.008283400157605314,0.0002210612534446176,4.28042348379861e-05,-5.323088319707155e-05,58.31208567057624,45.83714947919361,22.765445658018216,23.071703821175397,0.00012056890067165218,7.222495526684216e-05,4.834394540481003e-05,0.004482681724103106,111.08571428571615,0.0013922190424627042,173.23225,0.0,9,15,1,0.5,0.0,0.0,0.0,0.0,0.0,0.0,0.0,0.0,0.0,0.0,0,1,high
2026-05-14 09:10:00,79840.0,79877.8,79772.5,79792.8,64.097,5115693.9366,3.0078354114948525e-05,0.0011135020787271799,0.0026076419394645,0.0016656970677839666,-0.0005913571819262449,0.0013191333216346418,0.8663771585413116,0.3829070878164732,,,79639.28107035017,79711.73035499801,80451.91536243765,0.0019272878192069243,0.0010327722663827643,-0.00817119919848075,0.00020287240588941102,4.2305180691984625e-05,-5.2401935562126076e-05,60.24633123689827,53.045281666578376,28.821412859730252,24.223868806848124,9.02813338345283e-05,7.583623098037939e-05,1.4445102854148905e-05,0.004868862574245682,112.39285714285923,0.0014085588817895752,167.39569999999998,0.0,9,10,1,0.5,0.0,0.0,0.0,0.0,0.0,0.0,0.0,0.0,0.0,0.0,0,1,high
2026-05-14 09:05:00,79811.9,79859.7,79806.8,79840.0,18.426,1470997.6809,0.0005913571819267105,0.0012532900500001887,0.0017801406247883733,0.002553357244288179,0.0003520158581284565,0.0006626311960944821,-1.2466348502725677,0.11492768836670576,,,79658.39715888826,79716.76053715496,80445.82665236366,0.0022787740486442942,0.0015604380973943677,-0.007504420702957759,0.00023987095598820143,6.383663172079741e-05,-4.59963722040282e-05,58.585858585859235,61.85341621036059,35.42781352985632,26.42560268050427,0.00011029729099459138,8.27284429832218e-05,2.7568848011369585e-05,0.0050957008845682215,107.47142857143002,0.00134608502719727,160.3269,0.0,9,5,1,0.5,0.0,0.0,0.0,0.0,0.0,0.0,0.0,0.0,0.0,0.0,0,0,high
2026-05-14 09:00:00,79782.8,79878.3,79782.7,79811.9,141.395,11288712.4248,-0.000352015858128496,0.000269419677913163,0.0013528434025253944,0.0012248780884789312,0.0003646737682703969,0.0011975374252319354,2.037794681471604,1.1417932925750935,,,79673.01647708938,79720.49149648221,80439.51892447945,0.0017432574104656595,0.0011610331318436806,-0.007778263062967028,0.0001835007832151826,4.752869094239375e-05,-4.904134221322689e-05,67.11493354182988,65.8078986453911,41.50383055296328,24.304068092427826,4.9467530121352664e-05,7.607626041084798e-05,-2.6608730289495313e-05,0.00468704412064164,100.30714285714514,0.0012567943233671313,123.8359,0.0,9,0,1,0.5,0.0,0.0,0.0,0.0,0.0,0.0,0.0,0.0,0.0,0.0,0,0,high
2026-05-14 08:55:00,79796.6,79802.1,79761.7,79782.8,21.313,1700420.7485,-0.00036467376827076237,-0.00012533244447254788,0.0005366004236009303,0.002381793091887019,-0.00017295465497929515,0.0005063805307130609,-1.8922401769792425,0.17225096933095455,,,79683.4720506999,79722.9349672084,80432.98440781797,0.0012472899619844213,0.0007651295846091699,-0.00806191258416078,0.00013129368307366403,3.1363888620309204e-05,-5.218196336802824e-05,68.54040242734023,65.83482478513906,46.37002939939844,19.464795385740622,2.3540520793521272e-07,6.090808937026543e-05,-6.0672684162330214e-05,0.004650017062603925,93.50000000000207,0.0011719317948229702,123.73225,0.0,8,55,1,0.5,0.0,0.0,0.0,0.0,0.0,0.0,0.0,0.0,0.0,0.0,0,1,high
2026-05-14 08:50:00,79764.0,79805.9,79750.0,79796.6,67.056,5349206.4533,0.00017295465497824125,-0.0005437349714210171,7.77005646206419e-05,0.00308759985028928,0.00040862218434386486,0.0007006948948563977,1.146210876003614,0.5350948521379136,,,79694.24614110944,79725.82379202376,80426.65222465561,0.001284983224870473,0.0009012966223469476,-0.007810460835360189,0.00013526139468362375,3.6916467693169285e-05,-4.9941798011348945e-05,64.20784883721062,66.20652105091722,50.337327729702196,15.869193321215022,4.5482823559425255e-06,4.9636127967400853e-05,-4.508784561145833e-05,0.004790501125292382,86.95714285714452,0.0010897349367910978,125.3161,0.0,8,50,1,0.5,0.0,0.0,0.0,0.0,0.0,0.0,0.0,0.0,0.0,0.0,0,1,high
2026-05-14 08:45:00,79857.4,79867.8,79764.0,79764.0,55.943,4465311.5439,-0.0004086221843433435,-0.0006003412976358646,-0.00036099997383765015,0.0015532843537489072,-0.00117026928293451,0.0013004929422531404,-0.18119477595878486,0.44454562864392244,,,79700.88936576569,79727.32089821891,80420.05867018143,0.0007928980842866196,0.00047335387180602595,-0.008137301099109706,8.346295858581734e-05,1.944436369173741e-05,-5.351075707932899e-05,65.52938994993545,63.14267600502353,52.89839738476647,10.244278620257063,-3.851810913900373e-05,3.2005280546119934e-05,-7.052338968512366e-05,0.004861914967507963,86.35714285714494,0.0010826581271895209,125.8431,0.0,8,45,1,0.5,0.0,0.0,0.0,0.0,0.0,0.0,0.0,0.0,0.0,0.0,0,1,high
2026-05-14 08:40:00,79895.7,79895.7,79817.1,79857.4,82.998,6627766.0911,0.001170269282935621,0.0009346017535705187,0.0002179121271712603,0.00327242209599099,-0.0004794899220585275,0.0009842668382936733,0.39448319589680203,0.6574406249480174,,,79715.79514045466,79732.42203946524,80414.46007644827,0.0017761990465334776,0.0015791673447509424,-0.0068977081165115806,0.00018696832280960815,6.457475268169363e-05,-4.133384125828472e-05,75.98639455782303,67.47336520263343,55.813390948339865,11.659974254293566,5.4130824932953e-05,3.643038942348655e-05,1.770043550946645e-05,0.005164428024744306,92.02142857143086,0.0011523218708777254,126.2441,0.0,8,40,1,0.5,0.0,0.0,0.0,0.0,0.0,0.0,0.0,0.0,0.0,0.0,0,0,high
2026-05-14 08:35:00,79850.4,79900.0,79844.6,79895.7,157.125,12550895.3959,0.00047948992205704144,0.0012411370206493189,0.0010494179073567977,0.004313652246192845,0.0005671500113524991,0.0006936071982530416,0.6382251557896783,1.2036056463180391,,,79732.92893660183,79738.82509674111,80409.29828464282,0.0020408614477727127,0.001977925609285336,-0.006354355326848804,0.00021482752273793514,8.084593579445236e-05,-3.615151525514714e-05,76.95446384853962,73.15269873120997,59.28125250491389,13.87144622629608,7.09972393644517e-05,4.3343759411679586e-05,2.765347995277212e-05,0.005609795651607004,89.19285714285901,0.0011163661766885955,130.54525,0.0,8,35,1,0.5,0.0,0.0,0.0,0.0,0.0,0.0,0.0,0.0,0.0,0.0,0,0,high
2026-05-14 08:30:00,79743.0,79877.4,79743.0,79850.4,152.617,12181512.8257,-0.000567150011351103,0.0010826091936415594,0.0008469416642764571,0.0035755590554362726,0.0013459205231912922,0.0016839956767609342,-0.029110151905728188,1.2528058781736848,,,79744.11665692547,79743.20058314342,80403.7371076812,0.0013333579662866413,0.0013554510646809348,-0.006852634638319088,0.00014035347187231248,5.543433002403843e-05,-4.143508238048004e-05,68.2282793867121,73.15499481506413,62.05600096694394,11.098993848120188,-9.006298376396387e-08,3.465699493259087e-05,-3.4747057916354836e-05,0.005643079609781551,93.99285714285881,0.0011771119135641,121.82014999999998,0.0,8,30,1,0.5,0.0,0.0,0.0,0.0,0.0,0.0,0.0,0.0,0.0,0.0,0,0,high
2026-05-14 08:25:00,79722.9,79787.2,79713.6,79743.0,59.701,4761194.1035,-0.0013459205231924898,-0.0014335806124865513,-0.0006719335138942739,0.001337688758972888,0.000252091514316892,0.0009228794491788256,-0.9385827443276531,0.5087387410418318,,,79744.01030864686,79743.1927171378,80397.1626090973,-1.1366122915745791e-05,9.156794762432696e-06,-0.008116977498213274,-1.196432419573449e-06,4.792377410373262e-07,-5.441503701542542e-05,62.28615863141524,63.75559721904574,62.395920217364306,1.3596770016814332,-0.00011790835992217732,4.1439239616372324e-06,-0.00012205228388381456,0.005266225644367353,91.71428571428571,0.0011501233426668886,117.351,0.0,8,25,1,0.5,0.0,0.0,0.0,0.0,0.0,0.0,0.0,0.0,0.0,0.0,0,0,high
2026-05-14 08:20:00,79794.0,79794.0,79681.5,79722.9,137.131,10933055.8674,-0.000252091514315822,-0.0021651620488594148,-0.0005154028438667524,0.0017312391217600975,-0.0008914416555037191,0.0014108752587272577,0.8315879026584678,1.1713885333234246,,,79741.99980306145,79742.39692430886,80390.45352840977,-0.00023836643368468913,-0.00023340786780678968,-0.008285794693998483,-2.509120212397807e-05,-9.42549763374147e-06,-5.638196713781743e-05,52.263224868205235,54.061418507422786,60.72901987537601,-6.667601367953225,-0.00012161544245730058,-2.1007949322150333e-05,-0.00010060749313515025,0.0051553095431306215,91.24285714285672,0.0011444999760778487,117.06705,0.0,8,20,1,0.5,0.0,0.0,0.0,0.0,0.0,0.0,0.0,0.0,0.0,0.0,0,1,high
2026-05-14 08:15:00,79810.2,79838.0,79790.1,79794.0,69.801,5571368.3316,0.0008914416555025895,-0.0007065703820057223,-0.0007942304712997839,0.0012038222806598498,-0.00020300217733152244,0.0006001449799589143,-0.6752883370222316,0.6191761792675641,,,79746.95220276988,79744.42057433598,80384.51866743056,0.0005908775816436673,0.0006322285411179962,-0.007320777386372157,6.219764145950455e-05,2.5902626018663662e-05,-4.695088631552483e-05,57.31469440832236,51.52197457656439,58.88761081561369,-7.3656362390493015,-3.1911901637967724e-05,-2.3188739785313814e-05,-8.72316185265391e-06,0.004916082563601265,95.80714285714203,0.0012006810393907063,112.73205,0.0,8,15,1,0.5,0.0,0.0,0.0,0.0,0.0,0.0,0.0,0.0,0.0,0.0,0,0,high
2026-05-14 08:10:00,79740.5,79851.2,79724.6,79810.2,100.28,8001829.9512,0.00020300217733115744,0.0008423523185179249,-0.0010707182160256679,0.0013315430938565243,0.0008737035241315402,0.0015867070891837647,0.3623179369768268,0.9607784336475567,,,79752.97580250609,79747.00015965613,80378.8040538243,0.0007182721628815614,0.0008024765726268868,-0.00704695157511992,7.560759725680483e-05,3.284770646229087e-05,-4.446379115486132e-05,55.89519650654989,50.23754443615326,57.15759753972161,-6.92005310356835,-1.6185930290194767e-05,-2.1788177886290007e-05,5.602247596095239e-06,0.004388940953322359,97.23571428571242,0.0012183369329448169,104.37370000000001,0.0,8,10,1,0.5,0.0,0.0,0.0,0.0,0.0,0.0,0.0,0.0,0.0,0.0,0,0,high
2026-05-14 08:05:00,79634.7,79741.9,79591.8,79740.5,130.241,10374405.4568,-0.0008737035241299651,0.0002207403087037818,-0.00137727172880453,6.2703590728574454e-06,0.0013276848034268365,0.0018840966399740696,0.2614203070673389,1.4417501011508786,,,79751.78763083884,79746.74525143432,80372.45276970664,-0.00014062837446360277,-6.843373772014161e-05,-0.007841842610700311,-1.4802985732411357e-05,-2.7033221883858316e-06,-5.2714932776504146e-05,45.94110948430184,43.09860293654492,54.345798619086274,-11.247195682541353,-8.957161062954832e-05,-3.534486443494167e-05,-5.422674619460665e-05,0.003760111532681222,109.06428571428322,0.001367740178632981,90.33534999999999,0.0,8,5,1,0.5,0.0,0.0,0.0,0.0,0.0,0.0,0.0,0.0,0.0,0.0,0,0,high
2026-05-14 08:00:00,79711.0,79752.2,79613.0,79634.7,293.857,23411075.0924,-0.001327684803428042,-0.0019983861502268496,-0.0013590360090400821,-0.001953268958313714,-0.000957666329639133,0.001746931392807433,0.813706674095223,2.952139509254288,,,79740.6364279018,79742.35132000553,80365.11194612748,-0.00132847382761625,-0.0013413687944368036,-0.009078288335381046,-0.00013983934932247142,-5.466338027621549e-05,-6.54012001461712e-05,38.991783874111924,28.574376941862283,49.191514283641474,-20.61713734177919,-0.00018226178576103032,-6.47282487001594e-05,-0.00011753353706087091,0.0037680179534098383,111.48571428571138,0.0013999640142514681,99.54034999999999,0.0,8,0,1,0.5,0.0,0.0,0.0,0.0,0.0,0.0,0.0,0.0,0.0,0.0,0,1,high
2026-05-14 07:55:00,79794.7,79846.1,79703.3,79711.0,95.194,7594396.2811,0.0009576663296400056,-0.0012437219979180014,-0.0001492781650842545,-0.001025680982788657,-0.0010494923715265515,0.001790041681517684,-1.1271763398515917,1.0034220746742757,,,79737.81391095876,79741.1218564759,80358.6033695491,-0.00033549249816999804,-0.0003686553093142919,-0.008039819796728409,-3.5314998945092655e-05,-1.4964175965775447e-05,-5.522142373038835e-05,41.367773019272086,22.95597336263745,43.94440609944068,-20.988432736803226,-7.049802306076845e-05,-6.588220357228121e-05,-4.615819488487237e-06,0.0031778385708009387,121.80714285714099,0.001528109581577712,94.86935000000001,0.0,7,55,1,0.5,0.0,0.0,0.0,0.0,0.0,0.0,0.0,0.0,0.0,0.0,0,1,high
2026-05-14 07:50:00,79850.4,79850.5,79792.8,79794.7,83.879,6695899.1201,0.001049492371526739,0.0006794738977387027,8.77255093989504e-06,-0.0005675457931886285,-0.0006977978310655575,0.0007228615608985329,-0.12654163043144706,0.8966877852627371,,,79743.23163372459,79743.22296014351,80352.99239074763,0.0006459998854193572,0.0006541375695761076,-0.006920771928434988,6.79999887188913e-05,2.6779218053538844e-05,-4.422924666315325e-05,48.928749377180054,24.969406759380945,40.149406231428735,-15.17999947204779,2.5194729097760386e-05,-4.7666817038272895e-05,7.286154613603328e-05,0.0030541223802667003,124.94285714285486,0.001565803958694686,93.54315,0.0,7,50,1,0.5,0.0,0.0,0.0,0.0,0.0,0.0,0.0,0.0,0.0,0.0,0,1,high
2026-05-14 07:45:00,79866.6,79880.0,79833.8,79850.4,86.734,6925263.9153,0.0006977978310658273,0.002704956532232572,0.0005035682046745649,0.00048226789600569475,-0.00020285880720981528,0.0005785348703568966,0.03347067960621963,0.917738529061967,,,79753.43814479843,79747.42598131436,80347.99147143672,0.0012158169815830178,0.001298918326106957,-0.006161053957098872,0.0001279807356090757,5.3093673465785446e-05,-3.6845892655899716e-05,54.0752351097173,30.70563626670628,38.26065223848424,-7.555015971777962,7.182515871114744e-05,-2.3768421888388835e-05,9.559358059953627e-05,0.0030199800185565524,127.44999999999813,0.0015961097251860747,94.5084,0.0,7,45,1,0.5,0.0,0.0,0.0,0.0,0.0,0.0,0.0,0.0,0.0,0.0,0,0,high
2026-05-14 07:40:00,79871.7,79880.0,79834.7,79866.6,75.174,6003298.412,0.00020285880720827265,0.001950149009800839,0.0015801305360128026,0.0010498004714847298,-6.38544419431386e-05,0.0005672615133703197,-0.1430405372843646,0.7830979841274058,,,79764.21546434144,79752.09947224321,80343.2015065468,0.0012835638089061518,0.0014428839124018822,-0.005898909626010251,0.00013511198052328492,5.896681596549083e-05,-3.446077126421641e-05,54.207742245732064,36.142219085639226,37.83696560791524,-1.694746522276013,6.805813546563554e-05,-5.40311041758396e-06,7.34612458832195e-05,0.003096209015130881,126.6928571428559,0.0015863058793394971,95.99565,0.0,7,40,1,0.5,0.0,0.0,0.0,0.0,0.0,0.0,0.0,0.0,0.0,0.0,0,0,high
2026-05-14 07:35:00,79870.5,79920.1,79855.2,79871.7,207.176,16549997.4279,6.38544419437892e-05,0.0009645110802178891,0.0029716697813846338,0.0009407002584502777,1.5024207754975863e-05,0.0008123909461524595,1.0137632470692006,1.972975109254725,,,79774.45208678511,79756.789689018,80338.50994926774,0.0012190927031507925,0.0014476505757432534,-0.005776994933480495,0.00012832554827761866,5.915848757248292e-05,-3.348251043627606e-05,56.69526296158129,40.39661053540476,38.34889459341315,2.047715941991612,5.324250537508323e-05,6.326012740949479e-06,4.691649263413375e-05,0.0032203733622519796,123.91428571428489,0.0015514166558904454,105.0069,0.0,7,35,1,0.5,0.0,0.0,0.0,0.0,0.0,0.0,0.0,0.0,0.0,0.0,0,0,high
2026-05-14 07:30:00,79755.8,79881.9,79755.8,79870.5,145.141,11589671.6888,-1.5024207755232055e-05,0.0002516890413968298,0.001998979243989396,0.0013342982350383892,0.0014371067893021235,0.0015798276500759189,-0.35586298983500875,1.3308472195350962,,,79783.59950709129,79761.24891689965,80333.85313385214,0.0010893953053585648,0.001376444941792343,-0.005734387109979977,0.00011467319056020431,5.6249362265513705e-05,-3.329884573298209e-05,50.919814632776685,43.17373647997738,39.313862970726,3.859873509251379,3.473575184808947e-05,1.2007960562377478e-05,2.272779128571199e-05,0.0033242841626136646,123.51428571428447,0.0015464318579986912,109.05909999999999,0.0,7,30,1,0.5,0.0,0.0,0.0,0.0,0.0,0.0,0.0,0.0,0.0,0.0,0,0,high
2026-05-14 07:25:00,79722.7,79809.9,79722.7,79755.8,112.094,8943044.8341,-0.0014371067893019784,-0.0013882765551134213,-0.0004876199168393214,-0.0012730778371992102,0.00041510298222383247,0.0010931936003573289,-0.2583678787195973,0.9855067367079148,,,79780.95193498736,79761.03523388399,80328.10136137602,-0.00031459610451989306,-5.8282951529875504e-05,-0.007100135751031189,-3.3115378950479744e-05,-2.313624070466375e-06,-4.726708397744972e-05,41.12872542802827,35.707681462401524,38.592626669061104,-2.88494520665958,-9.360217553260724e-05,-9.114066656619465e-06,-8.448810887598777e-05,0.0033259497864532024,130.1142857142851,0.0016314084457090907,113.74249999999999,0.0,7,25,1,0.5,0.0,0.0,0.0,0.0,0.0,0.0,0.0,0.0,0.0,0.0,0,0,high
2026-05-14 07:20:00,79662.7,79739.2,79660.9,79722.7,70.451,5614551.7117,-0.00041510298222391384,-0.0018672339792811243,-0.0016005207301290625,-0.0021676707414801655,0.000752892082138332,0.0009824335906662475,-0.4644203722979583,0.6393285376055058,,,79775.40413165523,79759.53189137873,80322.07746723299,-0.0006602039356256029,-0.0004548217794884124,-0.007440460238397506,-6.94951506908068e-05,-1.8501442037268237e-05,-5.0927142666469264e-05,41.77508695092125,26.810827172725112,36.23626676979391,-9.425439597068795,-0.00011155777305219512,-2.9602807935734596e-05,-8.195496511646053e-05,0.0034195668276570416,125.9857142857145,0.0015802991404670753,110.1953,0.0,7,20,1,0.5,0.0,0.0,0.0,0.0,0.0,0.0,0.0,0.0,0.0,0.0,0,1,high
2026-05-14 07:15:00,79712.6,79721.7,79662.7,79662.7,138.02,10999435.2212,-0.0007528920821382457,-0.002605101853664138,-0.002556271619475581,-0.002353412812267308,-0.0006261949201736917,0.0007403485246348123,0.6724811694843487,1.1895132880837953,,,79764.67040483093,79755.73456230505,80315.51649740977,-0.0012785154446444125,-0.0011603525337200438,-0.00811182642679853,-0.00013458057273342002,-4.73010749824046e-05,-5.791186843235759e-05,44.49169982164892,14.748496009313385,31.938712617697806,-17.19021660838442,-0.00015130037425811874,-5.394232120021143e-05,-9.735805305790731e-05,0.003713924517021446,120.50000000000104,0.0015126276161867604,116.03065,0.0,7,15,1,0.5,0.0,0.0,0.0,0.0,0.0,0.0,0.0,0.0,0.0,0.0,0,1,high
2026-05-14 07:10:00,79739.7,79739.8,79689.3,79712.6,54.937,4379117.2077,0.0006261949201729067,-0.0005418001441892528,-0.0019939311412464633,-0.0003812973689019117,-0.0003399135699004561,0.000633510465642247,-0.9212115280398994,0.47595531978857214,,,79759.71131865657,79754.04301084211,80309.51732828133,-0.0005901947602371393,-0.0005132102561535845,-0.00741114761103745,-6.212576388519843e-05,-2.088946732925514e-05,-5.110483570991715e-05,49.321207328325535,9.110504402546212,27.37307097466749,-18.262566572121276,-7.07008807250254e-05,-5.7294033105174225e-05,-1.340684761985118e-05,0.0038001213355141543,117.97142857143002,0.0014799596120491619,115.42469999999999,0.0,7,10,1,0.5,0.0,0.0,0.0,0.0,0.0,0.0,0.0,0.0,0.0,0.0,0,1,high
2026-05-14 07:05:00,79709.9,79782.1,79701.0,79739.7,123.094,9814789.2072,0.00033991356990092925,0.00021321640793559027,-0.001638993363590302,0.00021070771531483956,0.0003737858275839907,0.0010170357484970299,0.806761216988888,1.0362996154728505,,,79757.80547878452,79753.4805398287,80303.84750411933,-0.0002264448864952584,-0.00016650073777135788,-0.0070008735034150504,-2.383630352461484e-05,-6.7403286143459515e-06,-4.7214105305829126e-05,46.20120330208457,6.751274461043067,23.248711671942605,-16.497437210899538,-2.9584680050138245e-05,-5.1752162494167036e-05,2.216748244402879e-05,0.003824733639349722,115.5428571428586,0.001449000399335069,118.78225,0.0,7,5,1,0.5,0.0,0.0,0.0,0.0,0.0,0.0,0.0,0.0,0.0,0.0,0,1,high
2026-05-14 07:00:00,79770.1,79839.0,79677.0,79709.9,176.843,14102443.1248,-0.0003737858275840722,0.0005923226624897637,-0.0005756724018723958,-0.001054519767771822,-0.0007549536350550304,0.002031144909537839,0.3623140421603752,1.4322228476325072,,,79753.2430522336,79751.7714990511,80297.93757870521,-0.0005430658841678593,-0.0005190988569108157,-0.007301279636163116,-5.716482962551554e-05,-2.1134269750413648e-05,-5.046357517924448e-05,43.11410133186856,2.4487293563142885,19.088715208816943,-16.639985852502654,-5.396727043129356e-05,-5.219518408159235e-05,-1.772086349701216e-06,0.003789315441754467,118.07142857143064,0.001481264291780954,123.47449999999999,0.0,7,0,1,0.5,0.0,0.0,0.0,0.0,0.0,0.0,0.0,0.0,0.0,0.0,0,1,high
2026-05-14 06:55:00,79804.4,79804.5,79751.9,79770.1,59.985,4785460.1293,0.0007549536350559549,0.000721081377372812,0.000594384215407473,-0.0005025683100470246,-0.00042989325397520386,0.0006593280107284236,-1.081167802334929,0.5057010980673172,,,79754.84847583041,79752.4902637942,80292.68546349421,0.0001917079650883835,0.00022660557115905533,-0.006481188428956841,2.0179786058434026e-05,9.300550045914529e-06,-4.244947358486439e-05,52.05898720089073,3.8521629140595905,16.041404749865475,-12.189241835805884,1.7586466551123023e-05,-3.8238853955049274e-05,5.58253205061723e-05,0.0035021179358072693,109.22857142857434,0.0013692921461622128,118.61749999999999,0.0,6,55,1,0.5,0.0,0.0,0.0,0.0,0.0,0.0,0.0,0.0,0.0,0.0,0,1,high
2026-05-14 06:50:00,79791.2,79820.0,79782.1,79804.4,50.125,3999787.3047,0.00042989325397435607,0.0008110610614462388,0.0017771695515200747,0.0008010284680572965,0.00016541809461029334,0.0004749311031920389,-0.17957464534015788,0.4416575838664798,,,79759.56766860846,79754.52593972384,80287.8269016684,0.0005624011029610188,0.0006307537731675694,-0.005991083282694376,5.920011633614089e-05,2.579438157252008e-05,-3.774954594745922e-05,63.108295998763815,7.644002164015546,14.36192423269549,-6.717922068679943,4.751592847042588e-05,-2.1087897469954245e-05,6.860382594038012e-05,0.003393001377420303,102.85000000000271,0.001288776057460525,113.49289999999999,0.0,6,50,1,0.5,0.0,0.0,0.0,0.0,0.0,0.0,0.0,0.0,0.0,0.0,0,0,high
2026-05-14 06:45:00,79837.2,79851.9,79778.8,79791.2,101.195,8078186.0488,-0.00016541809461045887,0.0010194287944198521,0.0009855565367367092,0.0019632951768748796,-0.0005763385622270729,0.0009158639924490865,0.7025294628914356,0.8756346934607969,,,79762.58027159813,79755.96413816605,80282.88534045778,0.0003591751027940404,0.00044708722057329453,-0.0060952426571336815,3.780790576979806e-05,1.82958530947562e-05,-3.9019879765001504e-05,56.86408764121854,9.474713802424958,13.384482146641385,-3.9097683442164275,2.293422064578701e-05,-1.2283473846805995e-05,3.5217694492593003e-05,0.003395699167843536,92.97142857143002,0.0011651839873498585,115.5676,0.0,6,45,1,0.5,0.0,0.0,0.0,0.0,0.0,0.0,0.0,0.0,0.0,0.0,0,0,high
2026-05-14 06:40:00,79800.0,79859.4,79798.2,79837.2,67.581,5395052.3773,0.0005763385622277184,0.0008408137215916156,0.0012219815290634983,0.0015819674094625924,0.00046605679219314616,0.0007666406484560294,-0.4037224700642028,0.6029167607130336,,,79769.68691239829,79759.14985823797,80278.45066045322,0.0008464171254960462,0.0009832914383771652,-0.005463989626299792,8.909653971817143e-05,4.017988090389197e-05,-3.289691019293464e-05,53.888380603842634,14.470573760685511,13.601700469450211,0.8688732912352997,6.258516040963353e-05,2.6902530044819106e-06,5.989490740515162e-05,0.0034413729387035037,87.87857142857267,0.0011007221123558026,112.0901,0.0,6,40,1,0.5,0.0,0.0,0.0,0.0,0.0,0.0,0.0,0.0,0.0,0.0,0,0,high
2026-05-14 06:35:00,79733.0,79800.0,79724.4,79800.0,117.146,9344272.5461,-0.00046605679219346996,-5.513632457621043e-05,0.0011297105644541006,6.641824574238342e-05,0.0008399516581415237,0.0009478174581400747,0.5500941416574143,1.0234904093096686,,,79772.57387312227,79760.75182458159,80273.68995736414,0.0003441355396542889,0.0004969509345684742,-0.005871040981494602,3.622479382182464e-05,2.032746235105425e-05,-3.720695877005439e-05,45.22727272727328,15.252280864617205,13.931816548483612,1.3204643161335934,9.783444938482486e-06,4.108891391282026e-06,5.67455354720046e-06,0.003446966440690779,89.84285714285839,0.00112585034013607,114.45734999999999,0.0,6,35,1,0.5,0.0,0.0,0.0,0.0,0.0,0.0,0.0,0.0,0.0,0.0,0,0,high
2026-05-14 06:30:00,79779.0,79802.4,79725.5,79733.0,183.747,14654293.1247,-0.0008399516581416577,-0.0007296698881074093,-0.0004651947287435121,-0.0014713312434651016,-0.0005767591312899433,0.0009640947565460204,0.4501387913176744,1.5488992309747818,,,79768.80493282492,79759.66351773526,80268.30995778838,-0.00044859553577403233,-0.0003295497148059212,-0.0066442165934699204,-4.722058255564988e-05,-1.3408973746699163e-05,-4.519446821653801e-05,38.45888044229367,10.346184939044178,13.214690226595726,-2.8685052875515478,-6.152328378194408e-05,-9.017543643363198e-06,-5.250574013858089e-05,0.003445057911996081,92.10000000000062,0.0011551051634831327,118.63069999999998,0.0,6,30,1,0.5,0.0,0.0,0.0,0.0,0.0,0.0,0.0,0.0,0.0,0.0,0,1,high
2026-05-14 06:25:00,79809.2,79844.9,79777.0,79779.0,124.148,9906333.2058,0.0005767591312899611,-0.0007292493190451665,-0.000318328851427907,-0.001097430919383413,-0.0003784741022267563,0.0008507605046107048,-0.39208540914954426,1.0492026058505293,,,79769.7758916035,79760.4218111574,80263.4412019895,0.00011595753879944937,0.00023751492956236575,-0.006007084751114888,1.2206056858217832e-05,9.734873509640456e-06,-3.9005875186622606e-05,42.520574471518685,10.05398801798583,12.582549784873748,-2.5285617668879183,-3.675292781671128e-06,-7.949093471024785e-06,4.273800689353657e-06,0.003429882355947533,95.45714285714244,0.001196519671306264,118.32604999999998,0.0,6,25,1,0.5,0.0,0.0,0.0,0.0,0.0,0.0,0.0,0.0,0.0,0.0,0,1,high
2026-05-14 06:20:00,79795.5,79852.6,79795.4,79809.2,91.923,7338639.4327,0.0003784741022272442,0.00011528157537554762,0.00022556334540979606,-0.0007828112590999581,0.00017167414284979994,0.000716576498892574,-0.30052313219586946,0.8493352311549501,,,79773.53056859365,79762.33468130809,80258.92138903438,0.00044734291330961184,0.0005918325991700613,-0.005572604572780193,4.708872784574415e-05,2.4195235420134722e-05,-3.485184556061398e-05,45.275165716047226,12.119600253397948,12.489959878578588,-0.37035962518064025,2.587148181219116e-05,-1.1849784143815963e-06,2.7056460226572756e-05,0.0030495967980810647,91.70714285714348,0.0011490798411354015,108.22935,0.0,6,20,1,0.5,0.0,0.0,0.0,0.0,0.0,0.0,0.0,0.0,0.0,0.0,0,1,high
2026-05-14 06:15:00,79888.9,79894.7,79795.4,79795.5,158.519,12653329.6974,-0.00017167414284990912,0.0007835590906672962,-0.0005224493596678315,-0.0009394611941946351,-0.0011698075785874092,0.001243658971956826,0.5449231898664371,1.423027480439084,,,79775.62289539426,79763.63528204111,80254.31023093454,0.00024941460184457753,0.00040368165411130974,-0.00568712171348551,2.625416873187241e-05,1.6514083331113397e-05,-3.62132614540398e-05,53.62424685046534,12.506964822430746,12.49336086734902,0.013603955081725516,4.83936279197199e-06,1.9889826889121014e-08,4.819472965082869e-06,0.0029431714695234024,88.24285714285777,0.0011058625754943295,111.39559999999999,0.0,6,15,1,0.5,0.0,0.0,0.0,0.0,0.0,0.0,0.0,0.0,0.0,0.0,0,1,high
2026-05-14 06:10:00,79812.6,79907.1,79812.5,79888.9,102.022,8149378.8578,0.001169807578587978,0.001376607537965313,0.0011134150111136165,0.0016674531736953213,0.0009555327383327961,0.001184576107904963,-0.44068598364823774,0.9084550467375021,,,79786.41119107099,79768.54762392186,80250.67430823868,0.0012840581632485026,0.0015117837725941996,-0.00447236573554477,0.00013516401728959674,6.174127922353946e-05,-2.421305409043764e-05,63.667763157894825,20.118638318715966,14.01841635762241,6.100221961093556,9.531884432625317e-05,1.907968072676193e-05,7.623916359949124e-05,0.0031696758837294558,89.4357142857147,0.0011195011357737397,112.30274999999999,0.0,6,10,1,0.5,0.0,0.0,0.0,0.0,0.0,0.0,0.0,0.0,0.0,0.0,0,0,high
2026-05-14 06:05:00,79846.4,79914.8,79812.5,79812.6,174.267,13917112.6679,-0.0009555327383328205,4.260069740524841e-05,0.0009978339309224538,0.0011270234175864147,-0.00042340238263962904,0.0012809333656519134,0.5354001295556401,1.4935541320918686,,,79788.90536334994,79770.27516808177,80246.31535989801,0.0002972372892102726,0.0005344372682110077,-0.005373889533839105,3.128813580174748e-05,2.184818049583907e-05,-3.3479916620212596e-05,62.00544609963279,19.766318256617524,15.167996737421435,4.598321519196089,-4.421744930613089e-06,1.4379395595286928e-05,-1.8801140525900017e-05,0.0030997408521977795,92.45714285714348,0.001158427903077252,116.67940000000002,0.0,6,5,1,0.5,0.0,0.0,0.0,0.0,0.0,0.0,0.0,0.0,0.0,0.0,0,0,high
2026-05-14 06:00:00,79773.3,79858.1,79766.5,79846.4,195.314,15590280.618,0.0004234023826388267,0.0006376772228939842,0.0008444771822713193,0.002303317882363487,0.0009159271081254393,0.0011476929001497781,0.114019914043749,1.591977594908645,,,79794.3810430309,79773.26045560799,80242.3361025856,0.0006520073221487621,0.0009202773116001595,-0.004901228572581573,6.86323497862312e-05,3.7595404109289565e-05,-2.893382409027191e-05,60.99967116080225,21.961323128110962,16.526662015559342,5.43466111255162,2.7484831483319537e-05,1.700048277289345e-05,1.0484348710426088e-05,0.0030385378466261975,93.49285714285777,0.0011709088592955698,122.6864,0.0,6,0,1,0.5,0.0,0.0,0.0,0.0,0.0,0.0,0.0,0.0,0.0,0.0,0,0,high
2026-05-14 05:55:00,79804.7,79818.2,79727.1,79773.3,254.141,20273592.9524,-0.0009159271081244924,-0.0014480574638184862,-0.0004499240280804173,0.0007611958540660879,-0.0003935379614387776,0.0011419955323120803,0.2632807112064821,2.0325645731003363,,,79792.373324647,79773.26200636846,80237.66907668923,-0.00023878456826409433,4.17960726117883e-06,-0.005759273534629017,-2.5135217633837705e-05,2.0236441384713664e-07,-3.7759627911507934e-05,52.56802201161787,17.599445769563317,16.741218766360138,0.8582270032031794,-5.467145499381648e-05,2.6660952195514645e-06,-5.7337550213367946e-05,0.0028653893653088486,96.22142857142795,0.0012061858863984308,125.03465000000001,0.0,5,55,1,0.5,0.0,0.0,0.0,0.0,0.0,0.0,0.0,0.0,0.0,0.0,0,1,high
2026-05-14 05:50:00,79791.7,79974.3,79787.1,79804.7,640.262,51145186.3168,0.00039353796143792863,-9.89867640477371e-05,0.00011528807620742043,0.0008148202456030873,0.00016291094321370798,0.0023434958090596952,0.9239882364749228,4.2743775147589265,,,79793.54729372823,79774.49486886383,80233.36092667242,0.00014001497477522662,0.0003821208012979582,-0.0053123451694787605,1.4738418468235277e-05,1.562728978734053e-05,-3.346810960952349e-05,57.22781335773184,16.486300308955833,16.69023507487928,-0.20393476592344584,-1.3957127396920032e-05,-6.585493037428347e-07,-1.3298578093177197e-05,0.002681851216587472,99.00714285714223,0.0012406179442707287,149.79070000000002,0.0,5,50,1,0.5,0.0,0.0,0.0,0.0,0.0,0.0,0.0,0.0,0.0,0.0,0,0,high
2026-05-14 05:45:00,79665.0,79828.2,79664.9,79791.7,358.655,28608973.254,-0.00016291094321374544,-0.0006853000899003092,-0.001217430445594303,0.001025695129973414,0.0015891464788105006,0.0020477382038832604,-0.5795165439390981,2.2122980839662283,,,79793.37136099221,79775.16957988877,80228.96629058613,-2.0715400015802743e-05,0.0002106133930599441,-0.005420775952368118,-2.180568358620028e-06,8.625790453964612e-06,-3.475609800359535e-05,51.7745645744326,14.389262693846831,16.23004059867279,-1.8407779048259592,-2.628846851234075e-05,-5.784533145462418e-06,-2.0503935366878333e-05,0.0026736444818743215,103.91428571428489,0.001302319485789686,162.11875,0.0,5,45,1,0.5,0.0,0.0,0.0,0.0,0.0,0.0,0.0,0.0,0.0,0.0,0,0,high
2026-05-14 05:40:00,79660.4,79694.0,79646.1,79665.0,69.295,5520503.5487,-0.001589146478810477,-0.0013585194605862938,-0.0018510441860719595,-0.0013184049838930179,5.7743460883048826e-05,0.0006012297148412016,-1.6439881701227703,0.4275860409308967,,,79781.1455170882,79770.84920420685,80223.35468570469,-0.0014565416998912895,-0.0013244729647414744,-0.00694017195922747,-0.00015332017887784448,-5.4031945595621334e-05,-5.0222668956897656e-05,40.057061340941104,2.4751817966025556,13.479068838258744,-11.003887041656188,-0.00014942396688669924,-3.4512419893709786e-05,-0.00011491154699298946,0.00290357111722958,110.74999999999896,0.0013901964476244143,162.06095,0.0,5,40,1,0.5,0.0,0.0,0.0,0.0,0.0,0.0,0.0,0.0,0.0,0.0,0,0,high
2026-05-14 05:35:00,79646.3,79737.9,79646.3,79660.4,313.096,24952746.3832,-5.7743460882164754e-05,-0.0018098008829063872,-0.002332190029592951,-0.0018060416987495387,0.00017701703741028599,0.0011494239715726083,1.5081370992588914,1.8329564630689095,,,79769.64594403218,79766.51786286541,80217.75314654346,-0.0013700675264143314,-0.0013280118599130475,-0.006928284420904873,-0.00014421763430682736,-5.417749521470147e-05,-5.029750270739783e-05,40.55459272096966,-7.254370835682494,9.332380903470497,-16.58675173915299,-0.00012203160701037169,-5.201625731704217e-05,-7.001534969332952e-05,0.0029155774944938343,112.07142857142753,0.0014068649990638703,170.81475,0.0,5,35,1,0.5,0.0,0.0,0.0,0.0,0.0,0.0,0.0,0.0,0.0,0.0,0,0,high
2026-05-14 05:30:00,79557.9,79717.2,79557.9,79646.3,360.557,28722227.2598,-0.00017701703741046515,-0.001823906977103107,-0.0015932799588789237,-0.001817640641549545,0.0011105235802201263,0.0020003133335548227,0.14114020517761716,1.9374811085153745,,,79757.8987112672,79761.80343687069,80212.06704558282,-0.0013997431767940327,-0.0014460081562521765,-0.00703460194131722,-0.0001473413869833643,-5.899473216355495e-05,-5.1558393599965666e-05,35.5488266464791,-15.919355139209074,4.282033694934583,-20.201388834143657,-0.0001086943840723684,-6.335188266810743e-05,-4.534250140426098e-05,0.0031891336164548414,118.57857142857081,0.0014888145642493224,186.09575,0.0,5,30,1,0.5,0.0,0.0,0.0,0.0,0.0,0.0,0.0,0.0,0.0,0.0,0,0,high
2026-05-14 05:25:00,79551.3,79572.7,79480.1,79557.9,182.322,14501068.9663,-0.001110523580219791,-0.001345284078512421,-0.0030973415005366434,-0.0035045027839970544,8.296189037183409e-05,0.0011643933393481033,-0.6818757033564493,0.9643750580181707,,,79738.85121495604,79753.80722366009,80205.55792075115,-0.0022711937325361475,-0.0024562755899442124,-0.008064079496447718,-0.00023907302443445256,-0.000100231157577525,-6.20953606310087e-05,32.991428972880314,-29.578595204468,-2.490092084945934,-27.088503119522066,-0.0001714740688427979,-8.497631990304552e-05,-8.649774893975239e-05,0.0039909620175491165,122.3928571428561,0.0015384123656212157,189.05715,0.0,5,25,1,0.5,0.0,0.0,0.0,0.0,0.0,0.0,0.0,0.0,0.0,0.0,0,0,high
2026-05-14 05:20:00,79413.6,79572.6,79413.6,79551.3,216.406,17208316.477,-8.296189037260149e-05,-0.0013705025080028577,-0.0030173924476954994,-0.003121407882176186,0.0017324583532740902,0.00200017426681343,0.17138191841966322,1.1328063452147326,,,79720.98919448403,79745.86576390872,80199.04789168896,-0.002129950325487684,-0.002439659539913208,-0.008065976298395228,-0.00022420529738094292,-9.955393141262604e-05,-6.23029877926166e-05,36.050974973129705,-40.469696734755416,-10.08601301490783,-30.383683719847586,-0.00013673557801879678,-9.532817152619579e-05,-4.140740649260099e-05,0.004621616869252571,128.25714285714224,0.0016122570323444398,191.0353,0.0,5,20,1,0.5,0.0,0.0,0.0,0.0,0.0,0.0,0.0,0.0,0.0,0.0,0,0,high
2026-05-14 05:15:00,79363.9,79440.0,79330.9,79413.6,72.797,5779651.5932,-0.001732458353274069,-0.0029259438238664615,-0.0031607043221590914,-0.004013914577308597,0.0006260333060189437,0.0013743074728634261,-1.0894815274581626,0.3797921387091439,,,79691.7140331046,79732.83573395152,80191.2324897816,-0.003494560233164634,-0.0040085054267891,-0.009700937789462571,-0.0003678484455612406,-0.0001635893989366042,-7.892144914069076e-05,25.410497981155928,-59.52603329854901,-19.97401707163607,-39.55201622691294,-0.00023954433492069313,-0.00012417140420509527,-0.00011537293071559786,0.006001623465707253,136.00714285714326,0.001712642958600835,191.6759,0.0,5,15,1,0.5,0.0,0.0,0.0,0.0,0.0,0.0,0.0,0.0,0.0,0.0,0,0,high
2026-05-14 05:10:00,79423.6,79427.1,79347.5,79363.9,78.827,6258663.4281,-0.0006260333060197354,-0.002441453549666406,-0.003728994167296662,-0.005216707014618294,-0.0007519483940865525,0.0010026793538630081,0.07958083220787593,0.4081952866486114,,,79660.49364899939,79718.36766595342,80183.00032570418,-0.0037281560592621332,-0.004452792115836601,-0.010224215164184258,-0.0003924374798906211,-0.00018172445411633484,-8.43653482141141e-05,20.79999999999812,-77.7425245288905,-31.527718563086957,-46.21480596580354,-0.00022910082918057168,-0.00014515728920019058,-8.394353998038111e-05,0.0072611824758148785,136.4357142857147,0.00171911554605702,193.11100000000002,0.0,5,10,1,0.5,0.0,0.0,0.0,0.0,0.0,0.0,0.0,0.0,0.0,0.0,0,0,high
2026-05-14 05:05:00,79421.3,79437.6,79376.5,79423.6,43.84,3481240.0931,0.0007519483940878757,-0.0016065432652059286,-0.002800028735798321,-0.004843232722757662,2.8959066361681746e-05,0.000769453128085774,-0.5867089351304413,0.23044181593827906,,,79637.93234909468,79706.80814964153,80175.44410355788,-0.002692759316110127,-0.003555712595405325,-0.00937801535944871,-0.0002834483490355261,-0.0001451098326181305,-7.604381843996496e-05,27.000618429189387,-86.36635640988243,-42.495446132446055,-43.87091027743637,-0.00010838329357296824,-0.0001378024900747461,2.941919650177786e-05,0.0079021617779226,134.60714285714388,0.0016948003220345574,190.24325,0.0,5,5,1,0.5,0.0,0.0,0.0,0.0,0.0,0.0,0.0,0.0,0.0,0.0,0,0,high
2026-05-14 05:00:00,79403.3,79446.7,79356.3,79421.3,86.089,6834963.4577,-2.895906636268819e-05,9.695602170545214e-05,-0.0017184642219412183,-0.004700517646270441,0.00022666513974617261,0.0011385176572845331,0.6748350022116814,0.45033011427344394,,,79617.30069679995,79695.61175161636,80167.94018212945,-0.0024625071079515948,-0.0034440963024824356,-0.009313372690233024,-0.0002592112744952558,-0.00014055490060811316,-7.557531344417117e-05,17.41009199888454,-92.32216365099885,-52.46078963615662,-39.86137401484223,-7.486350276451518e-05,-0.00012521469261269992,5.0351189848184746e-05,0.008299357356525998,133.09285714285735,0.001675782908902994,191.16864999999999,0.0,5,0,1,0.5,0.0,0.0,0.0,0.0,0.0,0.0,0.0,0.0,0.0,0.0,0,0,high
2026-05-14 04:55:00,79408.3,79424.4,79375.0,79403.3,111.585,8859362.2839,-0.00022666513974556324,0.0004963241879796243,-0.00186216747131418,-0.0060969903646039825,-6.296769255707669e-05,0.0006221686176840751,0.2594049874599724,0.5845494749348579,,,79596.9196780571,79684.14854567063,80160.33182210826,-0.0024330606050586567,-0.003526810013120496,-0.009445112080427975,-0.00025611164261433273,-0.00014393177273115042,-7.707869480040392e-05,18.95008344712423,-97.3721874023031,-61.44306918938592,-35.929118212917174,-6.35198377255917e-05,-0.00011287572163527829,4.935588390968659e-05,0.008705788752968046,129.3142857142853,0.0016285757105093275,190.8906,0.0,4,55,1,0.5,0.0,0.0,0.0,0.0,0.0,0.0,0.0,0.0,0.0,0.0,0,0,high
2026-05-14 04:50:00,79399.9,79418.6,79350.0,79408.3,86.426,6860773.6381,6.296769255698109e-05,-0.00019265651355127034,-6.674142548313e-05,-0.005078489933714181,0.00010578798837654235,0.0008641507737546388,-0.2554980758446028,0.464594592487927,,,79578.95589919452,79673.33095564433,80152.84891840568,-0.002144369777976607,-0.0033280053668161003,-0.00928878971734548,-0.00022572313450277903,-0.0001358180682100472,-7.568519840878816e-05,15.246707916865844,-99.82024376126355,-69.11850410376145,-30.701739657502102,-3.080386467408866e-05,-9.646135024304036e-05,6.56574855689517e-05,0.009086844150177338,127.67142857142815,0.0016077844327536056,186.02455,0.0,4,50,1,0.5,0.0,0.0,0.0,0.0,0.0,0.0,0.0,0.0,0.0,0.0,0,0,high
2026-05-14 04:45:00,79346.9,79440.0,79288.5,79399.9,178.029,14132167.7516,-0.00010578798837634906,-0.0002694854355649312,0.00045350389216025633,-0.005607680304729357,0.0006677300199970222,0.0019089205278852012,0.7226579019033466,0.9433569346105789,,,79561.9029564141,79662.60817307005,80145.35688936683,-0.002035857026701393,-0.003299134792243308,-0.009301099320589756,-0.00021430073963359523,-0.00013464041802049043,-7.59847286572216e-05,16.990806223479908,-101.27076946973102,-75.54895717695537,-25.721812292775653,-1.8282642503927827e-05,-8.082560869521786e-05,6.254296619129003e-05,0.009318163338275934,129.971428571429,0.001636921816922049,188.7186,0.0,4,45,1,0.5,0.0,0.0,0.0,0.0,0.0,0.0,0.0,0.0,0.0,0.0,0,0,high
2026-05-14 04:40:00,79345.0,79353.6,79321.4,79346.9,222.661,17665707.3652,-0.0006677300199964264,-0.0007105503158157944,-0.0009661745219240458,-0.005359483216601291,2.3945771650374558e-05,0.0004058610422816895,0.22370397707274758,1.1403571218224327,,,79541.42648437466,79650.22746040064,80137.41204469651,-0.0024461025660595936,-0.003811301486269514,-0.00986963700884047,-0.00025748448062053154,-0.00015554589260778206,-8.187274150636794e-05,11.018392370573707,-105.48105862060038,-81.53537746568438,-23.945681154916002,-5.3091503525444115e-05,-7.527878766126311e-05,2.2187284135818995e-05,0.009531076557390402,121.22142857142899,0.0015277399441116035,195.25549999999998,0.0,4,40,1,0.5,0.0,0.0,0.0,0.0,0.0,0.0,0.0,0.0,0.0,0.0,0,0,high
2026-05-14 04:35:00,79263.4,79364.0,79263.4,79345.0,281.031,22289400.5252,-2.39457716517677e-05,-0.0007974637800245432,-0.0009611612272131254,-0.005776966949690987,0.0010289493772009256,0.0012683812946192828,0.2328145480907029,1.3955182487333717,,,79522.71920014851,79638.25775607121,80129.52734773436,-0.002234805638881454,-0.0036848454046705115,-0.009795139170737599,-0.0002352426988139826,-0.00015038510355068347,-8.129635374662068e-05,11.230689116474466,-107.72922181717877,-86.77414633598326,-20.955075481195507,-2.8402363392010375e-05,-6.590350280741256e-05,3.750113941540219e-05,0.009641422708222361,116.74285714285777,0.0014713322470585137,201.3811,0.0,4,35,1,0.5,0.0,0.0,0.0,0.0,0.0,0.0,0.0,0.0,0.0,0.0,0,0,high
2026-05-14 04:30:00,79277.3,79328.1,79263.0,79263.4,130.952,10385300.825,-0.0010289493772006608,-0.001720625168848855,-0.001763445464668223,-0.006643005383677902,-0.00017534929561461416,0.0008209792813907746,-0.7636341396915549,0.6456320540202615,,,79498.0221334677,79623.55745191156,80120.90916516984,-0.0029529212050274367,-0.004528940084544075,-0.010716386174328463,-0.0003108338110412853,-0.00018483860447813356,-9.072573706457132e-05,12.184557438796247,-114.77232150889176,-92.37378137056497,-22.398540138326794,-8.890657411881003e-05,-7.050411706969206e-05,-1.840245704911797e-05,0.00950985883399285,112.20000000000125,0.0014155335249308163,202.82760000000002,0.0,4,30,1,0.5,0.0,0.0,0.0,0.0,0.0,0.0,0.0,0.0,0.0,0.0,0,0,high
2026-05-14 04:25:00,79281.4,79316.7,79269.4,79277.3,50.55,4008144.034,0.0001753492956151348,-0.0008775458532372937,-0.0016510638616100692,-0.004878509609252291,-5.171586296946455e-05,0.00059652140260204,-0.9518678983755731,0.2570664673193765,,,79477.00097789936,79609.9787283072,80112.51504412339,-0.0025130412513725275,-0.004182861738383892,-0.010436150939622024,-0.00026453065802638817,-0.00017071358878820148,-8.807822430158918e-05,14.547473625766372,-117.87364096524834,-97.47375328950164,-20.399887675746697,-3.922756789246357e-05,-6.424880723424636e-05,2.5021239341782792e-05,0.009412162002639451,109.4642857142878,0.0013807771671624511,196.64175,0.0,4,25,1,0.5,0.0,0.0,0.0,0.0,0.0,0.0,0.0,0.0,0.0,0.0,0,0,high
2026-05-14 04:20:00,79307.8,79331.8,79254.0,79281.4,53.224,4219890.2981,5.171586296981445e-05,-0.0008018842186157116,-0.0014935600102639057,-0.004769050285400311,-0.00033293566325916436,0.0009811724157081517,0.05154647697310599,0.2808102365102374,,,79458.37231333752,79597.09328798142,80104.24524268933,-0.0022269134466501583,-0.003969140154810091,-0.010281107364447095,-0.00023441194174103554,-0.00016199086518984792,-8.668723835859014e-05,15.594946256837005,-118.63309477335133,-101.70562158627159,-16.92747318707974,-9.72072780771669e-06,-5.334319134894043e-05,4.362246354122374e-05,0.008924037861008234,103.64285714285923,0.0013072783419926899,189.53725,0.0,4,20,1,0.5,0.0,0.0,0.0,0.0,0.0,0.0,0.0,0.0,0.0,0.0,0,0,high
2026-05-14 04:15:00,79227.9,79332.7,79198.9,79307.8,171.249,13576024.1905,0.00033293566325909296,0.0005600008218440422,-0.0004928943270083863,-0.004259097584730753,0.001007974945264195,0.001687991943182204,1.1686092152696408,0.9237097587202081,,,79444.03209301966,79585.74845315862,80096.32041440386,-0.0017135989468766155,-0.003493608236981416,-0.00984918491809239,-0.00018037883650292807,-0.000142581981721262,-8.251188610368783e-05,23.29703181721395,-115.77018143470923,-104.51853355595912,-11.251647878750106,3.594143271261398e-05,-3.548626653662955e-05,7.142769924924353e-05,0.008482642762476332,101.32857142857392,0.0012776621143011648,185.39265,0.0,4,15,1,0.5,0.0,0.0,0.0,0.0,0.0,0.0,0.0,0.0,0.0,0.0,0,0,high
2026-05-14 04:10:00,79199.4,79228.0,79168.2,79227.9,106.327,8421351.2993,-0.0010079749452653886,-0.0006233234190364811,-0.0014769235006220072,-0.004156548949776351,0.0003597864800756402,0.000755068654944201,-0.4765993864948532,0.6700047071159368,,,79423.44808416064,79571.71518048574,80087.67941525558,-0.0024623763786042474,-0.004325050508432682,-0.010749128421931431,-0.0002591975135279243,-0.0001765189606837768,-9.17204737570381e-05,20.14401772526041,-118.58162903052289,-107.33115265087189,-11.250476379651005,-3.566018730574792e-05,-3.5521050690453226e-05,-1.3913661529469252e-07,0.007883158886164454,99.94285714286005,0.0012614603838150458,158.6959,0.0,4,10,1,0.5,0.0,0.0,0.0,0.0,0.0,0.0,0.0,0.0,0.0,0.0,0,0,high
2026-05-14 04:05:00,79036.0,79214.9,79028.2,79199.4,216.614,17141070.2708,-0.0003597864800752859,-0.0010348257620815815,-0.0008077606034966323,-0.004433373539479035,0.0020652781625370336,0.0023596616424834517,0.7115977165361391,1.428910209747955,,,79402.11017138344,79557.11458517259,80078.84081410877,-0.002553385443565759,-0.004501117890919559,-0.010998378435321143,-0.0002687774151038635,-0.00018370592222854187,-9.438779720299081e-05,25.23126734505253,-121.70647681607807,-110.20621748391312,-11.500259332164944,-3.9644596794362276e-05,-3.634575991123504e-05,-3.2988368831272385e-06,0.007121342227315758,98.4642857142878,0.0012432453492613304,151.59385,0.0,4,5,1,0.5,0.0,0.0,0.0,0.0,0.0,0.0,0.0,0.0,0.0,0.0,0,0,high
2026-05-14 04:00:00,79003.0,79036.0,78930.1,79036.0,191.372,15114944.1296,-0.0020652781625365435,-0.003433039587877218,-0.0030483880616483106,-0.00476619334874151,0.00041761844202518444,0.0013407942066678514,-0.1238977899242748,1.2135370395383067,,,79367.24253601358,79536.67871908739,80068.46428859526,-0.004178790881713468,-0.006308890325870564,-0.012933669965043748,-0.00043987272438316636,-0.000257493068907287,-0.00011399864660929481,19.978026002566097,-135.8025088210852,-115.32547575134755,-20.477033069737658,-0.00017836511340720191,-6.474963061042842e-05,-0.0001136154827967735,0.0076033133143518445,112.01428571428654,0.0014172565124030384,157.6977,0.0,4,0,1,0.5,0.0,0.0,0.0,0.0,0.0,0.0,0.0,0.0,0.0,0.0,0,0,high
2026-05-14 03:55:00,79066.4,79068.7,78863.2,79003.0,873.933,69012615.0492,-0.0004176184420252582,-0.0028426830846370876,-0.0035177223666433832,-0.004557778484747033,-0.0008021793389457685,0.002602388953439126,1.5187845358519416,4.705152995148314,,,79332.55277067896,79515.75014186828,80057.86265388287,-0.004158656054812582,-0.0064627241103316635,-0.013218439766202295,-0.00043775326892050846,-0.00026377249530407023,-0.00011701973910099594,9.510974201002398,-147.9312802344648,-121.84663664797101,-26.084643586493783,-0.00015357938531770368,-8.251558155188348e-05,-7.10638037658202e-05,0.007930322149137829,121.42857142857143,0.001537012156862036,185.73955,0.0,3,55,1,0.5,0.0,0.0,0.0,0.0,0.0,0.0,0.0,0.0,0.0,0.0,0,1,high
2026-05-14 03:50:00,79032.7,79078.6,78978.2,79066.4,202.612,16013281.8839,0.0008021793389456633,-0.0016807172656161384,-0.003048478690956813,-0.004507547539889245,0.00042631489376478366,0.0012704295355053428,-1.4617108936077532,1.139279012923247,,,79307.20488775715,79498.12856767737,80047.99735384423,-0.0030368122667372432,-0.005438562623488963,-0.012292715547383537,-0.00031966444912373017,-0.0002219704625883944,-0.0001078734796179446,19.431524547803633,-150.69050250723376,-127.61540981982357,-23.07509268741019,-3.5104369269075056e-05,-7.30333390953218e-05,3.792896982624674e-05,0.0076647528374139354,122.14285714285818,0.0015448136900485944,177.8423,0.0,3,50,1,0.5,0.0,0.0,0.0,0.0,0.0,0.0,0.0,0.0,0.0,0.0,0,1,high
2026-05-14 03:45:00,79166.6,79166.7,79020.0,79032.7,196.572,15543814.803,-0.0004263148937653227,-4.175399684491765e-05,-0.002466818639456747,-0.00490490336729188,-0.0016928018262417647,0.0018547708758843518,-0.030264043659932405,1.1009057163403055,,,79281.06156511362,79479.87646698413,80037.89489261195,-0.003133305526167973,-0.005634882320499912,-0.012592472924323417,-0.00032982163432769134,-0.000229983969693372,-0.00011104205090299315,18.91982556189211,-153.82333474363259,-132.85699480458538,-20.966339939047202,-3.988155338719031e-05,-6.64029819536955e-05,2.6521428566505186e-05,0.007726246366699326,129.09285714285838,0.0016334106913069954,178.5548,0.0,3,45,1,0.5,0.0,0.0,0.0,0.0,0.0,0.0,0.0,0.0,0.0,0.0,0,1,high
2026-05-14 03:40:00,79141.5,79189.8,79123.2,79166.6,115.928,9176279.8958,0.0016928018262429845,0.002068666271423325,-0.0004142303331384767,-0.002985436401303332,0.0003171031704673,0.0008413712573053202,-0.5280594676668713,0.6680539316052645,,,79270.16046367423,79467.5911153377,80029.22529169044,-0.0013033128713608733,-0.003787489102325736,-0.010791216659294278,-0.00013719082855905557,-0.00015458060514684824,-9.30933556080083e-05,33.33333333333401,-143.84337897735531,-135.0542716391394,-8.789107338215928,0.00012587647721480307,-2.7947090119995788e-05,0.00015382356733479886,0.0071749802093840215,135.41428571428696,0.0017104976810206193,173.5309,0.0,3,40,1,0.5,0.0,0.0,0.0,0.0,0.0,0.0,0.0,0.0,0.0,0.0,0,1,high
2026-05-14 03:35:00,79335.8,79374.3,79123.0,79141.5,142.233,11274179.9484,-0.00031710317046851344,0.0009493837620091483,0.0013339446589295534,-0.0033655072643288264,-0.002452087426478803,0.003171034592741574,0.20449724921256696,0.8035640134303036,,,79257.90708618144,79454.80322846171,80020.39220421093,-0.001466090704512979,-0.003943627869940514,-0.01099778928419326,-0.00015432533731233727,-0.00016095403908103118,-9.532230898970487e-05,32.582906443786186,-136.3873637305369,-135.3208900574189,-1.0664736731179971,9.397508860730172e-05,-3.562654374536285e-06,9.7537742981838e-05,0.007099721310977648,142.5428571428586,0.0018011139180184681,177.0027,0.0,3,35,1,0.5,0.0,0.0,0.0,0.0,0.0,0.0,0.0,0.0,0.0,0.0,0,1,high
2026-05-14 03:30:00,79281.0,79356.3,79272.0,79335.8,79.276,6287840.5466,0.0024520874264784,0.003827786082252871,0.0042036505274332114,-0.0008076318494740775,0.0006909734931019778,0.001062862149263165,-0.5845311232940889,0.44782337424936514,,,79265.32545892606,79450.1364351887,80013.58034148246,0.0008920922722541746,-0.0014330486613669535,-0.008460669998434867,9.390444971535197e-05,-5.848182474536721e-05,-6.997494843778343e-05,49.37153210282012,-113.49176929237728,-130.95506590441056,17.463296612033275,0.00028881427519710656,5.491273153979228e-05,0.00023390154365731427,0.007049380367707063,152.2785714285731,0.0019194181117298,177.02515,0.0,3,30,1,0.5,0.0,0.0,0.0,0.0,0.0,0.0,0.0,0.0,0.0,0.0,0,0,high
2026-05-14 03:25:00,79030.7,79328.0,79030.7,79281.0,239.227,18951202.6479,-0.0006909734931017653,0.0014440107629081211,0.002710497695385783,-0.0008308753225794163,0.0031621188902949,0.0037547712791969547,1.1044774572985112,1.2806961661076743,,,79266.81827236168,79443.50363380875,80006.2909848508,0.00018196460970898443,-0.002040727168019174,-0.009060582362268477,1.91541694470551e-05,-8.328541958287302e-05,-7.615403843443997e-05,46.58119658119669,-98.63178197709203,-124.49040911894686,25.858627141854825,0.0001874462223856059,8.141942970895501e-05,0.0001060267926766509,0.006769155283148727,166.88571428571595,0.0021049900264340253,186.79450000000003,0.0,3,25,1,0.5,0.0,0.0,0.0,0.0,0.0,0.0,0.0,0.0,0.0,0.0,0,0,high
2026-05-14 03:20:00,79196.6,79200.3,78952.5,79030.7,645.144,50999541.7218,-0.0031621188902946074,-0.0014010049569179728,-2.530630114350174e-05,-0.003969048441222256,-0.0020969840323794217,0.0031336808805416264,0.992060655731243,3.0042014507752723,,,79244.33081785105,79427.31525601233,79996.58361186722,-0.00269633006338843,-0.004998812879556169,-0.012101082334627478,-0.000283824217195008,-0.00020402398706176455,-0.00010686015636339686,39.46772879514839,-105.83228442833934,-120.75878418082536,14.926499752486023,-9.123773925002007e-05,4.688799591715999e-05,-0.00013812573516718007,0.006859095906406679,184.4928571428588,0.002334445438834008,214.74724999999998,0.0,3,20,1,0.5,0.0,0.0,0.0,0.0,0.0,0.0,0.0,0.0,0.0,0.0,0,1,high
2026-05-14 03:15:00,79240.4,79271.4,79153.7,79196.6,124.143,9834622.8939,0.0020969840323790123,-0.0017561083510173603,0.0003788759049925261,-0.0008431150316425828,-0.0005529011672247202,0.0014858759332341005,-1.6480394207344524,0.5764035451629401,,,79239.78502567476,79418.26759891381,79988.62357592824,-0.0005422654566267227,-0.0027880316374844227,-0.009904555035561202,-5.7080574378434615e-05,-0.0001137883784562439,-8.493135846546244e-05,46.78920983528306,-97.03344977414235,-116.01371729948877,18.98026752534642,0.00011098944975871026,5.9708286685470046e-05,5.128116307324021e-05,0.006539540012980579,197.87857142857268,0.0024985740729851114,215.37515,0.0,3,15,1,0.5,0.0,0.0,0.0,0.0,0.0,0.0,0.0,0.0,0.0,0.0,0,1,high
2026-05-14 03:10:00,79189.3,79255.9,79158.8,79240.4,139.957,11085468.9858,0.0005529011672251727,-0.0005122336906904223,0.0012488802426862122,-0.00046556316003254494,0.0006450810898716085,0.0012258964876406216,0.11990110561673095,0.6418523680393228,,,79239.84359465813,79411.2923989564,79981.17856522248,9.622785778873322e-06,-0.0021474782949564286,-0.009258602586065479,1.012924821908931e-06,-8.7643690390306e-05,-7.858476617003322e-05,48.41869793273684,-85.5399645063444,-109.91896674085991,24.37900223451551,0.0001449900165793897,7.676463266425398e-05,6.822538391513572e-05,0.006145258935621866,199.25714285714326,0.0025145903208103858,218.05169999999998,0.0,3,10,1,0.5,0.0,0.0,0.0,0.0,0.0,0.0,0.0,0.0,0.0,0.0,0,0,high
2026-05-14 03:05:00,79397.7,79404.7,79101.7,79189.3,480.23,38027032.0307,-0.0006450810898712689,0.002004804109732916,-0.0018482882736634565,-0.0011623601128736283,-0.0026282118958072523,0.0038231941306401673,1.232929923230781,2.059643144726783,,,79235.0299189764,79402.5868146836,79973.2991765138,-0.0005749384656077439,-0.0026830472520913418,-0.009805139559759368,-6.0519838482203246e-05,-0.00010950398056603004,-8.422154551034403e-05,45.51510105215353,-79.63663599730353,-103.86250059214865,24.22586459484512,7.44107932479621e-05,7.62938647809956e-05,-1.8830715330335067e-06,0.005712715608519926,211.34285714285735,0.0026688309802316394,233.16175000000004,0.0,3,5,1,0.5,0.0,0.0,0.0,0.0,0.0,0.0,0.0,0.0,0.0,0.0,0,1,high
2026-05-14 03:00:00,79329.8,79422.9,79288.9,79397.7,83.322,6612651.8227,0.0026282118958071976,0.0025360319731611014,0.0014708971152455064,0.0011329161196744764,0.0008555543827219807,0.001688595704164909,-1.7515525358596165,0.368363905801548,,,79250.52230764533,79402.39517489208,79967.57182152361,0.0018577235797039293,-5.268495015542385e-05,-0.007105515448390776,0.00019554985049773967,-2.1425736494328813e-06,-5.72321580345476e-05,55.85678807947034,-57.47947963270417,-94.58589640025977,37.1064167675556,0.0002793830838743514,0.00011691170859966677,0.00016247137527468462,0.005914969577893045,218.05714285714203,0.0027463911782978855,226.19480000000004,0.0,3,0,1,0.5,0.0,0.0,0.0,0.0,0.0,0.0,0.0,0.0,0.0,0.0,0,0,high
2026-05-14 02:55:00,79302.0,79345.9,79301.9,79329.8,136.891,10858269.9429,-0.0008555543827224454,0.0011275764232134833,0.0037774616228176683,0.0012853366822174195,0.00035049719267647245,0.0005546878195368235,0.49647236877095047,0.6251078827222337,,,79258.07256406006,79399.54830528848,79961.22583324976,0.000906724511555268,-0.0008726221041381876,-0.007881855205928545,9.54446854291506e-05,-3.5609703417002e-05,-6.517566275781027e-05,54.37877770315681,-44.881371601935825,-84.64499144059498,39.76361983865915,0.0001588827755778546,0.00012530592199530436,3.357685358255024e-05,0.005867647801998321,210.63571428571387,0.0026551902851855652,218.98780000000002,0.0,2,55,1,0.5,0.0,0.0,0.0,0.0,0.0,0.0,0.0,0.0,0.0,0.0,0,0,high
2026-05-14 02:50:00,79381.0,79396.5,79166.1,79302.0,1036.08,82132192.1065,-0.00035049719267554735,0.0014221603204092048,0.0013299803977631086,0.001294625969617158,-0.0009956959034903945,0.002906109790746007,2.0240146511990824,3.920918604835981,,,79262.25612938768,79395.72288155167,79954.66637222239,0.000503253288510308,-0.0011751538341933099,-0.008150438444388897,5.297403037156032e-05,-4.795823240753319e-05,-6.801468295599672e-05,59.82710211319643,-36.717254237650195,-75.05944400000602,38.34218976235583,0.00010295253465895178,0.00012083524452803385,-1.788270986908207e-05,0.005939044041484301,207.85714285714286,0.002621083236956733,264.2442,0.0,2,50,1,0.5,0.0,0.0,0.0,0.0,0.0,0.0,0.0,0.0,0.0,0.0,0,1,high
2026-05-14 02:45:00,79559.5,79567.5,79375.9,79381.0,123.735,9829060.924,0.0009956959034909119,-0.00021035567190708093,0.0017727751340288478,0.004355600035644613,-0.002246124493700322,0.0024109222881477763,-2.1250574579345267,0.46186415292524235,,,79273.56506944599,79395.14551364769,79948.9582491157,0.0013561921260958343,-0.00017242036479281353,-0.0070835510728297635,0.00014275706590673664,-7.03061923504515e-06,-5.7430498016226495e-05,63.50578819494075,-23.60044143954292,-64.7676434879134,41.167202048370484,0.00016534792013281726,0.00012973777964899054,3.561014048382671e-05,0.006223384424885301,212.14285714285714,0.0026724639037409097,267.90344999999996,0.0,2,45,1,0.5,0.0,0.0,0.0,0.0,0.0,0.0,0.0,0.0,0.0,0.0,0,1,high
2026-05-14 02:40:00,79599.0,79603.1,79507.1,79559.5,75.101,5974013.6678,0.002246124493700208,0.0028913232045155723,0.0046639807176003245,0.0070193429713700795,-0.0004963605564388149,0.001206710966980265,-0.49930830772013923,0.27918867587146784,,,79300.796967594,79401.59078762229,79945.08304265684,0.0032592388464820488,0.0019923823983631905,-0.0047892929813286855,0.00034307777331563864,8.132840480163144e-05,-3.4509552825018196e-05,66.27930009904279,1.1845308830670547,-51.57720861371732,52.76173949678437,0.0003120981761175524,0.00016620985894270294,0.00014588831717484948,0.007355387418604291,220.8357142857141,0.0027757302935000104,268.9973,0.0,2,40,1,0.5,0.0,0.0,0.0,0.0,0.0,0.0,0.0,0.0,0.0,0.0,0,0,high
2026-05-14 02:35:00,79622.0,79622.0,79589.2,79599.0,51.245,4078982.6322,0.0004963605564380913,0.003738180953629211,0.002532129378231218,0.0067135241888625075,-0.00028890661608674967,0.0004120313202091422,-0.3822158219771392,0.19485005728200044,,,79329.19725639457,79409.33232536259,79941.63943029211,0.003397923269309544,0.00239114519186856,-0.004250216679370311,0.00035767613361301504,9.760417545404165e-05,-2.9227263180609152e-05,68.6246135631126,23.740454715501983,-36.513675947873466,60.25413066337545,0.0002839344651431726,0.00018975478018279688,9.41796849603757e-05,0.008464489771254592,214.82142857142858,0.0026987955699371673,262.9971,0.0,2,35,1,0.5,0.0,0.0,0.0,0.0,0.0,0.0,0.0,0.0,0.0,0.0,0,0,high
2026-05-14 02:30:00,79624.2,79628.2,79594.0,79622.0,65.428,5208695.2701,0.0002889066160864928,0.003031391666224792,0.0036765903770401565,0.007428745698714323,-2.7630172652656093e-05,0.0004295883429062738,0.24433224911275264,0.2507279591296719,,,79357.08323197604,79417.6722341719,79938.45893844841,0.0033357032296450484,0.002574951737054576,-0.003921894042754559,0.00035112665575334626,0.00010510623194943189,-2.6061751944120576e-05,66.15581098339705,42.97668615441944,-20.615603527414887,63.59228968183433,0.00024208412694268287,0.0002002206495347741,4.186347740790878e-05,0.009516112663852327,206.04285714285652,0.002587762893959666,260.95214999999996,0.0,2,30,1,0.5,0.0,0.0,0.0,0.0,0.0,0.0,0.0,0.0,0.0,0.0,0,0,high
2026-05-14 02:25:00,79596.3,79632.9,79596.2,79624.2,32.77,2608974.2385,2.7630172652948204e-05,0.0008128973451775323,0.004054717742368652,0.005763574045124287,0.00035045738815742226,0.0004609710241391986,-0.6914368386855556,0.13016367376939822,,,79382.52292416879,79425.77136224358,79935.33198383698,0.0030430159354111197,0.002500519874031326,-0.00385551497587322,0.0003203174668866417,0.00010206795511427567,-2.5527503938179595e-05,67.40714028128389,57.73354342246603,-4.945774137438706,62.67931755990473,0.0001856940416747493,0.00019731532796276913,-1.1621286288019837e-05,0.010348410315815189,190.71428571428467,0.0023951799291457203,251.75994999999998,0.0,2,25,1,0.5,0.0,0.0,0.0,0.0,0.0,0.0,0.0,0.0,0.0,0.0,0,0,high
2026-05-14 02:20:00,79565.6,79634.1,79565.5,79596.3,48.398,3852971.981,-0.0003504573881567552,-3.392059941731418e-05,0.002708564450720985,0.005730219827436045,0.0003857707200117525,0.0008618112639213491,0.3899450278440231,0.19785680339722725,,,79402.88264567654,79432.45875980267,79931.95853126148,0.0024361243998960447,0.0020657463099578166,-0.00416412189274773,0.00025643414735869913,8.432186322129407e-05,-2.876063711448383e-05,60.675354479141255,66.41161058777652,9.32570280760434,57.08590778017218,0.00010923677296234923,0.00017969961696268517,-7.046284400033593e-05,0.010527223668534166,180.27142857142775,0.0022648217137156844,244.61124999999998,0.0,2,20,1,0.5,0.0,0.0,0.0,0.0,0.0,0.0,0.0,0.0,0.0,0.0,0,0,high
2026-05-14 02:15:00,79550.1,79573.3,79520.5,79565.6,51.448,4092233.0251,-0.00038577072001189094,-0.0007085979355156979,7.666923700888617e-05,0.002892361680945754,0.00019482678389408278,0.0006637593914852937,0.06111309827781586,0.2528318762377941,,,79418.37953656449,79437.67998490846,79928.31317274146,0.001855081900846045,0.001614094194261284,-0.00450462004944896,0.00019527177903769054,6.58868599572476e-05,-3.2312976247791365e-05,61.897993311037325,70.0048357390624,21.461529393895955,48.54330634516644,4.527247302017488e-05,0.00015281418817418314,-0.00010754171515400826,0.010273449300878063,163.89285714285612,0.002059845676308054,203.487,0.0,2,15,1,0.5,0.0,0.0,0.0,0.0,0.0,0.0,0.0,0.0,0.0,0.0,0,0,high
2026-05-14 02:10:00,79615.1,79642.9,79550.0,79550.1,204.881,16310055.7377,-0.0001948267838951523,-0.0009310548920637984,-0.0006145181033243574,0.003388508390152367,-0.00081676149828553,0.0011671376116116352,1.381857733952692,1.0062895244092045,,,79430.92434260597,79442.08861295128,79924.5498575898,0.0015021355820028504,0.0013636098648603934,-0.004652686168336473,0.00015811953494884837,5.56627954924476e-05,-3.3930029060202916e-05,77.01831044527809,70.78579748736229,31.326383012589226,39.45941447477306,9.874062293935656e-06,0.00012422616299813367,-0.00011435210070419801,0.010036222970737953,147.06428571428427,0.001848700199173656,203.60045,0.0,2,10,1,0.5,0.0,0.0,0.0,0.0,0.0,0.0,0.0,0.0,0.0,0.0,0,0,high
2026-05-14 02:05:00,79574.0,79624.3,79572.4,79615.1,37.547,2988832.8061,0.0008167614982852456,0.00023616399437820235,-8.666322112560465e-05,0.00736738877873222,0.0005163670240390986,0.0006520235889151116,-1.6968358412421303,0.19190980591793882,,,79448.4648814054,79448.8733732277,79921.4707545292,0.002098049739307939,0.0020948666038069774,-0.0037977562653743746,0.0002208473409808862,8.550980344510634e-05,-2.5465436748307907e-05,74.32291061257816,75.77617153531173,40.21634071713373,35.559830818178,6.272424093256698e-05,0.00011192577858502033,-4.920153765245335e-05,0.009655048964511512,135.17142857142713,0.0016978114524936491,195.6492,0.0,2,5,1,0.5,0.0,0.0,0.0,0.0,0.0,0.0,0.0,0.0,0.0,0.0,0,0,high
2026-05-14 02:00:00,79561.3,79642.8,79561.2,79574.0,100.46,7997060.8981,-0.0005163670240388996,0.00010556769035119373,-0.0006306604178174524,0.004754037722314308,0.00015961260671844242,0.0010250999616298287,0.984166156778775,0.5155078260102075,,,79460.42060698583,79453.7802997678,79918.01333408614,0.0014310462661946133,0.0015165976354616362,-0.00427119668951903,0.00015063644907423992,6.19067906025963e-05,-3.0350029656672005e-05,69.44962686567251,75.54383015936764,47.28183860558052,28.261991553787126,-2.930164945446408e-06,8.895458987892698e-05,-9.188475482437339e-05,0.009504342156928488,134.0642857142853,0.0016847749982944842,194.8758,0.0,2,0,1,0.5,0.0,0.0,0.0,0.0,0.0,0.0,0.0,0.0,0.0,0.0,0,0,high
2026-05-14 01:55:00,79588.0,79602.8,79559.2,79561.3,38.759,3084292.9301,-0.0001596126067173742,0.00014078186752897182,-0.0004398156363780714,0.004041523948371761,-0.00033553399544325756,0.0005478694800339906,-0.9523966514257554,0.20431508138286292,,,79470.02816822527,79457.99675860043,79914.46394767732,0.0011503447395266875,0.0013037699295779248,-0.004386721641548519,0.00012108891995122905,5.321975541357785e-05,-3.163622445329591e-05,72.70507812500048,73.48779255531554,52.52302939552752,20.964763159788014,-2.587636799863499e-05,6.598839830341459e-05,-9.186476630204958e-05,0.009106287308831906,115.53571428571429,0.0014521597093777286,189.7021,0.0,1,55,1,0.5,0.0,0.0,0.0,0.0,0.0,0.0,0.0,0.0,0.0,0.0,0,0,high
2026-05-14 01:50:00,79510.2,79633.5,79510.2,79588.0,94.275,7502146.6586,0.0003355339954431713,-0.00034044563531310246,0.00028148907907699083,0.0050221390336862015,0.000978012399905998,0.0015495432702789236,0.8888530562482773,0.4950064858845048,,,79481.26358077525,79463.09492492984,79911.215550188,0.001344366474496539,0.0015750174965898367,-0.004010877321269035,0.00014151226047427116,6.429090208140504e-05,-2.7982789429450464e-05,64.925490196079,73.16938369112904,56.65230025464783,16.517083436481215,-4.06040078250122e-06,5.197863848623143e-05,-5.603903926873265e-05,0.009207845924560233,107.65714285714368,0.001352680590756693,190.45205,0.0,1,50,1,0.5,0.0,0.0,0.0,0.0,0.0,0.0,0.0,0.0,0.0,0.0,0,0,high
2026-05-14 01:45:00,79457.5,79543.2,79393.0,79510.2,94.395,7505100.9195,-0.0009780123999068024,-0.0008020910111810053,-0.0005016965369346593,0.0014159147379722015,0.000663027796597584,0.0018900671428403256,0.0012720625025854915,0.5152271608961171,,,79484.01943022522,79464.94218277573,79907.22534570852,0.0003314632103421644,0.0005735931321080301,-0.0049392490274318135,3.4890864247502244e-05,2.3416262787749847e-05,-3.7435820379473864e-05,63.93265369168952,65.87981112011767,58.4978024277418,7.382008692375862,-9.170617423615498e-05,2.324167594175415e-05,-0.00011494785017790913,0.009037889749765533,114.74285714285777,0.0014431212239795369,183.21044999999998,0.0,1,45,1,0.5,0.0,0.0,0.0,0.0,0.0,0.0,0.0,0.0,0.0,0.0,0,0,high
2026-05-14 01:40:00,79428.5,79468.9,79396.9,79457.5,67.977,5400079.5181,-0.0006630277965964382,-0.0013055062010600693,-0.001981485831816343,0.0016084413240982087,0.000365041606208589,0.0009064254852792243,-0.3283186929794759,0.4404021713990286,,,79481.49377020377,79464.6503324708,79902.75046664674,-0.0002999870066116017,-8.592742274515786e-05,-0.005546532776028457,-3.1577579642396845e-05,-3.5031120900614455e-06,-4.3660616162727244e-05,61.56477762903486,55.21385185656254,57.84101231350595,-2.6271604569434075,-0.0001342024537521663,-8.247149997029941e-06,-0.00012595530375513636,0.007536911273747698,106.37857142857267,0.0013388109546433335,154.3521,0.0,1,40,1,0.5,0.0,0.0,0.0,0.0,0.0,0.0,0.0,0.0,0.0,0.0,0,0,high
2026-05-14 01:35:00,79458.5,79462.9,79372.6,79428.5,164.965,13098495.1276,-0.00036504160620864923,-0.00200608180271189,-0.0018301604139860927,0.0015938969105651069,-0.00037762687138039557,0.0011370255355825313,0.8865639175200428,1.0548092883833824,,,79476.44674447009,79463.23267237391,79898.03155653086,-0.0006016925544560792,-0.0004332839689951129,-0.005852752746593026,-6.33360583629923e-05,-1.768109225157469e-05,-4.685843695920408e-05,53.816487224811254,43.91472306767537,55.055754464339834,-11.141031396664467,-0.00014219690879785393,-3.503710175719474e-05,-0.00010715980704065919,0.0068199866926955946,93.86428571428613,0.0011817456670374755,156.3932,0.0,1,35,1,0.5,0.0,0.0,0.0,0.0,0.0,0.0,0.0,0.0,0.0,0.0,0,1,high
2026-05-14 01:30:00,79511.9,79556.5,79423.0,79458.5,92.41,7344173.8256,0.00037762687137998796,-0.0006504425314250994,-0.0012929209358887306,0.000975827878454183,-0.0006718232074460016,0.0016794622121606632,-0.5794981322876245,0.6000031814907362,,,79474.73753071102,79463.04707737885,79893.65810820716,-0.00020272609421034815,-5.347446633585662e-05,-0.005420647010783597,-2.133958886366085e-05,-2.1788191679840015e-06,-4.263470254786884e-05,39.341494301392736,36.954838995821774,51.435571370636225,-14.480732374814451,-8.75956840966882e-05,-4.554881822509344e-05,-4.204686587159476e-05,0.006190986366436042,87.53571428571429,0.001101653243966527,154.01585,0.0,1,30,1,0.5,0.0,0.0,0.0,0.0,0.0,0.0,0.0,0.0,0.0,0.0,0,1,high
2026-05-14 01:25:00,79563.8,79610.9,79500.8,79511.9,45.68,3634724.4891,0.0006718232074458541,0.0006844084726171928,-0.0009566317238860478,-0.0005984734078001708,-0.0006525195468762523,0.0013839336462701292,-0.7045746325521938,0.3453062949231735,,,79478.27681350044,79464.96287826596,79889.8595200658,0.00042442119768892894,0.0005940997708684392,-0.004701571825195927,4.467591554676914e-05,2.425263285608808e-05,-3.552566861758304e-05,41.07033012097509,35.340629663231084,48.2165830291552,-12.875953365924119,-2.0350051791697944e-05,-4.050906493841434e-05,2.0159013146716396e-05,0.005016825650797765,93.95714285714244,0.0011816739740484437,132.28835,0.0,1,25,1,0.5,0.0,0.0,0.0,0.0,0.0,0.0,0.0,0.0,0.0,0.0,0,1,high
2026-05-14 01:20:00,79577.6,79586.8,79538.6,79563.8,23.584,1876264.7641,0.0006525195468753964,0.0017019696257012384,0.000673900222896151,-0.0004423144173628657,-0.0001734306727801768,0.0006058115357339248,-0.6610920493408288,0.18239547971039768,,,79486.42187888135,79468.83884382415,79886.61514673181,0.0009743749593660311,0.0011977322856751016,-0.004008763200925358,0.0001025657851971146,4.88905510529237e-05,-2.867944756790166e-05,44.367015098722604,37.813364463465405,46.13593931601724,-8.322574852551838,3.1027288934986654e-05,-2.6201794163734143e-05,5.722908309872079e-05,0.004859458098357122,96.86428571428613,0.0012174416721459523,129.30145,0.0,1,20,1,0.5,0.0,0.0,0.0,0.0,0.0,0.0,0.0,0.0,0.0,0.0,0,0,high
2026-05-14 01:15:00,79583.8,79597.9,79466.7,79577.6,56.139,4465095.2626,0.00017343067278119406,0.0014977734271024445,0.0015103586922737833,-0.0005577903606681645,-7.790833711099643e-05,0.0016496446066965507,0.8672622421568348,0.44816601118359367,,,79495.10550946408,79473.1039872036,79883.5403691524,0.00103849081003915,0.001317391862047046,-0.0037971700154262322,0.00010931482210988407,5.377447739520881e-05,-2.6668401594278817e-05,45.58879212419618,40.42062546691159,44.992876546196115,-4.572251079284527,3.27086879932791e-05,-1.4419697732331495e-05,4.712838572561059e-05,0.00433928377800306,103.61428571428613,0.001302053413451601,125.26385,0.0,1,15,1,0.5,0.0,0.0,0.0,0.0,0.0,0.0,0.0,0.0,0.0,0.0,0,0,high
2026-05-14 01:10:00,79570.7,79633.8,79540.0,79583.8,60.879,4845347.9613,7.790833711140976e-05,0.0009038585567680002,0.0019533086355938423,-0.0005075121962097029,0.00016461991372638084,0.0011785860594878573,0.08105752949918088,0.7957643934026807,,,79503.55260380082,79477.44500731328,79880.55787791705,0.0010100754188506755,0.0013405825442891484,-0.0036822540994254638,0.00010632372830050556,5.472090326643238e-05,-2.5627837030043113e-05,48.76604146100691,42.49730431045464,44.49376209904782,-1.9964577885931831,2.6033259475624824e-05,-6.32910629074023e-06,3.236236576636506e-05,0.0034041708533957236,105.41428571428592,0.0013245696450067215,76.5038,0.0,1,10,1,0.5,0.0,0.0,0.0,0.0,0.0,0.0,0.0,0.0,0.0,0.0,0,0,high
2026-05-14 01:05:00,79637.9,79650.4,79550.2,79570.7,61.763,4915560.7185,-0.000164619913727293,8.671909616531082e-05,0.0014110618504865613,-0.0003216747217802407,-0.0008441755532142955,0.0012587893918866644,0.01441619200337918,0.84139815707879,,,79509.94759391503,79481.10206585002,79877.47471495271,0.0007649359332067007,0.0011298464489701843,-0.003808596659787611,8.05195719169057e-05,4.6119302600011776e-05,-2.7010842768324207e-05,50.521579055020574,42.5950178852072,44.1140132562797,-1.5189953710724993,1.1595645931715382e-06,-4.831372113957877e-06,5.990936707129416e-06,0.0027901800895323904,107.15714285714265,0.0013466909661111772,73.40520000000001,0.0,1,5,1,0.5,0.0,0.0,0.0,0.0,0.0,0.0,0.0,0.0,0.0,0.0,0,0,high
2026-05-14 01:00:00,79534.4,79663.9,79503.8,79637.9,154.152,12267055.1767,0.0008441755532135886,0.0007574639765977054,0.0015834141962542958,0.0009082715514452389,0.0013004777161222086,0.0020117153667948973,0.9146346489572803,1.9927156619731055,,,79522.1335373517,79487.25100444414,79875.09088694323,0.0014558627734277962,0.0018966093746470847,-0.002934924379147219,0.00015324871299278025,7.741562615348537e-05,-1.834232141527035e-05,58.12060673325818,47.54684455618553,44.80057951626087,2.7462650399246655,6.213212505840613e-05,8.561327320514925e-06,5.3570797737891204e-05,0.0029388260458367496,111.95714285714244,0.0014058274120380178,77.35775,0.0,1,0,1,0.5,0.0,0.0,0.0,0.0,0.0,0.0,0.0,0.0,0.0,0.0,0,0,high
2026-05-14 00:55:00,79522.6,79582.2,79522.6,79534.4,51.507,4097805.2415,-0.0013004777161214065,-0.0006209220766351109,-0.00036958306674250707,-0.00019737938078101536,0.00014837448237590856,0.0007491917627592685,-1.0962214078604169,0.6657158348396068,,,79523.30177188964,79489.09998466203,79871.70092786917,0.00014058648041981314,0.0005727539464253084,-0.004193258790840204,1.4798576886667237e-05,2.3380593123097467e-05,-3.1099887531749315e-05,43.032291486788914,42.62822619805229,44.36610885261915,-1.7378826545668602,-6.188886045063652e-05,-5.528710233715365e-06,-5.636015021692116e-05,0.0029139366299551694,114.8928571428561,0.001444568100631376,77.37085,0.0,0,55,1,0.5,0.0,0.0,0.0,0.0,0.0,0.0,0.0,0.0,0.0,0.0,0,1,high
2026-05-14 00:50:00,79582.0,79587.2,79507.7,79522.6,89.519,7121865.4971,-0.00014837448237692286,-0.0006046766452847407,-0.000691388221900624,-0.0011625153614431838,-0.0007466786348070192,0.000999403583862268,0.5527331724899782,1.139275142092818,,,79523.23493647159,79490.41371075372,79868.22728679585,-7.046287485934499e-06,0.00040773713212516327,-0.0042984329421411616,-7.417144717699128e-07,1.6645099966233924e-05,-3.226679892324358e-05,45.32557293561338,37.347505533412914,42.96238818877791,-5.614882655364994,-6.644534201285488e-05,-1.7712036589543267e-05,-4.873330542331161e-05,0.0028302358898531646,114.74285714285568,0.0014428961973433423,78.5754,0.0,0,50,1,0.5,0.0,0.0,0.0,0.0,0.0,0.0,0.0,0.0,0.0,0.0,0,1,high
2026-05-14 00:45:00,79605.8,79656.7,79582.0,79582.0,536.982,42759857.4447,0.0007466786348082621,-0.0007021735636900672,-2.2617924203771622e-05,0.0001005302974039779,-0.00029901789178992354,0.0009382142089772717,1.7915136811408363,5.173934827433372,,,79528.83160918858,79494.00532993986,79865.37925409141,0.0006691911713865295,0.0011091445603863548,-0.0035164134684535497,7.044117593585218e-05,4.527386603847032e-05,-2.451609809009427e-05,51.735121542330056,37.52303771316656,41.87451809365564,-4.351480380489079,2.1422255644287693e-06,-1.3741184158748861e-05,1.588340972317763e-05,0.0027240399632163697,121.20714285714037,0.0015230472073727774,103.78600000000002,0.0,0,45,1,0.5,0.0,0.0,0.0,0.0,0.0,0.0,0.0,0.0,0.0,0.0,0,0,high
2026-05-14 00:40:00,79554.4,79610.6,79533.9,79605.8,119.845,9538103.2377,0.0002990178917894326,0.0008973220442207719,0.000441019881312954,0.0005591607959107847,0.0006458901381990943,0.0009639039481551035,-1.4997653331990453,1.1163081399816595,,,79536.16193212301,79498.38943464811,79862.79637594127,0.0008759986762072458,0.0013529403952272645,-0.0031853816903293364,9.22103869695265e-05,5.522461214635119e-05,-2.129685440970097e-05,51.49932614555283,39.131525458418764,41.32591956660826,-2.194394108189499,2.0143682478867677e-05,-6.964210831225554e-06,2.7107893310093232e-05,0.002747738558586477,117.87857142856956,0.001480778679801843,107.35835,0.0,0,40,1,0.5,0.0,0.0,0.0,0.0,0.0,0.0,0.0,0.0,0.0,0.0,0,0,high
2026-05-14 00:35:00,79568.3,79577.3,79520.2,79554.4,60.939,4847837.6049,-0.0006458901381982685,0.0003998063883994263,-0.001049045810098903,-0.00042226333773065505,-0.00017470794594817306,0.0007177988648679062,-0.6763258773552261,0.5651243729882066,,,79537.89889096844,79500.58592740701,79859.72775528514,0.00020819343915157162,0.0006793227959676074,-0.0037931497207814857,2.1915098858307943e-05,2.7729916054405327e-05,-2.7511712954860847e-05,53.896332863187354,35.845508444472216,40.22983734218106,-4.384328897708841,-4.1359448341931216e-05,-1.3843258333366688e-05,-2.7516190008564528e-05,0.002742157178182876,110.06428571428425,0.0013835097205721401,107.83290000000002,0.0,0,35,1,0.5,0.0,0.0,0.0,0.0,0.0,0.0,0.0,0.0,0.0,0.0,0,0,high
2026-05-14 00:30:00,79421.2,79568.4,79421.2,79568.3,88.865,7066252.859,0.0001747079459466505,-0.00017216430046218534,0.00042613985196915394,0.0007304570081227979,0.001850437192065903,0.0018516939731854673,0.37724500037222786,0.8709513966683035,,,79540.79423468573,79503.24138123418,79856.8279766256,0.0003464345865165086,0.0008205393402693772,-0.00358243737906605,3.6466798581007236e-05,3.349376036390514e-05,-2.549957704539307e-05,60.48448145344446,33.971329776060884,38.97813582895702,-5.006806052896138,-2.3613513374108512e-05,-1.5797309341515055e-05,-7.816204032593458e-06,0.0027503626697287092,112.48571428571242,0.0014137001077780022,102.03209999999999,0.0,0,30,1,0.5,0.0,0.0,0.0,0.0,0.0,0.0,0.0,0.0,0.0,0.0,0,0,high
2026-05-14 00:25:00,79461.4,79491.0,79409.3,79421.2,48.958,3889862.8771,-0.001850437192064902,-0.00232161938431652,-0.0012759228577188253,-0.000456952387345666,-0.0005060340258509965,0.0010283178470950462,-0.596155576515458,0.4771611649406716,0.7920044027149569,,79529.40430757281,79500.02407216618,79852.49336989303,-0.0013607642621629168,-0.0009895097007461828,-0.005378816117687535,-0.00014323834338526983,-4.0385884829381416e-05,-4.365816027941804e-05,49.43542150038649,20.3813455797208,35.25877777910978,-14.877432199388977,-0.0001709909427036692,-4.6836036013945884e-05,-0.00012415490668972332,0.002996063695428867,117.3928571428561,0.0014781048025320205,102.60265,0.0,0,25,1,0.5,0.0,0.0,0.0,0.0,0.0,0.0,0.0,0.0,0.0,0.0,0,1,high
2026-05-14 00:20:00,79466.7,79493.7,79404.7,79461.4,50.504,4011686.2735,0.0005060340258502549,-0.0011696952202679967,-0.0015165674666768325,0.00041412324471323814,-6.669682708046663e-05,0.0011202127813370925,0.031089753368827022,0.5045110201953251,0.7932461186433581,,79522.9277068516,79498.50940266947,79848.60189357569,-0.0007733273566632448,-0.00046451584450935,-0.0048242966978886415,-8.140287964855318e-05,-1.8957653038023127e-05,-3.818858628807801e-05,50.22080097456937,12.708493624420953,30.748720948172014,-18.04022732375106,-9.652836490649003e-05,-5.677450179245472e-05,-3.975386311403531e-05,0.0030952217913139727,114.21428571428467,0.0014373555677886958,100.10485000000001,0.0,0,20,1,0.5,0.0,0.0,0.0,0.0,0.0,0.0,0.0,0.0,0.0,0.0,0,1,high
2026-05-14 00:15:00,79499.9,79567.5,79466.6,79466.7,223.412,17765764.4083,6.669682708171365e-05,-0.0012777063391329335,-0.0017488885313845515,0.00010319320041496383,-0.00041769781177553456,0.0012689104228404578,1.4869650594360233,2.0433245684234596,0.7933299561230456,,79517.57268715143,79497.2619751138,79844.80187473414,-0.000639332383908453,-0.00038221827164619526,-0.00471026056860957,-6.729814567424206e-05,-1.5598653817641292e-05,-3.7144950334149735e-05,46.286559316464384,6.9749658118671505,25.993969920911045,-19.019004109043895,-7.213554214771203e-05,-5.984670986350618e-05,-1.228883228420585e-05,0.003170283173193127,110.90714285714265,0.001395642990801715,109.3375,0.0,0,15,1,0.5,0.0,0.0,0.0,0.0,0.0,0.0,0.0,0.0,0.0,0.0,0,0,high
2026-05-14 00:10:00,79445.3,79500.0,79425.8,79499.9,83.085,6601828.1288,0.00041769781177514176,0.0009904286647071103,-0.0006853005814111413,-0.00015093219525574852,0.0006870292672900582,0.0009337691600911209,-0.9891534203481704,0.7638033425876556,0.7937769252903664,,79515.8895740894,79497.36542707012,79841.37001528406,-0.00020052651764324025,3.408818561290161e-05,-0.004249850689602042,-2.1108054488586462e-05,1.3933644408992202e-06,-3.261915170619658e-05,44.583827767417546,5.051831875403877,21.805542311809614,-16.753710436405736,-2.420222021417703e-05,-5.2717811933640354e-05,2.8515591719463325e-05,0.0031111006299424813,110.85714285714182,0.0013944312239026946,108.77799999999999,0.0,0,10,1,0.5,0.0,0.0,0.0,0.0,0.0,0.0,0.0,0.0,0.0,0.0,0,0,high
2026-05-14 00:05:00,79332.1,79468.5,79325.7,79445.3,64.967,5158740.8897,-0.0006870292672900291,-0.0002026346284331737,-0.0015470377946478209,-0.001490481009421174,0.0014258958665359037,0.0017985548400900214,-0.24598473148460798,0.6054334029780087,0.7929581079626633,,79509.16675750945,79495.3236456164,79837.4290201071,-0.0008030266625578264,-0.0006273355490620247,-0.004887756773241492,-8.452912237443814e-05,-2.5603601509333264e-05,-3.9130695144841686e-05,39.51165371809073,-0.8680232813785551,17.27082919317198,-18.138852474550536,-7.449819115789769e-05,-5.707388777849183e-05,-1.742430337940586e-05,0.0032377722880385044,113.9285714285704,0.0014340504904452546,107.3066,0.0,0,5,1,0.5,0.0,0.0,0.0,0.0,0.0,0.0,0.0,0.0,0.0,0.0,0,0,high
2026-05-14 00:00:00,79285.8,79405.6,79269.5,79332.1,172.931,13722339.6813,-0.0014258958665358534,-0.0016952273220507408,-0.0011224964691187722,-0.0030898075487382215,0.000583792892416045,0.0017154554605748001,0.9790132223391783,1.536422864341922,0.7917861160348121,-0.0002182866801447858,79492.30325679426,79488.92271833733,79832.4008706533,-0.002016644192989858,-0.0019727125365545106,-0.006250830225452475,-0.00021227833610409675,-8.0517023667236e-05,-5.29293535666428e-05,32.940219601464136,-14.526393865395221,10.911384581458542,-25.437778446853763,-0.00017199580945925007,-8.005827211464348e-05,-9.193753734460659e-05,0.00382744043068781,119.78571428571324,0.001509927435246429,112.55430000000001,0.0,0,0,1,0.5,0.0,0.0,0.0,0.0,0.0,0.0,0.0,0.0,0.0,0.0,0,0,high
2026-05-13 23:55:00,79291.9,79291.9,79266.4,79285.8,16.953,1343969.5533,-0.0005837928924155023,-0.002696718026241385,-0.0022123233873845294,-0.0037515087782651335,-7.693389427392142e-05,0.0003216482545517607,-2.3224478616919315,0.16122114580846894,0.7918524268381848,-0.0013936918051733471,79472.63627995671,79480.95712153979,79826.96205601994,-0.0023527764106034965,-0.002456250314109454,-0.006766616917690982,-0.0002476606748004211,-0.00010025333224559939,-5.821157783379563e-05,31.521598132053683,-28.755300803124555,2.978047504541923,-31.73334830766648,-0.0001792464605124269,-9.989590979420017e-05,-7.935055071822672e-05,0.004535232612562157,117.32142857142857,0.0014797281300236431,105.1537,0.0,23,55,1,0.5,0.0,0.0,0.0,0.0,0.0,0.0,0.0,0.0,0.0,0.0,0,0,high
2026-05-13 23:50:00,79245.1,79292.0,79188.8,79291.9,78.857,6246599.5118,7.693389427387842e-05,-0.0019327548646774773,-0.0022020863201923646,-0.003509954970263962,0.0005903984730305127,0.0013023661489209302,1.5371912763101223,0.7547854268992751,0.7923806341380217,-0.0009493219850238432,79455.42330091323,79473.54311677352,79821.63805546252,-0.002059095610013273,-0.002286009893566643,-0.006623119013234202,-0.00021674690631715446,-9.330481355856105e-05,-5.6866846768047635e-05,25.626937165398303,-39.08899939189723,-5.435361874745908,-33.653637517151324,-0.00013017692538499454,-0.00010595211291235906,-2.422481247263548e-05,0.00513193977076976,113.25714285714328,0.0014283570308839023,104.47604999999999,0.0,23,50,1,0.5,0.0,0.0,0.0,0.0,0.0,0.0,0.0,0.0,0.0,0.0,0,0,high
2026-05-13 23:45:00,79281.0,79293.1,79245.1,79245.1,38.244,3031890.9927,-0.0005903984730313283,-0.0010972574711729521,-0.0032101826049988347,-0.004944528996508879,-0.0004529222710165806,0.0006055323129274536,-0.723649400402739,0.36736252362415556,0.791953931531113,-0.0018229937592533219,79435.39251035007,79464.58456317456,79815.90135839325,-0.002397161313231422,-0.002763608038495846,-0.007141741192871365,-0.00025233276981374245,-0.00011279868255749311,-6.217561916867729e-05,27.85178380033696,-50.473076640759245,-14.442904827948578,-36.030171812810664,-0.0001434831260202137,-0.00011345831553393,-3.0024810486283714e-05,0.005880003574003219,108.45000000000125,0.001368538874958846,104.10425000000001,0.0,23,45,1,0.5,0.0,0.0,0.0,0.0,0.0,0.0,0.0,0.0,0.0,0.0,0,1,high
2026-05-13 23:40:00,79241.2,79281.0,79236.8,79281.0,30.102,2385751.9807,0.0004529222710161207,-6.054230774132918e-05,-0.002070231066692685,-0.003191129009371352,0.0005021378814611335,0.0005576660935931283,-0.23939507049302833,0.2882500886956497,0.7927563678110126,-0.00020174015165075332,79420.6884617453,79457.38516854026,79810.5789568172,-0.0017590734191479385,-0.0022200706393444847,-0.006622263509697746,-0.0001851656230680412,-9.061354712323374e-05,-5.705026702753503e-05,32.161842882456284,-55.953216062058345,-22.744967074770535,-33.20824898728781,-6.904521102669758e-05,-0.00010457569463248351,3.553048360578593e-05,0.006242232068499681,105.92857142857247,0.0013361154807403095,104.43014999999998,0.0,23,40,1,0.5,0.0,0.0,0.0,0.0,0.0,0.0,0.0,0.0,0.0,0.0,0,0,high
2026-05-13 23:35:00,79272.3,79311.5,79219.7,79241.2,42.157,3341650.7507,-0.0005021378814600297,-0.0006396140834752373,-0.0011464730816168611,-0.0035448924084544586,-0.0003923956054097604,0.00115813177798068,0.33680912947586483,0.4064067605601215,0.7922272484109492,0.0004411323761370767,79403.59432253147,79448.90731879359,79804.91349456033,-0.002045857843407717,-0.0026154552454791258,-0.007053511825077408,-0.00021535345720061154,-0.00010675175631291202,-6.14789995094504e-05,24.087591240875355,-62.78405787574593,-30.752785234965614,-32.031272640780315,-8.612520191561063e-05,-0.00010088559608910893,1.47603941734983e-05,0.00663100549632689,102.90714285714473,0.0012986570478128138,103.73105000000001,0.0,23,35,1,0.5,0.0,0.0,0.0,0.0,0.0,0.0,0.0,0.0,0.0,0.0,0,1,high
2026-05-13 23:30:00,79320.3,79355.7,79210.1,79272.3,99.137,7858402.4917,0.00039239560540949014,0.00034317999496558116,-0.00017028458379186873,-0.0038991754378532306,-0.0006053246048765162,0.0018364620986466218,0.8551019876904942,0.9384067899770883,0.7928692323067246,0.001016805468539772,79391.090101338,79441.98154158599,79799.61385779854,-0.0014959896439030729,-0.0021358808306555233,-0.006594836456287112,-0.00015747259409488757,-8.717734997085703e-05,-5.696283428637637e-05,24.921040758008502,-64.93945749757404,-37.5901196874873,-27.349337810086737,-2.7166680703194946e-05,-8.614181301192615e-05,5.89751323087312e-05,0.00676102167520731,107.82857142857185,0.0013602301362338654,105.64394999999999,0.0,23,30,1,0.5,0.0,0.0,0.0,0.0,0.0,0.0,0.0,0.0,0.0,0.0,0,1,high
2026-05-13 23:25:00,79371.8,79408.0,79246.3,79320.3,104.561,8295049.8731,0.0006053246048765004,0.0004955823288259609,0.00035810612681075327,-0.003592868724766163,-0.0006490556468527718,0.002038394874760199,0.05326790126046621,0.9700989526724088,0.7934268652232834,0.0010462310852616952,79384.34818692486,79437.20971642577,79794.84456568114,-0.0008058397972146025,-0.0014705344130039322,-0.005929914718562301,-8.482524181189825e-05,-6.002041056507831e-05,-5.037290951858655e-05,32.30536659108115,-62.059050278243376,-42.483905805638514,-19.575144472604862,3.632127383043296e-05,-6.164919564345432e-05,9.797046947388728e-05,0.006708692741235172,113.2642857142855,0.0014279356698636478,107.78385,0.0,23,25,1,0.5,0.0,0.0,0.0,0.0,0.0,0.0,0.0,0.0,0.0,0.0,0,1,high
2026-05-13 23:20:00,79318.5,79385.3,79311.4,79371.8,103.461,8210609.7779,0.0006490556468534692,0.0016467758571394597,0.0015975602466955507,-0.002297922939714425,0.0006717487080721218,0.0009313363837013726,-0.010575903057103098,0.9830089131234128,0.7938626438310799,0.0019087122999668082,79383.15312150345,79434.64462950712,79790.63516701764,-0.0001418523265179772,-0.0007892639125746115,-0.0052283132102992624,-1.4931823843768023e-05,-3.2213506352586255e-05,-4.3413421395481524e-05,35.946216564153445,-54.986833222879795,-44.984491289086776,-10.00234193379302,8.913714726855562e-05,-3.149192706105234e-05,0.00012062907432960797,0.00625475325353713,108.02857142857205,0.0013610447467308545,105.24929999999999,0.0,23,20,1,0.5,0.0,0.0,0.0,0.0,0.0,0.0,0.0,0.0,0.0,0.0,0,1,high
2026-05-13 23:15:00,79336.6,79363.9,79307.5,79318.5,54.491,4323139.4966,-0.0006717487080738493,0.0005826315436561202,0.0004728892676055807,-0.003144379593734925,-0.00022816789474183858,0.0007109031920723551,-0.641159179682091,0.5169997675488741,0.7928932009778951,0.00013683316688251068,79376.99568136026,79430.08993815389,79785.93730465925,-0.0007361152217733036,-0.0014037180080741507,-0.005841354834608126,-7.748581281806147e-05,-5.729331818479265e-05,-4.966551380024141e-05,41.516603337188045,-53.07114369832561,-46.60182177093454,-6.469321927391071,2.413798677979377e-05,-2.036594429288312e-05,4.450393107267689e-05,0.00617827246635401,101.26428571428654,0.001276679283071245,105.39849999999998,0.0,23,15,1,0.5,0.0,0.0,0.0,0.0,0.0,0.0,0.0,0.0,0.0,0.0,0,1,high
2026-05-13 23:10:00,79375.2,79375.8,79314.0,79336.6,55.15,4375642.2875,0.00022816789474333632,0.00020547483352295615,0.0012031950438089467,-0.0010657745069266866,-0.0004864162684948859,0.0007788780769053829,0.012021195281709307,0.5319248977985639,0.7933066124921915,0.0010793640812423178,79373.14847361167,79426.42366606943,79781.46628670245,-0.00045957139112218215,-0.001129450108887653,-0.005557334333497366,-4.837593590745215e-05,-4.6098760815062106e-05,-4.690100227244462e-05,39.30041152263443,-49.52157334491494,-47.185772085730626,-2.335801259184315,4.472586084632516e-05,-7.3475832650414635e-06,5.207344411136663e-05,0.006057686988073397,99.3214285714296,0.0012518992315202516,103.68005000000001,0.0,23,10,1,0.5,0.0,0.0,0.0,0.0,0.0,0.0,0.0,0.0,0.0,0.0,0,1,high
2026-05-13 23:05:00,79320.0,79386.4,79314.0,79375.2,81.784,6489804.1414,0.0004864162684938833,4.2835455163370284e-05,0.0012972157068933399,-0.0010853922642830582,0.0006956732431253785,0.0009124111221232387,0.39402487975520106,1.0106753385899556,0.7937462990257078,0.0008770667189832437,79373.34385707721,79424.41489485103,79777.42383608849,2.428822238265127e-05,-0.0006178168270452034,-0.0050204611688347,2.55665498791313e-06,-2.521581848922111e-05,-4.159436276233191e-05,42.57907542579041,-43.09702023789578,-46.36802171616365,3.271001478267877,8.094727506263898e-05,1.0311388400494624e-05,7.063588666214436e-05,0.005639452342498577,96.91428571428592,0.001220964302632131,80.92015,0.0,23,5,1,0.5,0.0,0.0,0.0,0.0,0.0,0.0,0.0,0.0,0.0,0.0,0,1,high
2026-05-13 23:00:00,79395.5,79504.6,79319.9,79320.0,333.809,26506429.43,-0.000695673243125583,1.8910920111636642e-05,-3.782141108743531e-06,-0.0018477623344903549,-0.0009513879324304,0.002325838686872936,1.4064873476623934,3.6434731688575495,0.7928546486775421,-0.0005722165457413553,79368.26348973652,79420.32019309216,79772.8723551324,-0.000607443590196155,-0.0012619806556539714,-0.0056592574526366235,-6.394143054670554e-05,-5.150826651417647e-05,-4.8102610328135404e-05,35.91229444009379,-41.97582312855229,-45.489581998641384,3.5137588700890916,1.4105661056629529e-05,1.1070242931721606e-05,3.0354181249079226e-06,0.005029598385599774,104.8071428571441,0.001321320510049724,91.61834999999999,0.0,23,0,1,0.5,0.0,0.0,0.0,0.0,0.0,0.0,0.0,0.0,0.0,0.0,0,1,high
2026-05-13 22:55:00,79420.8,79430.3,79358.4,79395.5,119.646,9498796.068,0.0009513879324316576,0.000742130957799958,0.00029855014446944494,-0.001314072213833839,-0.0003186070978107882,0.0009056060653423726,-1.0260315901614963,1.2653761830578816,0.7940316986842095,0.00016905485312967983,79370.85744309494,79419.3468521866,79769.11740632511,0.0003111877382124817,-0.00029841261643070993,-0.004661025047367318,3.275660402266238e-05,-1.2179003810418276e-05,-3.815743079818722e-05,46.223839854412766,-34.596243363339454,-43.310914271581,8.714670908241544,9.296562236638342e-05,2.7449318818653973e-05,6.551630354772945e-05,0.004548944799854993,100.24285714285881,0.0012625760545982934,94.55369999999999,0.0,22,55,1,0.5,0.0,0.0,0.0,0.0,0.0,0.0,0.0,0.0,0.0,0.0,0,0,high
2026-05-13 22:50:00,79382.4,79439.9,79382.4,79420.8,84.858,6739284.3102,0.0003186070978102862,0.0005743217871163608,0.0012889059503535805,-0.0003084358487335237,0.00048361746801625383,0.0007240797106228663,-0.3435581116891919,0.8993639335540285,0.7940304630748205,0.0011372620969254399,79375.6138770859,79419.40383837537,79765.65156148605,0.0005698143754493401,1.9402540932134116e-05,-0.004299209810755045,5.998046057386464e-05,7.930001747073901e-07,-3.460753499113773e-05,57.760279965004315,-26.4020285232109,-39.929137121906976,13.527108598696074,0.00010321281182882899,4.260201742068898e-05,6.061079440814001e-05,0.003916912616000236,91.7928571428586,0.0011557785509949358,94.35335,0.0,22,50,1,0.5,0.0,0.0,0.0,0.0,0.0,0.0,0.0,0.0,0.0,0.0,0,0,high
2026-05-13 22:45:00,79375.5,79441.6,79373.8,79382.4,73.354,5825051.8295,-0.0004836174680171723,0.0007863775622247715,0.0005771205875930718,0.0006338425497851574,8.692480820595958e-05,0.0008538215326589385,-0.14568223510363243,0.7675168182695662,0.7933389895392118,3.237704702030442e-05,79376.26017450629,79417.9527074587,79761.83811311306,7.798767815181407e-05,-0.00044601042013958647,-0.004735236957589706,8.20922927948017e-06,-1.8203488773993774e-05,-3.907529551875997e-05,58.569907735982326,-22.744429676691652,-36.49219563286391,13.747765956172259,4.60699001812175e-05,4.329559397279468e-05,2.774306208422819e-06,0.0038533833213573823,91.94285714285797,0.001158227228489665,95.57315000000001,0.0,22,45,1,0.5,0.0,0.0,0.0,0.0,0.0,0.0,0.0,0.0,0.0,0.0,0,0,high
2026-05-13 22:40:00,79274.4,79381.3,79274.3,79375.5,107.109,8497668.3169,-8.69248082047136e-05,-0.00025193517841159974,3.7795108944749245e-06,0.001130710633995946,0.0012745046001952664,0.0013488337786068327,0.3785499713737366,1.0884684878774513,0.7933708525031378,-0.0003754465225700443,79376.18777693427,79416.28789540149,79757.99395278358,-8.085974810612129e-06,-0.000512035807624045,-0.004774180056681843,-8.511552428239975e-07,-2.0898442477159258e-05,-3.9551410072849065e-05,57.40609496810831,-20.170021125421044,-33.22776073137534,13.057739605954296,3.2419798104097326e-05,4.112043479905521e-05,-8.700636694957886e-06,0.0036470943021556118,92.29285714285756,0.0011627373325882363,98.4034,0.0,22,40,1,0.5,0.0,0.0,0.0,0.0,0.0,0.0,0.0,0.0,0.0,0.0,0,0,high
2026-05-13 22:35:00,79257.6,79274.4,79219.8,79274.4,59.355,4703473.3634,-0.001274504600194959,-0.0018450468764168448,-0.000575051846174901,-0.00022072786047289128,0.0002119445924215287,0.000688984229831406,-0.5903106440310246,0.6580336816128061,0.7921490448365454,-0.0007056038409967158,79366.49370294053,79410.72366420928,79753.18207265639,-0.0011604390916701846,-0.001716479999670284,-0.005988498739894155,-0.0001221514833335035,-7.005946827001416e-05,-5.183950151685016e-05,52.3678681105534,-25.98813384307141,-31.779835353714557,5.791701510643147,-7.337989260630529e-05,1.822036931798311e-05,-9.16002619242884e-05,0.0034558620006573688,99.9857142857145,0.001261261066444079,90.20055,0.0,22,35,1,0.5,0.0,0.0,0.0,0.0,0.0,0.0,0.0,0.0,0.0,0.0,0,0,high
2026-05-13 22:30:00,79290.7,79304.3,79200.0,79257.6,101.897,8075594.171,-0.00021194459242224184,-0.0015733740008219144,-0.0017383843710288005,0.0001577260201361952,-0.0004175383839608527,0.0013160528143894784,0.5404261356617317,1.1180131038504562,0.7924637090793496,-0.0015679896048599318,79356.12287408904,79404.71881463243,79748.25090775434,-0.0012416804760828626,-0.0018528000982858117,-0.006138747378761522,-0.00013070320800862145,-7.56235907857878e-05,-5.343258699849585e-05,48.04869913275567,-31.59049413361936,-31.74196710969552,0.1514729760761604,-7.067252838208708e-05,4.417897779690703e-07,-7.111431816005616e-05,0.0029990331039327564,104.27857142857205,0.001315691762412337,91.14115000000001,0.0,22,30,1,0.5,0.0,0.0,0.0,0.0,0.0,0.0,0.0,0.0,0.0,0.0,0,1,high
2026-05-13 22:25:00,79298.9,79299.0,79255.8,79290.7,40.063,3175993.7722,0.00041753838396019205,-0.0010689108086570087,-0.0016394530848788946,0.00012234213308026654,-0.00010341157310830107,0.000544922021521756,-0.9335092840650008,0.4456596765482761,0.7931286698910451,-0.0009017931837753679,79349.89212417579,79400.24748856842,79743.69816240355,-0.0007456523690638761,-0.0013789769412149155,-0.005664281542117067,-7.848972305921064e-05,-5.628390550163172e-05,-4.874630868049896e-05,54.174397031539925,-32.9793462799571,-31.989442943747836,-0.9899033362092631,-1.7530822929390488e-05,-3.1527327635028414e-06,-1.4378090165887647e-05,0.00267320547219363,100.80714285714306,0.0012713614945654794,89.89595,0.0,22,25,1,0.5,0.0,0.0,0.0,0.0,0.0,0.0,0.0,0.0,0.0,0.0,0,0,high
2026-05-13 22:20:00,79251.0,79299.0,79227.4,79298.9,179.783,14249518.7799,0.00010341157310911342,0.00030900536464706363,-0.001052424043752609,0.0007278915876494096,0.0006042261957566977,0.000903319634694492,1.5012973529657625,1.9923081654126753,0.7931796181433803,-0.00015937139583144244,79345.03573139715,79396.27307725202,79739.27231004134,-0.0005810750058632408,-0.001225543196808232,-0.005505537929515469,-6.116579009079882e-05,-5.002133771297505e-05,-4.7232299906472965e-05,52.333333333332625,-33.03751424327493,-32.199057203653254,-0.8384570396216731,-7.543511704761753e-07,-2.6730564448975083e-06,1.918705274421333e-06,0.002678418035906621,95.52142857142982,0.0012045744464479308,90.23855,0.0,22,20,1,0.5,0.0,0.0,0.0,0.0,0.0,0.0,0.0,0.0,0.0,0.0,0,1,high
2026-05-13 22:15:00,79382.9,79382.9,79251.0,79251.0,101.276,8032185.2419,-0.0006042261957563966,-8.327623868709111e-05,-0.0015697254313042919,-0.0002687302135164771,-0.0016629488450619315,0.0016629488450619692,-0.5739011049228262,1.0722176874205307,0.7925571822072186,-0.0008136702959191666,79336.07994745456,79390.57609383037,79734.41387909565,-0.0010724153728940422,-0.0017580137301109744,-0.006048970452383173,-0.00011288582872561764,-7.175486155781511e-05,-5.2774527725875186e-05,43.91998596244908,-36.527674166165525,-33.06478059615571,-3.4628935700098182,-4.405153176834212e-05,-1.094875150958643e-05,-3.310278025875569e-05,0.0027615458792766673,93.39285714285818,0.0011784438952550525,94.4547,0.0,22,15,1,0.5,0.0,0.0,0.0,0.0,0.0,0.0,0.0,0.0,0.0,0.0,0,1,high
2026-05-13 22:10:00,79280.0,79382.9,79280.0,79382.9,98.893,7847044.1797,0.0016629488450607965,0.0011621342224135134,0.0013677280139514636,0.000788894026667819,0.001297089797639352,0.001297089797639352,-0.023811005585625544,1.0360006914144138,0.7944760479212309,0.002327003084685586,79340.53900007793,79390.2750705429,79730.91622855738,0.0005342921891031693,-9.133685034257155e-05,-0.004342379601279589,5.624128306356466e-05,-3.7272652198303507e-06,-3.57026533697889e-05,50.85345225280576,-28.323922833209508,-32.11660904356647,3.792686210356962,0.00010338545571183352,1.1918089934697559e-05,9.146736577713595e-05,0.002844341933044374,97.53571428571429,0.0012286741135145516,95.4565,0.0,22,10,1,0.5,0.0,0.0,0.0,0.0,0.0,0.0,0.0,0.0,0.0,0.0,0,0,high
2026-05-13 22:05:00,79327.8,79329.8,79185.7,79280.0,306.802,24309535.4445,-0.0012970897976387619,-0.0002383671483343619,0.00028258280873494357,-0.001157251417824412,-0.0006027446499749556,0.0018181192336931122,1.132164130817138,2.817685545404117,0.7926041545868738,0.0001404455075242339,79334.77338102288,79385.9505579726,79726.42949991503,-0.0006901502172471652,-0.0013339785441406349,-0.005583355275547319,-7.264739128903786e-05,-5.4447364530376685e-05,-4.8253769233161774e-05,47.249607086726535,-29.78224959135696,-31.64973715312457,1.8674875617676108,-1.8407855574168413e-05,5.852900832924366e-06,-2.426075640709278e-05,0.002745837322375308,107.02857142857101,0.0013500072077266777,108.8844,0.0,22,5,1,0.5,0.0,0.0,0.0,0.0,0.0,0.0,0.0,0.0,0.0,0.0,0,1,high
2026-05-13 22:00:00,79365.3,79418.8,79315.2,79327.8,173.454,13766093.3972,0.0006027446499743405,0.0009686036973963752,0.00046778907474909204,0.00011724194022377787,-0.00047261034913298575,0.0013053285963963853,-0.570290153825848,1.4946230999896597,0.7935824550112169,0.0004537851201718013,79334.10924949689,79383.67014393445,79722.46303722932,-7.908122753086388e-05,-0.0007025580551793809,-0.004931052310890749,-8.324339740144678e-06,-2.86751286674466e-05,-4.1776173022141856e-05,49.39692982456117,-26.77230902190786,-30.67425152688123,3.90194250497337,3.793355568455813e-05,1.226903180325112e-05,2.566452388130701e-05,0.0027018371289668475,112.52857142857101,0.0014185263101784116,116.05200000000002,0.0,22,0,1,0.5,0.0,0.0,0.0,0.0,0.0,0.0,0.0,0.0,0.0,0.0,0,1,high
2026-05-13 21:55:00,79460.3,79478.9,79338.2,79365.3,65.364,5189197.5101,0.0004726103491332623,-0.00022173479853115907,0.0008369878507732409,0.00036168439461370383,-0.0011962808430056975,0.0017718499684237555,-0.9759407863612912,0.5576545474943553,0.7939048966744267,0.0007252785310463139,79337.07979716385,79382.9497461331,79718.90917616237,0.00035605015763984227,-0.00022093014894686291,-0.0044140793551736834,3.7478963962084555e-05,-9.016874636046253e-06,-3.665789916984928e-05,49.32052161976702,-21.117542945881723,-28.76290981068133,7.645366864799605,7.126231195196946e-05,2.406768783299479e-05,4.719462411897467e-05,0.002546441045102266,118.14999999999938,0.0014886858614532974,117.21235000000001,0.0,21,55,1,0.5,0.0,0.0,0.0,0.0,0.0,0.0,0.0,0.0,0.0,0.0,0,1,high
2026-05-13 21:50:00,79441.1,79498.7,79441.0,79460.3,66.127,5255204.881,0.0011962808430059368,0.0022716358421135396,0.0026374948895355743,0.0010715489691257574,0.00024165929429731002,0.000726061550824399,0.011605487278224302,0.5722217150383105,0.7948871286823422,0.0023299464751236343,79348.81505457683,79385.98308942199,79716.33595052891,0.0014044899529643828,0.0009371016472314864,-0.003185780616524525,0.00014784104768054667,3.824970252638446e-05,-2.438985198402056e-05,59.130547963035774,-8.868167325679678,-24.783961313681,15.915793988001322,0.0001542911796276536,5.011238619192655e-05,0.00010417879343572705,0.0028334235403002553,114.48571428571242,0.0014407913673332774,115.56185,0.0,21,50,1,0.5,0.0,0.0,0.0,0.0,0.0,0.0,0.0,0.0,0.0,0.0,0,0,high
2026-05-13 21:45:00,79449.2,79486.2,79362.3,79441.1,73.528,5840834.9893,-0.00024165929429642574,0.0014272318978427734,0.000732886750178352,0.0015255629179549146,-0.00010195713655277051,0.0015599772755321244,0.1060891505880468,0.6449247523467199,0.7941040237589032,-0.00037202416232773317,79357.60409699808,79388.14453689563,79713.5972843545,0.0010520848816515382,0.0006681701038004917,-0.0033933360311113603,0.00011074577701607312,2.7272879121568375e-05,-2.6551736982153947e-05,53.20224719101178,-0.7016403602756327,-19.96749712299993,19.265856762724297,0.00010287650739926717,6.0665210433394684e-05,4.2211296965872486e-05,0.003039050013335321,115.45714285714037,0.001453367877045262,114.01020000000001,0.0,21,45,1,0.5,0.0,0.0,0.0,0.0,0.0,0.0,0.0,0.0,0.0,0.0,0,0,high
2026-05-13 21:40:00,79462.0,79479.9,79424.0,79449.2,91.344,7257370.5309,0.00010195713655214433,0.0010565786852616554,0.0021319336843692582,0.0006761321220754013,-0.00016109626039802392,0.0007035699225245105,0.21696631316609416,0.805471747776871,0.7941290170368571,0.0015248624499832886,79366.3275163316,79390.53886878208,79710.96646560471,0.0010441332545649828,0.000739926172103722,-0.003258628855808965,0.0001099087636385561,3.020167353061057e-05,-2.5273041723106205e-05,52.043753598157444,6.350785499918857,-14.703840598416173,21.054626098335028,8.883297227492707e-05,6.629876280170117e-05,2.25342094732259e-05,0.003244026835971754,115.34285714285423,0.0014517812280407385,113.40435,0.0,21,40,1,0.5,0.0,0.0,0.0,0.0,0.0,0.0,0.0,0.0,0.0,0.0,0,0,high
2026-05-13 21:35:00,79411.9,79462.1,79406.2,79462.0,110.176,8752486.7981,0.00016109626039728653,2.139410265300512e-05,0.0016902852947922042,0.0005186212846624016,0.0006306888879884109,0.0007037275819904066,0.18744648793420993,0.9482513775017515,0.7941852474359337,0.0006027924247167249,79375.43918144288,79393.34126608475,79708.48918733999,0.0010904457516325294,0.0008656882194610915,-0.0030667113755562525,0.00011478376332986376,3.533479458420571e-05,-2.3418620806485383e-05,55.94739988045513,12.824899373299559,-9.198092604073027,22.022991977372584,8.153551193125398e-05,6.934611262761173e-05,1.218939930364225e-05,0.0034527834237105164,114.49285714285465,0.0014408504334506387,116.1886,0.0,21,35,1,0.5,0.0,0.0,0.0,0.0,0.0,0.0,0.0,0.0,0.0,0.0,0,0,high
2026-05-13 21:30:00,79390.6,79428.6,79380.0,79411.9,105.316,8363708.7134,-0.0006306888879876738,-0.0003676354910382429,0.0005869860576712682,0.0003715498646919002,0.00026825774314295146,0.0006120575525153915,-0.045113732740317936,0.8872683279849769,0.7934340390712329,-0.0004708576031937639,79378.91164035308,79394.06905957163,79705.53805114755,0.00041597049567876354,0.00022578367141434796,-0.0036606102111704786,4.378636796628876e-05,9.21621879707318e-06,-2.9461111027193727e-05,52.55474452554716,13.754476916554268,-4.6075786999475685,18.362055616501834,1.1726600828649971e-05,5.782221026781938e-05,-4.609560943916941e-05,0.003496108551879343,112.62857142856956,0.0014182832979511833,118.6969,0.0,21,30,1,0.5,0.0,0.0,0.0,0.0,0.0,0.0,0.0,0.0,0.0,0.0,0,0,high
2026-05-13 21:25:00,79369.7,79418.5,79354.2,79390.6,95.157,7554301.0415,-0.00026825774314254147,-0.0007378503707329287,-0.0008775525284772101,0.00019021692975407234,0.0002632900053822251,0.0008099629661180134,-0.10143719532918638,0.7971898089524154,0.7933610636875734,-0.0015260649947688165,79380.02481746231,79393.9330180198,79702.40433919584,0.00013364487134381875,-4.0808421855942356e-05,-0.003889774740837737,1.4067881194019211e-05,-1.6651130436960217e-06,-3.183719691888873e-05,59.1843186847946,12.626886935729999,-1.160685572812055,13.787572508542054,-1.418874076926169e-05,4.342002006040317e-05,-5.760876082966486e-05,0.0035086497696100675,106.09999999999854,0.0013364302574863842,119.36555000000001,0.0,21,25,1,0.5,0.0,0.0,0.0,0.0,0.0,0.0,0.0,0.0,0.0,0.0,0,0,high
2026-05-13 21:20:00,79379.1,79398.6,79365.0,79369.7,50.981,4046930.6888,-0.0002632900053818332,-0.0011622366365120484,-0.0008991832395626176,0.001201431524567198,-0.00011842609217832119,0.00042327083162202423,-0.6240751447955173,0.484499043232946,0.7932432470869841,-0.0008607766719190835,79379.04150151352,79392.98270358767,79699.09384825858,-0.00011729797841475431,-0.0002921729987193089,-0.004111740718894197,-1.2347155622728638e-05,-1.1924912743230814e-05,-3.414020993842052e-05,58.803204020731656,9.932314877427416,1.057914517235839,8.874400360191578,-3.393480150729255e-05,2.7949055746864027e-05,-6.188385725415657e-05,0.0034737335180624706,101.04999999999875,0.0012731558768648331,105.22415000000001,0.0,21,20,1,0.5,0.0,0.0,0.0,0.0,0.0,0.0,0.0,0.0,0.0,0.0,0,0,high
2026-05-13 21:15:00,79412.4,79412.9,79350.0,79379.1,123.176,9776323.8776,0.0001184260921771596,-0.0004131216563472151,-0.0008827142839376023,0.0015318022091665995,-0.00041941792209456135,0.0007923765979461864,0.8821612126365261,1.1686455444060355,0.7935123712274343,-0.0006166458094227778,79379.04707279796,79392.43828383915,79695.90982986795,1.0206743557006348e-06,-0.0001669333023652797,-0.00395358015282099,1.074394058321469e-07,-6.8131086287057e-06,-3.262213728055405e-05,57.21044045677087,8.457851699218736,2.5379019536324186,5.919949745586317,-1.856835354512022e-05,1.8645573888467176e-05,-3.72139274335874e-05,0.0034590121685199897,102.4571428571414,0.0012907319792885205,105.40065,0.0,21,15,1,0.5,0.0,0.0,0.0,0.0,0.0,0.0,0.0,0.0,0.0,0.0,0,0,high
2026-05-13 21:10:00,79448.7,79448.8,79301.0,79412.4,351.39,27891668.0201,0.0004194179220942118,0.0002745540088895382,-0.000624392622240677,0.0015336817473006192,-0.0004570030124652983,0.001862050127996592,1.0482824908222756,2.959640689058325,0.7939387157510893,-0.0002465316848443422,79382.22354205529,79393.22109623761,79693.08883653593,0.0003803968253599521,0.000242583262091145,-0.0034989964373863813,4.0041771090439735e-05,9.90183375258518e-06,-2.812422624199917e-05,58.89359034634103,9.862669987545814,4.002855560415098,5.859814427130717,1.76932357467753e-05,1.84551062601288e-05,-7.618705133535011e-07,0.003441697916274387,107.89999999999834,0.0013587298709017528,118.72725,0.0,21,10,1,0.5,0.0,0.0,0.0,0.0,0.0,0.0,0.0,0.0,0.0,0.0,0,1,high
2026-05-13 21:05:00,79619.2,79619.3,79386.9,79448.7,244.699,19452686.7732,0.000457003012465762,0.0009948470267371334,0.00046329927821275874,0.0018872731866572678,-0.0021437394382660116,0.002923158537030074,-0.3618678339463157,1.9223061483410515,0.7942444012806238,0.0008103622093909024,79388.55463328812,79395.39673952242,79690.65710681916,0.0007576474723176574,0.0006721515186924876,-0.0030117248336285485,7.97523655071371e-05,2.7435213309964663e-05,-2.3297089538439357e-05,65.77813248204322,13.746642492769752,5.951612946886028,7.7950295458837235,4.8899921338477794e-05,2.45440692757986e-05,2.4355852062679195e-05,0.003569871995331172,115.07857142857081,0.001448463869497812,127.29450000000001,0.0,21,5,1,0.5,0.0,0.0,0.0,0.0,0.0,0.0,0.0,0.0,0.0,0.0,0,1,high
2026-05-13 21:00:00,79675.7,79678.9,79596.0,79619.2,121.836,9701275.1707,0.002143739438267289,0.003020160372827263,0.0028752964596225894,0.004635238820680954,-0.0007093761616888027,0.0010409676287470688,-0.6973530056964918,0.951614396061574,0.7961680582601911,0.0028069945726176826,79410.52085868925,79404.17333797252,79689.94609083091,0.002625064347672179,0.002705463860609214,-0.000859348724761233,0.00027632256291286586,0.00011042753585731072,-1.7345370229594714e-06,67.76424597804886,30.23412360092334,10.80811507769349,19.42600852322985,0.00020734681243479413,6.11046179075977e-05,0.00014624219452719642,0.004568331163858588,122.09999999999958,0.0015335496965555996,128.03085000000002,0.0,21,0,1,0.5,0.0,0.0,0.0,0.0,0.0,0.0,0.0,0.0,0.0,0.0,0,1,high
2026-05-13 20:55:00,79651.6,79686.5,79640.7,79675.7,52.985,4221172.9437,0.000709376161687203,0.003310118612420254,0.0038479626266916256,0.00368166613730736,0.0003025219178859236,0.0005749175440418286,-0.832667023480286,0.4148776527876904,0.7959486988705198,0.0027054517835356506,79435.77601500457,79414.82144236576,79689.80433868335,0.0030168747465619816,0.0032809247273046793,-0.0001484802987654632,0.00031756576279613606,0.00013391571726240455,5.341191322415279e-06,81.97834168417641,47.31423986970913,18.10934003609662,29.204899833612508,0.00021470104621686083,9.182390356945033e-05,0.0001228771426474105,0.00548814242454673,112.82142857142857,0.0014160079995711185,127.71235000000001,0.0,20,55,1,0.5,0.0,0.0,0.0,0.0,0.0,0.0,0.0,0.0,0.0,0.0,0,0,high
2026-05-13 20:50:00,79673.3,79673.3,79637.6,79651.6,33.438,2663630.4929,-0.0003025219178844907,0.0025505936820700015,0.0034270146166299753,0.004676234017061631,-0.00027239935671291945,0.000448180263843601,-0.46031587681134534,0.26903340107845075,0.7950671937248419,0.0015548224974075708,79456.33068024223,79424.10687599849,79689.42419600987,0.0024558430354701954,0.0028616026992462906,-0.00044651463240619194,0.00025850979320750497,0.00011680051588409493,2.2778768029435788e-06,77.21008403361435,58.23439660599979,26.134351350077253,32.10004525592254,0.00013729496039689918,0.0001009181149349401,3.6376845461959074e-05,0.005911775179742402,105.6285714285706,0.001326132449675469,124.28940000000003,0.0,20,50,1,0.5,0.0,0.0,0.0,0.0,0.0,0.0,0.0,0.0,0.0,0.0,0,1,high
2026-05-13 20:45:00,79686.1,79743.2,79644.7,79673.3,240.395,19158499.7439,0.000272399356711972,0.0006792536005146843,0.0032799960512477355,0.004345888723799263,-0.0001606431754578186,0.0012359785471719742,1.972590425960418,1.7899051419891887,0.7952142366806214,0.0012755209295320924,79476.99442498107,79433.8791553711,79689.26375624858,0.002468409783404013,0.003011100014548518,-0.0001723827853883364,0.000259832608779359,0.00012290243121067834,4.965652722436399e-06,76.58839779005605,67.85748924432846,34.478978928927496,33.378510315400966,0.00012094721750978782,0.00010492393544990966,1.602328205987816e-05,0.006359994661804005,101.87142857142837,0.0012786143986935191,134.306,0.0,20,45,1,0.5,0.0,0.0,0.0,0.0,0.0,0.0,0.0,0.0,0.0,0.0,0,0,high
2026-05-13 20:40:00,79642.5,79709.1,79630.0,79686.1,42.51,3386404.9845,0.00016064317545883,0.00013052061428631134,0.0029836362142408035,0.0040339215501248304,0.0005472966069910094,0.0009928511771156179,-1.7325440614051733,0.3335625873188936,0.7951511040070613,0.0009067027264375582,79496.90924164954,79443.77016888597,79689.23227608691,0.002378666962780329,0.003047361104124846,-1.1622797890353809e-05,0.00025038599608216575,0.00012438246039688037,6.5146827994154405e-06,72.71629778672128,75.64472718894831,42.71212858093166,32.93259860801665,9.784581796824145e-05,0.00010350831195357602,-5.662493985334572e-06,0.006716205875411009,97.99285714285777,0.0012297358904860166,127.44235,0.0,20,40,1,0.5,0.0,0.0,0.0,0.0,0.0,0.0,0.0,0.0,0.0,0.0,0,0,high
2026-05-13 20:35:00,79623.7,79642.5,79613.9,79642.5,41.724,3322527.5826,-0.0005472966069923757,-0.00011425407482157368,0.0002926001689811386,0.002290344100126518,0.00023608273553736776,0.0003591692428996645,-0.01866283955697412,0.3352274439148433,0.7944207581188891,-0.0017473001413019773,79510.77502815911,79451.56349559633,79688.7672783149,0.0016569541314268577,0.0024020227521468485,-0.0005533580177701225,0.00017441622436078087,9.804210481298798e-05,1.004122701984683e-06,69.31338703490567,77.4057286875759,49.65084860226051,27.754880085315392,2.215755000689685e-05,8.723815956424019e-05,-6.508060955734334e-05,0.006557780751324739,94.30000000000187,0.0011840411840412077,124.46475000000001,0.0,20,35,1,0.5,0.0,0.0,0.0,0.0,0.0,0.0,0.0,0.0,0.0,0.0,0,0,high
2026-05-13 20:30:00,79580.3,79698.8,79580.3,79623.7,83.815,6675566.0054,-0.00023608273553676895,-0.0006227361670703147,-0.0006528587282428333,0.0022959206588861747,0.0005452124453539682,0.001487954438006327,0.6975354862695164,0.6775072679558826,0.794300284955284,-0.0016484139152357358,79521.52978738205,79458.31394674942,79688.11984270978,0.001285550310566208,0.00208100119242971,-0.0007815856214339334,0.000135321085322919,8.493916989731125e-05,-1.354950514321323e-06,66.39729374177767,76.40359905044897,55.0013986918982,21.402200358550772,-1.2568704946494522e-05,6.727678666209325e-05,-7.984549160858777e-05,0.0066578663384782594,98.77142857143086,0.0012404777543800509,123.71085000000001,0.0,20,30,1,0.5,0.0,0.0,0.0,0.0,0.0,0.0,0.0,0.0,0.0,0.0,0,1,high
2026-05-13 20:25:00,79623.6,79646.6,79580.3,79580.3,133.814,10655027.9639,-0.0005452124453544371,-0.0013285917878835818,-0.0008955492557127798,0.0016487510769795932,-0.0005439565370907222,0.0008327739073191308,0.467838786918918,1.1629785649320428,0.7938402573579015,-0.0012269363669403788,79527.12695048853,79463.09771354357,79687.04700845397,0.0006698294970970409,0.0014755617373864993,-0.0013135960959740345,7.050836811555174e-05,6.022734184822308e-05,-6.766467875914514e-06,60.51181802025978,71.28565020026872,58.25824899357231,13.02740120669641,-6.429257151997416e-05,4.096291502567978e-05,-0.00010525548654565393,0.0062481967908029025,99.51428571428758,0.0012504889490776935,115.06145,0.0,20,25,1,0.5,0.0,0.0,0.0,0.0,0.0,0.0,0.0,0.0,0.0,0.0,0,1,high
2026-05-13 20:20:00,79677.7,79677.7,79616.2,79623.6,148.94,11862392.7997,0.0005439565370917165,-0.00023733864379948955,-0.0006239920753330352,0.0020316113536740232,-0.0006792160777073106,0.0007721576664978939,0.10709276428034009,1.3083763229038328,0.7946071944839677,-0.0006070421966537509,79536.3148599658,79469.39192085559,79686.41569493702,0.0010981873642652573,0.0019403214794007084,-0.00076198145381845,0.00011559866992280552,7.919711421071302e-05,-1.2866369807142059e-06,69.0411944594364,69.91762018717418,60.59012323229268,9.327496954881497,-1.7199014577337976e-05,2.933052910507623e-05,-4.652954368241421e-05,0.0060208411213408435,100.61428571428716,0.0012636239219815124,113.83575,0.0,20,20,1,0.5,0.0,0.0,0.0,0.0,0.0,0.0,0.0,0.0,0.0,0.0,0,1,high
2026-05-13 20:15:00,79608.3,79692.0,79608.1,79677.7,55.559,4424625.3623,0.0006792160777067124,0.0006779601694439918,-0.0001054191730851528,0.0033415163193684094,0.000871388626638677,0.0010533578793445488,-0.9860980211184476,0.49017384898385913,0.7951245199214725,-2.658408558886549e-05,79549.78011139763,79477.56086513576,79686.32897160432,0.001608126923688502,0.002516810594082486,-8.194184003151861e-05,0.0001692765182831776,0.00010272726964192869,5.484534309707949e-06,74.38423645320135,72.36468932007847,62.94503644984984,9.419652870228632,3.068358187495316e-05,2.9601139659051617e-05,1.0824422159015424e-06,0.005987620353499033,102.01428571428654,0.001280336728021599,113.34549999999999,0.0,20,15,1,0.5,0.0,0.0,0.0,0.0,0.0,0.0,0.0,0.0,0.0,0.0,0,0,high
2026-05-13 20:10:00,79633.3,79728.2,79600.6,79608.3,88.556,7055881.3234,-0.0008713886266384918,0.00035178398815993717,-0.0004295111927312689,0.002738385435872459,-0.0003139883071432433,0.0016017195545295763,0.46618960109792695,0.7736381549434138,0.7939375830442366,-0.00048317507465256426,79555.35343412167,79482.6878900324,79685.55256392667,0.0006665727449508552,0.001580895615779454,-0.0009438445913811933,7.016555210016149e-05,6.45266462583828e-05,-3.2405717693786148e-06,68.72253609541842,67.92105756586534,63.94024067305294,3.980816892812399,-5.584619597343851e-05,1.2511672532553593e-05,-6.83578685059921e-05,0.0059760802573038925,108.72857142857121,0.0013657944137554904,114.46695,0.0,20,10,1,0.5,0.0,0.0,0.0,0.0,0.0,0.0,0.0,0.0,0.0,0.0,0,0,high
2026-05-13 20:05:00,79603.5,79639.2,79587.5,79633.3,34.043,2710174.6486,0.0003139883071430205,0.00012181575821124113,0.00012055984994852054,0.003315663748397313,0.00037428534544651197,0.0006493885989830523,-0.9560106888302968,0.30262408138483654,0.7944923090265856,0.0001920240713015886,79562.77691658627,79488.59424728603,79685.03263791745,0.0008871742852267772,0.0018205747494732805,-0.0006235890575290171,9.338676686614807e-05,7.43094564891529e-05,-8.40655115437978e-08,69.46997549019663,65.65985254399129,64.28416304724061,1.375689496750681,-2.8443774259853333e-05,4.320583174072208e-06,-3.276435743392554e-05,0.005936969934585309,107.92857142857143,0.0013553195890233286,112.49269999999999,0.0,20,5,1,0.5,0.0,0.0,0.0,0.0,0.0,0.0,0.0,0.0,0.0,0.0,0,0,high
2026-05-13 20:00:00,79608.6,79656.7,79598.0,79603.5,149.745,11923732.175,-0.0003742853454458128,-0.0009316856649412841,0.00029148694985714485,0.0028229523107743404,-6.406548248213766e-05,0.0007371839281142842,1.4813094160248168,1.2974736326792318,0.7940336413312252,0.00019338397332369084,79566.65530548281,79493.1003552356,79684.22136788841,0.00046404237408737004,0.00138957217249569,-0.0009879453044376874,4.8846565693580364e-05,5.671750347209542e-05,-3.8074613317852804e-06,64.71584783613193,60.76278476281732,63.57988739035596,-2.817102627538638,-6.155551558239464e-05,-8.854636577221163e-06,-5.270087900517348e-05,0.005837174101064247,101.5642857142853,0.0012758771374912574,115.41275,0.0,20,0,1,0.5,0.0,0.0,0.0,0.0,0.0,0.0,0.0,0.0,0.0,0.0,0,0,high
2026-05-13 19:55:00,79522.2,79613.0,79522.2,79608.6,120.032,9552393.5917,6.406548248172328e-05,3.768444178930963e-06,-0.0001884041047528484,0.002467599871161852,0.0010858992538224288,0.001141168136952691,-0.22117547355702172,1.0356018326991245,0.7942206098891038,-0.000386584594863848,79570.65003829397,79497.62975306949,79683.46891646665,0.00047781187022799543,0.0013966322567426914,-0.0009146869879081976,5.0295986340070165e-05,5.7005659511688676e-05,-3.1321086570240015e-06,62.93480019414423,56.64043496546219,62.19199690537721,-5.551561939915018,-5.1828118486663215e-05,-1.7449332959109575e-05,-3.437878552755364e-05,0.005745635100230436,91.44999999999916,0.0011487452360674495,115.90554999999999,0.0,19,55,1,0.5,0.0,0.0,0.0,0.0,0.0,0.0,0.0,0.0,0.0,0.0,0,0,high
2026-05-13 19:50:00,79483.8,79548.0,79448.0,79522.2,96.952,7707527.1229,-0.001085899253823186,-0.0013961191167872755,-0.001953519436282747,0.0009246976048729039,0.00048300065087500063,0.0012578934461972896,-0.2135423632332909,0.8395032009999364,0.7931355790686165,-0.001988940852855947,79566.03574893263,79498.5932921648,79681.86425063116,-0.0005501742994429293,0.00029854739496215643,-0.001980679910968064,-5.7913084151668516e-05,1.2185858988752421e-05,-1.39059110964883e-05,40.917602996254686,45.8728909935744,58.92817572301665,-13.05528472944225,-0.00013535138327659105,-4.1029743022605875e-05,-9.432164025398517e-05,0.005479412855720859,86.47857142857121,0.0010874770998359103,115.48734999999999,0.0,19,50,1,0.5,0.0,0.0,0.0,0.0,0.0,0.0,0.0,0.0,0.0,0.0,0,0,high
2026-05-13 19:45:00,79473.6,79510.8,79465.5,79483.8,62.721,4985588.5065,-0.00048300065087403254,-0.0015048344222154952,-0.0015651314605182876,-0.0017020424842684179,0.0001283362714035939,0.0005698962829813159,-0.4355196908735852,0.5508338562453702,0.7930883187429618,-0.0008492643012747436,79558.2037728438,79498.0131630603,79679.89346206766,-0.0009347773360008915,-0.0001772197948959331,-0.0024391663273970465,-9.839761431570318e-05,-7.233219829396009e-06,-1.857352044750864e-05,31.401434386509365,33.85076519229915,53.912693616873156,-20.061928424574006,-0.0001511528972411138,-6.305437386630746e-05,-8.809852337480635e-05,0.005160765755029155,85.72142857142795,0.0010784767282317647,113.86554999999998,0.0,19,45,1,0.5,0.0,0.0,0.0,0.0,0.0,0.0,0.0,0.0,0.0,0.0,0,0,high
2026-05-13 19:40:00,79520.0,79545.9,79473.6,79473.6,70.513,5607955.5078,-0.0001283362714037395,-0.001697236176100958,-0.0020074560390650475,-0.0025397549173593603,-0.0005836713089993141,0.0009093225042446482,0.11710077018967535,0.613999302520895,0.7932821168405031,-0.001210192186082537,79550.1462706682,79497.05578411676,79677.84079080331,-0.000961864692413883,-0.0002935734754654362,-0.002541955309261823,-0.00010124891499075426,-1.1982359106821243e-05,-1.966568712369004e-05,32.270916334661365,23.232281841541408,47.776611261806806,-24.5443294202654,-0.00013351814546365258,-7.714712818577649e-05,-5.637101727787609e-05,0.00472111474809428,88.16428571428489,0.0011093531149247659,114.84215000000002,0.0,19,40,1,0.5,0.0,0.0,0.0,0.0,0.0,0.0,0.0,0.0,0.0,0.0,0,0,high
2026-05-13 19:35:00,79477.6,79565.6,79414.0,79520.0,144.72,11505596.6513,0.0005836713090001666,-2.7665613277605416e-05,-0.0010494993846190681,-0.001653561690474703,0.0005333413964118887,0.0019071635096690324,0.719003751104764,1.2484542054454237,0.7940419180634137,8.276732188505775e-06,79547.27519727123,79497.95555728866,79676.27023567095,-0.00034217496594557417,0.0002787214479056388,-0.0019387985873251523,-3.601841746780942e-05,1.1376608269923377e-05,-1.3662333928427787e-05,35.4471235997718,18.349626431780052,41.89121429580146,-23.54158786402141,-6.138184468882114e-05,-7.399407148638541e-05,1.261222679756427e-05,0.00414909102882757,91.95714285714244,0.0011564027019258355,115.91935000000001,0.0,19,35,1,0.5,0.0,0.0,0.0,0.0,0.0,0.0,0.0,0.0,0.0,0.0,0,0,high
2026-05-13 19:30:00,79462.3,79487.2,79456.3,79477.6,85.543,6798720.8173,-0.0005333413964123679,-7.800635881594076e-05,-0.0016469062635131593,-0.002459302443599043,0.00019252560303942488,0.0003888174148585134,-0.5257816675915947,0.8335330858351118,0.7933633423782371,-0.0008572675108666772,79540.63946419777,79497.15730014008,79674.29341740557,-0.0007921338516574394,-0.0002446348524873798,-0.002447541575939738,-8.338251070062451e-05,-9.984882109774319e-06,-1.883326987354162e-05,31.260111450655728,10.932735424910788,35.69951852162333,-24.766783096712544,-9.327171836322868e-05,-7.784960086175408e-05,-1.5422117501474604e-05,0.0038339863840377566,90.85714285714182,0.0011431792461919059,102.627,0.0,19,30,1,0.5,0.0,0.0,0.0,0.0,0.0,0.0,0.0,0.0,0.0,0.0,0,0,high
2026-05-13 19:25:00,79383.5,79476.6,79356.4,79462.3,150.759,11974177.1535,-0.00019252560304039434,-0.0001421956904525956,-0.0007535326127303676,-0.0028124712220982673,0.0009921572552005333,0.001513539666772217,0.5666633618223234,1.539456754824875,0.7933713890499963,0.00023580998137973097,79533.1785628456,79495.79034719343,79672.1840301677,-0.0008908823637732155,-0.0004200169082526628,-0.0026137978538169904,-9.377709092345973e-05,-1.714334175411236e-05,-2.0561551795599856e-05,32.93560606060586,3.7766785343410447,29.314950524166875,-25.53827198982583,-9.000615190338224e-05,-8.028091107007971e-05,-9.725240833302525e-06,0.0037690368741669757,94.35714285714182,0.0011874454031300607,97.92999999999999,0.0,19,25,1,0.5,0.0,0.0,0.0,0.0,0.0,0.0,0.0,0.0,0.0,0.0,0,0,high
2026-05-13 19:20:00,79423.7,79459.1,79375.0,79383.5,174.394,13850797.7738,-0.0009921572551991886,-0.0017180242546519509,-0.0012626892170555237,-0.00325733187030508,-0.0005062742855317304,0.0010589666558909975,0.14563457189556583,1.7342645381417077,0.7925239183365171,-0.0005644004064446762,79518.92346162221,79491.38680416624,79669.31155225559,-0.0017037025124047034,-0.0013567947844919104,-0.0035700749586791147,-0.00017933710656876722,-5.5379181497056526e-05,-3.022917073493905e-05,29.57482993197253,-8.158997702252236,21.820160878883055,-29.97915858113529,-0.000150210228474251,-9.426677455091398e-05,-5.594345392333703e-05,0.004420885762123954,92.1285714285706,0.001160550636197328,100.55789999999999,0.0,19,20,1,0.5,0.0,0.0,0.0,0.0,0.0,0.0,0.0,0.0,0.0,0.0,0,1,high
2026-05-13 19:15:00,79471.5,79509.0,79417.3,79423.7,117.295,9320113.5723,0.00050627428553085,-0.000678408572708733,-0.0006280786601209343,-0.0025149748492374613,-0.0006016544419456225,0.0011539941491927692,-0.39662497820835796,1.1302992867150927,0.7934914161935573,0.00020929935305424863,79509.85456051533,79488.73241968913,79666.86765621325,-0.001083387443362227,-0.0008171667539045302,-0.0030333150943100406,-0.00011404078351166084,-3.3353555339099404e-05,-2.4890827886523242e-05,36.61080711354233,-14.210493355392828,14.614030032027879,-28.824523387420705,-7.61338666584414e-05,-9.064019297241947e-05,1.4506326313978076e-05,0.004604006120891977,96.35714285714182,0.0012132039033329073,103.7734,0.0,19,15,1,0.5,0.0,0.0,0.0,0.0,0.0,0.0,0.0,0.0,0.0,0.0,0,1,high
2026-05-13 19:10:00,79472.4,79520.0,79452.1,79471.5,63.987,5086528.7422,0.0006016544419455983,0.00011577147227725959,-0.0006100955271755026,-0.001368107961937426,-1.132475043090189e-05,0.0008542379968436048,-0.6060121912779817,0.6076589125348941,0.7940515824977172,9.66443430350239e-06,79506.20174522816,79488.05663852484,79664.923699435,-0.00043585366794829383,-0.00020706084874611008,-0.0024074650239835904,-4.587933346811236e-05,-8.451280935777931e-06,-1.865654659466134e-05,37.09485830646455,-14.976645296119386,8.695894966398427,-23.672540262517813,-9.620535189511577e-06,-7.443626141583789e-05,6.48157262263263e-05,0.00461444272034023,96.27857142857101,0.0012114855190674771,105.30085,0.0,19,10,1,0.5,0.0,0.0,0.0,0.0,0.0,0.0,0.0,0.0,0.0,0.0,0,1,high
2026-05-13 19:05:00,79494.4,79524.6,79430.0,79472.4,211.569,16812233.2943,1.1324750431640496e-05,0.0011192534779080887,-6.542938033149426e-05,-0.001900739748597502,-0.0002767873561077437,0.0011902771126949426,1.1958712486890217,2.037068329296632,0.7938560677978597,0.0004927254196225306,79502.9825313969,79487.44265270034,79663.00804073416,-0.0003840975920397227,-0.00018806017289030308,-0.0023722980817755257,-4.043132547765971e-05,-7.675750293918385e-06,-1.8358225231215554e-05,30.852452900577674,-15.334437895857263,3.889828393947289,-19.224266289804554,-4.491142219930597e-06,-6.0447237576656426e-05,5.595609535672583e-05,0.004504103265093959,97.04285714285756,0.0012210887948880058,103.85954999999998,0.0,19,5,1,0.5,0.0,0.0,0.0,0.0,0.0,0.0,0.0,0.0,0.0,0.0,0,1,high
2026-05-13 19:00:00,79564.2,79587.0,79472.0,79494.4,277.643,22077819.691,0.0002767873561069223,0.000889766548484161,0.0004038835788158224,-0.002303168470197292,-0.0008776640116352539,0.0014460045648228522,0.27178492935644716,2.4014195242535212,0.7940894622044787,0.0007180731544824681,79502.16514745435,79487.71548984935,79661.33034878655,-9.709021346360203e-05,8.524768583484388e-05,-0.0020746598726759657,-1.0220022469604279e-05,3.479665643369484e-06,-1.5421453277602244e-05,38.34663392674347,-13.68502254926716,0.3748582053043994,-14.059880754571559,2.0755298220019216e-05,-4.42067304173213e-05,6.496202863734052e-05,0.004235272907971627,96.14285714285818,0.0012094293075091854,115.6162,0.0,19,0,1,0.5,0.0,0.0,0.0,0.0,0.0,0.0,0.0,0.0,0.0,0.0,0,1,high
2026-05-13 18:55:00,79601.9,79647.3,79556.0,79564.2,122.974,9789883.9404,0.0008776640116359147,0.0011657761181744775,0.0022737048456509257,-0.0005541158319228856,-0.00047371897288456927,0.001146961275412324,-0.8143631648582152,1.0275345571099954,0.7948456744055061,0.0023217560689889893,79508.07322864918,79490.71488240428,79660.36387765435,0.0007062334364409395,0.0009251504544316447,-0.0011850854544626088,7.434036173092132e-05,3.776140470190067e-05,-6.535030741149339e-06,43.523898781630194,-6.668699727306375,-1.0338533812177555,-5.63484634608862,8.823192580667994e-05,-1.7718999172521053e-05,0.000105950924979201,0.004069863126892745,103.37142857143044,0.0012992203600542763,119.6787,0.0,18,55,1,0.5,0.0,0.0,0.0,0.0,0.0,0.0,0.0,0.0,0.0,0.0,0,1,high
2026-05-13 18:50:00,79535.9,79602.9,79535.9,79601.9,114.806,9135251.4842,0.000473718972884285,0.001628170340627122,0.0022411495330043607,-0.0003943851661816211,0.0008294698529716716,0.0008420322882753097,-0.06872920358617751,0.9470234866873029,0.7949344112281995,0.0014429950346421805,79517.00911163498,79495.07508309431,79659.78214752844,0.0010675759893903347,0.0013440118027148173,-0.0007042882081300661,0.00011237641993600358,5.485777992473927e-05,-1.7563839389062115e-06,49.85223494643463,1.911823278234806,-0.44471804932724324,2.356541327562049,0.00010786920158462678,7.398640978908513e-06,0.00010047056060571827,0.00401396165150463,103.9642857142878,0.0013060528167579894,121.22824999999997,0.0,18,50,1,0.5,0.0,0.0,0.0,0.0,0.0,0.0,0.0,0.0,0.0,0.0,0,0,high
2026-05-13 18:45:00,79605.4,79627.4,79513.5,79535.9,161.879,12880038.8014,-0.0008294698529720534,0.0005219131315481462,0.000810025238086709,-0.0008495696737078617,-0.0008734376861119087,0.001431436160641301,0.34360539524514433,1.320044197453346,0.7937955685460345,-0.000256013951682732,79518.80824386023,79496.67606022788,79658.54948934409,0.0002154293615213021,0.0004943638340666467,-0.0015184967868631105,2.2676774897141013e-05,2.0178264909178777e-05,-9.99233885465892e-06,43.96480159388901,3.3477108378283447,0.3137677281038744,3.0339431097244702,1.8067169985251828e-05,9.532346780177176e-06,8.534823205074652e-06,0.0039772522771966985,105.61428571428716,0.0013278819465711354,122.6315,0.0,18,45,1,0.5,0.0,0.0,0.0,0.0,0.0,0.0,0.0,0.0,0.0,0.0,0,1,high
2026-05-13 18:40:00,79703.8,79769.6,79605.4,79605.4,204.588,16309650.1048,0.0008734376861116999,0.0005176868060239315,0.0016721381737667684,-4.01974700778851e-05,-0.0012353337097118647,0.002060549748675628,0.2341490581978789,1.6313024313891844,0.7948810531278596,0.00102498532999995,79527.05507777829,79500.9397441405,79658.02063870385,0.0009851654240495833,0.0013141622448777923,-0.0006386406022382829,0.00010370162358424186,5.363941868182667e-05,-1.201990347530973e-06,57.10625213529211,9.978702961860108,2.246754774855121,7.731948187004987,8.334803529743411e-05,2.4295484483628563e-05,5.905255081380555e-05,0.003926496358888871,110.83571428571615,0.0013923140174625862,125.41389999999998,0.0,18,40,1,0.5,0.0,0.0,0.0,0.0,0.0,0.0,0.0,0.0,0.0,0.0,0,1,high
2026-05-13 18:35:00,79680.7,79715.9,79655.9,79703.8,87.041,6936309.0571,0.001235333709711739,0.0012793015428513854,0.002630684527371585,0.00228103549345704,0.00028986507673894,0.0007529563302254284,-0.854618928758871,0.6854269694774309,0.7957967994378397,0.0017073372333609171,79543.8879275137,79508.89504829186,79658.47615473665,0.002009023025784984,0.0024495157210751017,0.0005907558626230269,0.0002114761079773368,9.998037127123499e-05,1.110184746400405e-05,67.04369383328184,22.909779948357027,6.379359809555503,16.530420138801524,0.00016241337569760929,5.191906272642471e-05,0.00011049431297118458,0.004064625494522307,114.6785714285735,0.001438809334417851,126.98800000000001,0.0,18,35,1,0.5,0.0,0.0,0.0,0.0,0.0,0.0,0.0,0.0,0.0,0.0,0,0,high
2026-05-13 18:30:00,79722.3,79740.0,79627.9,79680.7,194.579,15505997.0563,-0.00028986507673778306,0.0018189063190856558,0.0014631554389978874,0.0024741710675932893,-0.0005219475285211567,0.001406808001965021,0.804458978247518,1.4708613669375001,0.7949140671161228,6.839271061664931e-05,79556.91764870287,79515.63249737846,79658.69728752534,0.001555428620566346,0.002074958462205956,0.000297896847717638,0.00016372932848065873,8.469231448656763e-05,8.107151700802189e-06,65.72991037520814,30.937150465440936,11.29091794073259,19.646232524708346,0.00010084001127217085,6.170325243557394e-05,3.913675883659691e-05,0.004317840078064149,117.5214285714319,0.001474904570007943,132.28915,0.0,18,30,1,0.5,0.0,0.0,0.0,0.0,0.0,0.0,0.0,0.0,0.0,0.0,0,0,high
2026-05-13 18:25:00,79742.8,79748.6,79695.0,79722.3,226.357,18046121.7216,0.0005219475285205277,0.0014674161614944836,0.00151138399463413,0.0031244548675175565,-0.00025710955077854066,0.0006723380809153502,0.15127514870180558,1.5951322312098566,0.7953484908633595,0.0004140796351599363,79572.66834882641,79523.73710532441,79659.33015033603,0.001879530801554452,0.002495066540108226,0.0008116867207537126,0.00019784534753207483,0.00010183957778201704,1.3219991271147717e-05,65.47819433817892,40.19235926980036,17.071206206546147,23.121153063254216,0.00011620957732672485,7.260451741380413e-05,4.360505991292072e-05,0.004684634338793819,111.54285714286068,0.0013991424876459997,141.90484999999998,0.0,18,25,1,0.5,0.0,0.0,0.0,0.0,0.0,0.0,0.0,0.0,0.0,0.0,0,0,high
2026-05-13 18:20:00,79683.2,79769.7,79680.1,79742.8,371.863,29647518.7011,0.0002571095507786225,0.0004891920025613672,0.002597963398384806,0.0027978931092960124,0.000747682345119574,0.0011238648079951556,0.4964121079101318,2.4303063673630776,0.7953154580516735,0.0015198895056389716,79588.87136322391,79532.3278070764,79660.16069610383,0.0019331507949669202,0.0026442476167343187,0.001058161482760056,0.00020348955736507936,0.00010792859633090354,1.5646753057291745e-05,70.99430018999276,48.620886290082126,23.38114222325334,25.239744066828784,0.00010580025817835475,7.924366556671426e-05,2.6556592611640486e-05,0.005169968449457415,113.39285714286027,0.001421982387662087,153.01075,0.0,18,20,1,0.5,0.0,0.0,0.0,0.0,0.0,0.0,0.0,0.0,0.0,0.0,0,0,high
2026-05-13 18:15:00,79576.7,79700.0,79518.1,79683.2,387.474,30852234.1721,-0.0007476823451195713,3.137473417957892e-05,0.0009768433671535348,0.002583552160588809,0.0013374366789760698,0.002284917093462536,0.04112324289644054,2.3288097300893686,0.7943422965421796,-0.0005387565856800336,79597.85504291687,79538.24436366164,79660.38994290878,0.0010725666927182687,0.0018221901629242865,0.00030738979298661206,0.00011290175712844595,7.437522607794374e-05,8.051438647571717e-06,66.34117472998864,49.91593297220243,28.68810037304316,21.227832599159267,1.6284768481304547e-05,6.665188614963232e-05,-5.036711766832777e-05,0.005351826509558596,120.78571428571637,0.0015158240919756784,166.38285000000002,0.0,18,15,1,0.5,0.0,0.0,0.0,0.0,0.0,0.0,0.0,0.0,0.0,0.0,0,0,high
2026-05-13 18:10:00,79556.5,79588.0,79547.3,79576.7,104.482,8313531.996,-0.0013374366789751235,-0.0018280094733160723,-0.0015959270215333277,0.0014386410846540798,0.0002538753711796289,0.0005115144268734279,-1.3106339420036104,0.6265435791156537,0.7931936643172879,-0.0026031351205517694,79595.84027692479,79539.75242783176,79659.55720715845,-0.0002396442732788273,0.00046574354340123136,-0.001019797663243338,-2.5225712976655894e-05,1.9010053330764632e-05,-5.336502821310821e-06,63.729391699828845,41.86600164938136,31.3236806283108,10.54232102107056,-0.00010107996111575949,3.310551669655395e-05,-0.00013418547781231344,0.005347342601123759,124.25714285714432,0.0015614764479696232,166.75935,0.0,18,10,1,0.5,0.0,0.0,0.0,0.0,0.0,0.0,0.0,0.0,0.0,0.0,0,0,high
2026-05-13 18:05:00,79494.8,79573.4,79494.8,79556.5,96.925,7709220.9289,-0.0002538753711807118,-0.0023389943952754066,-0.0015599373159762564,0.0021769229686725566,0.0007758503463345835,0.0009882554325382927,-0.07507732420751623,0.5753265204305467,0.7934897447464913,-0.0014243223696315255,79592.09358388434,79540.40919536777,79658.5317623111,-0.00044651777355930733,0.00020355961644646925,-0.0012609996708974336,-4.70018709008517e-05,8.308664134236145e-06,-7.809526387076005e-06,59.71328262141595,33.47057395601587,31.753059293851816,1.717514662164053,-0.00010544253711714424,5.395905933814316e-06,-0.00011083844305095856,0.005282212112854989,121.14285714285818,0.0015227273339432751,168.46955,0.0,18,5,1,0.5,0.0,0.0,0.0,0.0,0.0,0.0,0.0,0.0,0.0,0.0,0,0,high
2026-05-13 18:00:00,79482.2,79570.9,79474.9,79494.8,259.909,20671869.3322,-0.00077585034633465,-0.0023671623964904853,-0.002857735190831434,0.0008947983368070567,0.00015851349599478845,0.0012071995822416878,0.98639408619424,1.460660612731248,0.7929676294225381,-0.0023808614408213913,79582.8275282763,79538.620599471,79656.90259054682,-0.0011059521084764157,-0.0005498479561669711,-0.002016582852881754,-0.0001164160114183563,-2.244266960964174e-05,-1.5451723600484702e-05,51.67025089605752,21.58959130216681,29.72036569551482,-8.130774393348009,-0.0001492979147701998,-2.554285820698851e-05,-0.0001237550565632113,0.005242505927569976,121.1214285714294,0.001523639641478806,177.93935,0.0,18,0,1,0.5,0.0,0.0,0.0,0.0,0.0,0.0,0.0,0.0,0.0,0.0,0,0,high
2026-05-13 17:55:00,79430.9,79527.5,79415.5,79482.2,270.608,21508573.9569,-0.00015851349599493858,-0.0011882392135103004,-0.0032733582376049952,0.00013463039886651984,0.0006456359077008161,0.0014093104891371062,0.0403397094804534,1.4688296796868108,0.7932219275190722,-0.0020935305326013065,79573.24395415476,79536.40802694272,79655.16425631252,-0.0011440403088069928,-0.000680582571686017,-0.0021534535991367676,-0.00012042529566374509,-2.7778780448280835e-05,-1.687522382331509e-05,50.690919345741854,11.029965675334097,25.982285691478676,-14.95232001614458,-0.000132709895926888,-4.697626575096841e-05,-8.573363017591959e-05,0.0052966817920269554,122.36428571428613,0.0015395181023460111,184.23375000000001,0.0,17,55,1,0.5,0.0,0.0,0.0,0.0,0.0,0.0,0.0,0.0,0.0,0.0,0,0,high
2026-05-13 17:50:00,79430.0,79478.3,79429.9,79430.9,300.654,23890501.1592,-0.0006456359077002816,-0.0015799997500298701,-0.0031713118001857055,-0.0005223302592654022,1.1330667269281242e-05,0.0006091567520953937,0.10528882267228923,1.5418999914354274,0.7927903416090984,-0.0015519549330811344,79559.6873870924,79532.2704572587,79652.93277117508,-0.0016192308625537777,-0.0012742099115676808,-0.002771237869954035,-0.00017044535395293903,-5.200847171306518e-05,-2.3131549036021226e-05,45.700744752877625,-1.4612505927070742,20.493578434641528,-21.9548290273486,-0.00015705998926629342,-6.899301045403341e-05,-8.806697881226001e-05,0.005414452237192836,117.88571428571491,0.0014841291523288156,194.98930000000001,0.0,17,50,1,0.5,0.0,0.0,0.0,0.0,0.0,0.0,0.0,0.0,0.0,0.0,0,0,high
2026-05-13 17:45:00,79401.0,79430.0,79349.5,79430.0,159.519,12665845.1501,-1.1330667270215145e-05,-0.0008154800709654353,-0.001845205788480797,-0.0008104482826425397,0.000365168012821864,0.0010139848897027725,-0.6337970645165152,0.8162575034296642,0.7931427989005666,-5.0865416721279644e-05,79547.33620736933,79528.25985109169,79650.71453464597,-0.001475269955554026,-0.001235127222805943,-0.0027548812880979767,-0.00015529157426887012,-5.041326369569852e-05,-2.3014127326908728e-05,39.97909199522155,-11.302958488260629,14.134271050061097,-25.437229538321724,-0.00012374799205612093,-7.994400677445092e-05,-4.3803985281670014e-05,0.005499228395639931,112.77857142857101,0.0014198485638747453,195.4273,0.0,17,45,1,0.5,0.0,0.0,0.0,0.0,0.0,0.0,0.0,0.0,0.0,0.0,0,0,high
2026-05-13 17:40:00,79325.1,79411.4,79325.0,79401.0,208.945,16585279.3748,-0.000365168012821826,-0.0010221345877923227,-0.0019564984301219113,-0.0020532803071002803,0.0009563645271325085,0.0010885973038611532,0.26990802205049924,1.0598014707728467,0.7929279690781321,-0.0005617756683591324,79533.3994257151,79523.26926869593,79648.22981290822,-0.0016651581618631894,-0.001537538559720275,-0.0030890040342441694,-0.0001752798065120088,-6.275658719084077e-05,-2.6418643600489994e-05,34.80102889998585,-21.19827996211825,7.0677608476252285,-28.26604080974348,-0.00012446495637071693,-8.884819669370412e-05,-3.561675967701282e-05,0.005430555230085901,115.49285714285672,0.0014545516699141915,197.15485,0.0,17,40,1,0.5,0.0,0.0,0.0,0.0,0.0,0.0,0.0,0.0,0.0,0.0,0,0,high
2026-05-13 17:35:00,79325.7,79347.9,79304.0,79325.1,49.716,3943924.7859,-0.0009563645271324361,-0.0013328632072244773,-0.0021370126109196974,-0.0034833638071170014,-7.563781588154798e-06,0.0005534128632611632,-1.4357442465546941,0.25656441280881676,0.7922095143984489,-0.0007581150240891787,79513.56138517082,79515.49792482551,79645.01459088923,-0.0023718538614723172,-0.002396102965800395,-0.004005116137880904,-0.00024966882752347806,-9.780003581600137e-05,-3.567183647145463e-05,34.287418008349505,-34.764149721260765,-1.2986212661519705,-33.465528455108796,-0.0001707692519881759,-0.00010523240775259848,-6.553684423557743e-05,0.005842566409053465,114.28571428571429,0.0014407257511899045,193.7759,0.0,17,35,1,0.5,0.0,0.0,0.0,0.0,0.0,0.0,0.0,0.0,0.0,0.0,0,0,high
2026-05-13 17:30:00,79305.6,79328.8,79285.6,79325.7,86.895,6891799.6323,7.56378158861537e-06,-0.0013139687583656467,-0.0019709353333361435,-0.0026463301725563326,0.00025341783251558666,0.0005447172648658941,0.5583736803334323,0.4457953030274269,0.7927085831315708,-0.000513344387501391,79495.66982467836,79508.05486895,79641.8373312784,-0.0021391195960855924,-0.0022948709809096357,-0.003957775715932144,-0.00022517048379851678,-9.366812140797719e-05,-3.524163131662807e-05,26.765243395913515,-44.948644265095936,-10.028625865940764,-34.92001839915517,-0.00012820689199575166,-0.00010982730460122912,-1.8379587394522543e-05,0.006311050234052809,100.6785714285704,0.0012691797416041761,194.9213,0.0,17,30,1,0.5,0.0,0.0,0.0,0.0,0.0,0.0,0.0,0.0,0.0,0.0,0,0,high
2026-05-13 17:25:00,79265.7,79349.1,79265.6,79305.6,283.168,22456445.1732,-0.0002534178325159786,-0.0012022185780597994,-0.0015787172581518405,-0.003773185691184011,0.0005032436618995641,0.0010528659413470455,1.1813398678682425,1.4265300596343853,0.7926398062301185,-0.0001505353789799102,79477.56793661376,79500.11546232451,79638.49168619105,-0.0021646767211151996,-0.002448355918781786,-0.004169291125080576,-0.0002278607074858941,-9.993281596123214e-05,-3.741253879124847e-05,11.974789915966028,-54.01913264825998,-18.82672722240461,-35.19240542585537,-0.00011421831259127572,-0.00011070550619923846,-3.5128063920372677e-06,0.006813593244150181,98.74999999999896,0.0012451831900899678,198.50125,0.0,17,25,1,0.5,0.0,0.0,0.0,0.0,0.0,0.0,0.0,0.0,0.0,0.0,0,0,high
2026-05-13 17:20:00,79275.0,79315.3,79246.2,79265.7,255.986,20293327.062,-0.0005032436618996883,-0.0007490977128270515,-0.0020706302527813136,-0.005511763062795438,-0.00011732003215158316,0.0008715861589905123,-0.10091760560079344,1.2966673825742687,0.792352079721331,-0.0007907191792355661,79457.39003788865,79490.92269909609,79634.7823161792,-0.002413832727491183,-0.0028358505775170073,-0.004626041903527778,-0.00025408765552530305,-0.0001157489275666618,-4.204767434456628e-05,11.602516654329705,-63.692943972419016,-27.799970572407492,-35.89297340001153,-0.00012188609218144063,-0.0001129416233956789,-8.94446878576173e-06,0.007444180810248296,95.6785714285704,0.0012070614582167368,197.4184,0.0,17,20,1,0.5,0.0,0.0,0.0,0.0,0.0,0.0,0.0,0.0,0.0,0.0,0,0,high
2026-05-13 17:15:00,79195.0,79275.0,79063.3,79275.0,276.079,21859520.9097,0.00011732003215314535,-0.0006393414622625215,-0.0015881422078063423,-0.00510457795390451,0.001009654910027348,0.0026740229766890676,0.07556430116053114,1.3462431667842263,0.7927833270291185,-0.00014464204901365463,79440.01955808973,79482.4551422688,79631.20239263514,-0.002077797200543685,-0.0026119215043696187,-0.004463858967181267,-0.00021871549479402224,-0.00010660896836196348,-4.046192602120597e-05,5.9830741979914706,-69.80441502157191,-36.20085946224037,-33.60355555933154,-7.700094000221057e-05,-0.00010575348671698524,2.8752546714774674e-05,0.007921325866413762,105.94999999999813,0.0013364869126458294,205.07365,0.0,17,15,1,0.5,0.0,0.0,0.0,0.0,0.0,0.0,0.0,0.0,0.0,0.0,0,0,high
2026-05-13 17:10:00,79151.2,79199.0,79133.2,79195.0,140.196,11100064.9877,-0.001009654910028246,-0.0013955785397747889,-0.001641432590702152,-0.006636180392453284,0.0005532182157460856,0.0008311638919698465,-0.6776456131216664,0.6794313259248005,0.7918671586836812,-0.0003423557147677059,79416.68436208117,79471.18239159159,79626.86207032036,-0.0027934090524226463,-0.0034795538099121615,-0.00541905105256113,-0.0002940430581496626,-0.0001420225347018177,-5.0105637304858106e-05,1.7441860465106345,-80.17887906267424,-44.99646338232715,-35.18241568034709,-0.00013085814163121866,-0.00011077441769983192,-2.0083723931386738e-05,0.008571949770151027,109.6785714285704,0.0013849178790147154,206.34315,0.0,17,10,1,0.5,0.0,0.0,0.0,0.0,0.0,0.0,0.0,0.0,0.0,0.0,0,0,high
2026-05-13 17:05:00,79194.3,79202.9,79136.9,79151.2,86.137,6819532.6915,-0.0005532182157459431,-0.0014455530936210437,-0.0022022145880367106,-0.007446508158977849,-0.0005443792348301075,0.0008336502107788596,-0.4871023915292936,0.4252501961802672,0.7917981439524358,-0.0009104391791350253,79391.40013712106,79458.63406250958,79622.12911439678,-0.003027900861676258,-0.0038746241030835904,-0.0059128437034488,-0.00031872640649216553,-0.00015814785552707751,-5.51117326127296e-05,1.794128307356715,-90.88731807992735,-54.17463432184719,-36.71268375808016,-0.0001351517896128365,-0.00011564989208243286,-1.950189753040365e-05,0.009340025670046753,98.34285714285632,0.0012424683029803253,202.55604999999997,0.0,17,5,1,0.5,0.0,0.0,0.0,0.0,0.0,0.0,0.0,0.0,0.0,0.0,0,0,high
2026-05-13 17:00:00,79078.4,79207.7,79078.4,79194.3,191.512,15162469.8691,0.0005443792348298615,-0.0010184938909443275,-0.0014044175206908704,-0.006154446579028416,0.0014645611115062334,0.0016337508948671348,0.7990114178491066,0.9485382158940774,0.7927491796178181,0.00010937338769956284,79372.62869549048,79448.26802084254,79617.87210828338,-0.002246995757623438,-0.0031996470302839697,-0.0053150469117184684,-0.00023652586922340104,-0.0001305977735522956,-4.9146648359569483e-05,10.851760851760986,-94.80319117799809,-62.300345693077375,-32.50284548492071,-4.941793610962008e-05,-0.0001024035008878703,5.298556477825022e-05,0.009674422809558393,97.87142857142837,0.0012358393037305508,201.90225,0.0,17,0,1,0.5,0.0,0.0,0.0,0.0,0.0,0.0,0.0,0.0,0.0,0.0,0,0,high
2026-05-13 16:55:00,79058.8,79113.8,79044.0,79078.4,161.009,12731468.2678,-0.0014645611115060575,-0.001473400092422139,-0.0023657349702972397,-0.00628157101155935,0.00024788601417438444,0.0008826628156401138,-0.1734902057996246,0.78311522847812,0.7912509572534585,-0.0011011224678725284,79344.60691496757,79433.76339257421,79612.50422660891,-0.003358075262545057,-0.004481298018582436,-0.006712149236923537,-0.0003534816065836541,-0.00018291006131518822,-6.323037436102708e-05,9.073788734805603,-106.03638872005104,-71.04755429847211,-34.98883442157893,-0.0001419417202679755,-0.00011031114476389135,-3.163057550408415e-05,0.010020662131030979,102.75714285714328,0.0012994337626601358,205.60065,0.0,16,55,1,0.5,0.0,0.0,0.0,0.0,0.0,0.0,0.0,0.0,0.0,0.0,0,1,high
2026-05-13 16:50:00,79171.0,79180.7,79048.9,79058.8,200.769,15882244.8093,-0.00024788601417391476,-0.0011680678908501108,-0.0027309410166242998,-0.006275581654552553,-0.0014181907428983127,0.0016659339400774183,0.2206947293860546,0.975032071027096,0.7916458805544124,-0.0011374464747060387,79317.38720878019,79419.05894580661,79606.99473181678,-0.0032625363932226037,-0.004543725835393531,-0.006890781168998217,-0.00034342488349701225,-0.00018545813789788338,-6.506774391140408e-05,9.778597785977851,-115.19246783453855,-79.8765370056854,-35.31593082885314,-0.00011575759216876137,-0.00011140043424486536,-4.357157923896005e-06,0.010274781829408114,105.31428571428634,0.0013321007365946149,205.91015000000002,0.0,16,50,1,0.5,0.0,0.0,0.0,0.0,0.0,0.0,0.0,0.0,0.0,0.0,0,1,high
2026-05-13 16:45:00,79109.7,79194.7,79083.2,79171.0,235.859,18669297.6064,0.0014181907428980622,-0.00029425638278191,-0.0003030953636979916,-0.004081540565319841,0.0007745733126631808,0.0014089145540132088,0.16107917542030847,1.1428093819689151,0.7933961825337921,0.0015290238501108888,79303.44556984874,79409.33114401027,79602.65647577881,-0.0016686936836265431,-0.003002965088869658,-0.005418136790019901,-0.00017565196669748137,-0.00012256994649412082,-5.030895299787706e-05,25.74812967581036,-112.10287206573412,-86.32180401769514,-25.781068048038975,3.898262091948452e-05,-8.132382321199539e-05,0.00012030644413147991,0.009720464685195768,107.02142857142879,0.0013517756321308153,206.38524999999998,0.0,16,45,1,0.5,0.0,0.0,0.0,0.0,0.0,0.0,0.0,0.0,0.0,0.0,0,0,high
2026-05-13 16:40:00,79100.5,79147.4,79073.5,79109.7,247.434,19576970.7574,-0.0007745733126629517,0.0003957314160611958,-0.0005244504606150002,-0.004697600381987854,0.00011630097187630453,0.0009341370877529738,0.04790971093063767,1.2361575869362993,0.7922291248906852,0.00043098093824944783,79284.99361081552,79397.58090306868,79597.75143621882,-0.0022105749014045273,-0.0036293996406886464,-0.006131091096687413,-0.00023269209488466902,-0.00014813870595172204,-5.7515563541808156e-05,25.352977286678836,-113.2947514825646,-91.71639351066905,-21.578357971895556,-1.5147764949799598e-05,-6.808861155955624e-05,5.294084660975664e-05,0.008954299823319894,110.25,0.0013936344089283616,200.16379999999998,0.0,16,40,1,0.5,0.0,0.0,0.0,0.0,0.0,0.0,0.0,0.0,0.0,0.0,0,0,high
2026-05-13 16:35:00,79101.0,79120.4,79065.9,79100.5,266.975,21116166.9627,-0.00011630097187698141,0.0005273164583581291,-0.0011851306673218431,-0.004168265446164554,-6.321052581706159e-06,0.0006890609636410795,0.07601114127740871,1.3751755509008117,0.7923745569855161,-0.0003746226323020352,79267.42279073785,79385.9306715758,79592.80366073406,-0.0021052686472540216,-0.003598810392466234,-0.0061852289634050095,-0.000221607226026794,-0.00014689016736055575,-5.810049297797904e-05,25.034096075162694,-113.67135499739379,-96.10738580801402,-17.563969189379776,-4.873233645659317e-06,-5.544553597677686e-05,5.057230233111754e-05,0.008222860122720358,108.32857142857185,0.0013695055205538756,194.13885,0.0,16,35,1,0.5,0.0,0.0,0.0,0.0,0.0,0.0,0.0,0.0,0.0,0.0,0,0,high
2026-05-13 16:30:00,79021.3,79108.1,79004.1,79101.0,386.931,30591904.6787,6.321052582691777e-06,-0.0008845532319572413,0.00028575149676690614,-0.004150613726311647,0.0010080805395497985,0.0013155216991290702,0.37109136150216226,1.8579111913735293,0.7925238509843666,0.001272893730908109,79251.57300114377,79374.7569197493,79587.91009197054,-0.0018990478237501662,-0.0034516074049850687,-0.006117426240066948,-0.0001998997709211287,-0.00014088188422552644,-5.745948257439027e-05,26.24326892619554,-112.63112863438437,-99.4121343732881,-13.21899426109627,1.3013962160870785e-05,-4.175363634924733e-05,5.476759851011811e-05,0.007792843521728688,108.25714285714328,0.0013685938592071312,208.26129999999998,0.0,16,30,1,0.5,0.0,0.0,0.0,0.0,0.0,0.0,0.0,0.0,0.0,0.0,0,0,high
2026-05-13 16:25:00,78956.9,79040.5,78932.3,79021.3,316.644,25012573.5217,-0.0010080805395507042,-0.0011180604588449938,-0.0004744430286098833,-0.004793526253040525,0.000815302409665649,0.0013698562907011162,-0.2004682681425578,1.4442324818213228,0.7915946816865986,-5.1198867813795346e-05,79229.64223913009,79360.89586407285,79582.27218060764,-0.002630258995367285,-0.0042847982212208535,-0.007054606214646597,-0.00027686936793346924,-0.00017488967463043535,-6.691839856420434e-05,26.086272040301935,-116.89042560200323,-102.90779261903114,-13.982632982972092,-5.4041085080105836e-05,-4.421112609541903e-05,-9.829958984686803e-06,0.007517457561064108,113.37857142857163,0.0014347849431554736,219.24724999999998,0.0,16,25,1,0.5,0.0,0.0,0.0,0.0,0.0,0.0,0.0,0.0,0.0,0.0,0,0,high
2026-05-13 16:20:00,78878.1,79020.0,78871.4,78956.9,404.875,31964456.6725,-0.0008153024096664296,-0.001817061896634442,-0.002707936181174375,-0.004652464135574519,0.0009985111863290445,0.0018823070018398386,0.2458002630742797,1.7875627137045296,0.7912440025820917,-0.0021521799517003615,79203.66678778437,79345.05288901117,79576.04957184537,-0.0031174126997921547,-0.00490009668457958,-0.007791601075814114,-0.0003281487052413702,-0.00020000389953380766,-7.436500563984838e-05,23.619456366237813,-124.03271894584759,-107.13277788439444,-16.89994106145315,-9.05829255763692e-05,-5.3485485991609064e-05,-3.709743958476014e-05,0.007582736531666986,121.00000000000104,0.0015324816450494009,226.49555,0.0,16,20,1,0.5,0.0,0.0,0.0,0.0,0.0,0.0,0.0,0.0,0.0,0.0,0,0,high
2026-05-13 16:15:00,78899.2,78912.0,78823.2,78878.1,307.082,24221107.9804,-0.0009985111863279883,-0.002821894135545122,-0.0029318740548394118,-0.0056585391034911225,-0.00026746560025776926,0.0011259377663481967,-0.27646356459221266,1.3449676275653497,0.7907435771928348,-0.0014855476978503646,79172.660427043,79326.74101101073,79569.10479998622,-0.00372393113506142,-0.005667289915185947,-0.008702648458539741,-0.00039199275105914334,-0.00023131791078063828,-8.3560490024805e-05,21.78962650125422,-134.50109442669782,-112.60644119285513,-21.89465323384269,-0.00013279523378346498,-6.934743554998025e-05,-6.344779823348473e-05,0.007835117064845954,124.58571428571511,0.001579471542617217,228.31925,0.0,16,15,1,0.5,0.0,0.0,0.0,0.0,0.0,0.0,0.0,0.0,0.0,0.0,0,0,high
2026-05-13 16:10:00,78743.0,78899.3,78724.9,78899.2,484.927,38221255.5287,0.0002674656002579212,-0.0015463479957364967,-0.002548107482704509,-0.005137655670717223,0.0019817035174386098,0.0022128590808522548,0.4568835512456957,2.0415150911726334,0.7916168787400171,-0.0007576782454989939,79146.61657684842,79309.97469685345,79562.43908058337,-0.003127278341013451,-0.0051880664986558855,-0.008351250690537881,-0.00032918719379085147,-0.00021175777309285164,-8.006769310656893e-05,25.199621058329754,-139.48684622021392,-117.9825221983269,-21.504324021887015,-6.336461782167587e-05,-6.815087200431937e-05,4.786254182643498e-06,0.007932146226377624,132.10714285714388,0.001674378737137308,237.53289999999998,0.0,16,10,1,0.5,0.0,0.0,0.0,0.0,0.0,0.0,0.0,0.0,0.0,0.0,0,0,high
2026-05-13 16:05:00,78872.2,78885.0,78725.4,78743.0,667.896,52630364.7918,-0.00198170351743876,-0.002712749103508827,-0.004536132052725961,-0.006616115526256294,-0.0016394361576563266,0.0020252477571488826,0.32013410864818326,2.539994504695253,0.7897809253469976,-0.002742925637368998,79108.17690286285,79287.74039501605,79554.285457891,-0.004622412157647915,-0.006888602564483648,-0.010230138743221318,-0.00048656970080493796,-0.00028116741012602453,-9.898944260241163e-05,19.970648001805884,-154.26386718414142,-125.23879119548981,-29.025075988651608,-0.0001876662059548051,-9.205393879441652e-05,-9.561226716038857e-05,0.00858977303938214,129.40000000000146,0.0016433206761236104,262.95175,0.0,16,5,1,0.5,0.0,0.0,0.0,0.0,0.0,0.0,0.0,0.0,0.0,0.0,0,1,high
2026-05-13 16:00:00,78792.5,78988.0,78771.2,78872.2,986.565,77838877.6432,0.0016394361576566041,-7.480175952423451e-05,-0.0018886153555186524,-0.0050939994007528355,0.0010110063544809904,0.0027484943696415246,0.39009674000725525,3.2685816896940447,0.792343896225848,0.0007492145392493654,79085.70291211401,79271.44469325071,79547.49853791199,-0.0026988830476106784,-0.005043316743813975,-0.008505222957849057,-0.0002840929523800292,-0.00020584962315415675,-8.169167543565526e-05,32.73796791443809,-153.77675976630417,-130.9463849096527,-22.830374856651474,5.9509991445649444e-06,-7.245295120662024e-05,7.840395035118519e-05,0.008408496830218305,136.77142857142982,0.0017340891793487417,301.83275,0.0,16,0,1,0.5,0.0,0.0,0.0,0.0,0.0,0.0,0.0,0.0,0.0,0.0,0,0,high
2026-05-13 15:55:00,79069.1,79073.2,78754.2,78792.5,1541.122,121552685.7458,-0.0010110063544814807,-0.0013532737142636364,-0.0020843193003337035,-0.00509535084520607,-0.003504339029415479,0.00404239611622874,0.4460367887565102,4.094339830668216,0.7910187001735647,-0.00022530240852702832,79057.778825246,79252.66254841734,79539.98611464919,-0.003356566601892652,-0.00581689866306867,-0.009421540463453226,-0.0003533228001992151,-0.00023742439693169885,-9.093858766496696e-05,31.527448758883267,-158.0005159515713,-136.35721111803642,-21.64330483353487,-5.3853738559474565e-05,-6.873310867719111e-05,1.487937011771655e-05,0.00865733419366959,154.84285714285838,0.0019651979203967177,376.40305,0.0,15,55,1,0.5,0.0,0.0,0.0,0.0,0.0,0.0,0.0,0.0,0.0,0.0,0,1,high
2026-05-13 15:50:00,79144.4,79144.4,79027.5,79069.1,508.477,40206066.5352,0.003504339029415604,0.0041327688325907275,0.002418530915409889,-0.0010377936000445231,-0.0009518783881980882,0.0014781389271356212,-1.108846018163046,1.279244866719172,0.7949427196913952,0.004199142498560349,79058.85703236543,79245.46401710686,79535.30068067259,0.00013369886299763323,-0.0022218710205681447,-0.005858323807828469,1.407356452600572e-05,-9.068857629062816e-05,-5.516468102734934e-05,44.80239123214882,-137.44419369270327,-136.5746076329698,-0.8695860597334786,0.00026010290769336135,-2.965905403080623e-06,0.000263068813096442,0.00812716325310937,170.74285714285776,0.0021594131859709767,397.48215,0.0,15,50,1,0.5,0.0,0.0,0.0,0.0,0.0,0.0,0.0,0.0,0.0,0.0,0,1,high
2026-05-13 15:45:00,79213.6,79288.5,79050.3,79144.4,1469.991,116375955.3738,0.0009518783881983239,0.0034452110631324473,0.0031029437033502916,-0.0006302944466760607,-0.0008739691636004507,0.003008740494338487,1.0615915739111808,3.217854693488708,0.7946637475244209,0.0030468687844038556,79067.00398166396,79241.50072231835,79531.41112166093,0.0009821889415579932,-0.001220188999727867,-0.004857625067197446,0.00010338830963765507,-4.98035972910614e-05,-4.514435198032772e-05,52.83553875236305,-113.765659801109,-132.01281806659765,18.24715826548865,0.0002995011075072433,5.752749717898417e-05,0.00024197361032825916,0.007668427888175218,177.02142857142877,0.002236689248657249,456.8233,0.0,15,45,1,0.5,0.0,0.0,0.0,0.0,0.0,0.0,0.0,0.0,0.0,0.0,0,1,high
2026-05-13 15:40:00,79218.0,79308.7,79202.9,79213.6,469.851,37239079.9812,0.0008739691635994973,0.005330186581213425,0.005958616384388549,0.001708235828429494,-5.554447472758763e-05,0.001334918273632551,-1.1405959341394194,1.004993299167698,0.7948546638228571,0.005073738475859457,79080.96550721978,79240.40657634509,79528.2488219429,0.0016793811427628924,-0.0003326425876526429,-0.003944017536397837,0.00017677696239592577,-1.3577214511039495e-05,-3.5998943865105584e-05,56.37877039723115,-88.39739923302841,-123.2897342998838,34.892335066855395,0.00032074054406001093,0.00011017010655518951,0.00021057043750482142,0.00749544225953817,179.34285714285735,0.0022640412396716897,467.51655,0.0,15,40,1,0.5,0.0,0.0,0.0,0.0,0.0,0.0,0.0,0.0,0.0,0.0,0,1,high
2026-05-13 15:35:00,79266.8,79274.2,79190.0,79218.0,347.933,27569724.8963,5.554447472810864e-05,0.0018813920265259299,0.004374724701460053,0.0020116663173315175,-0.0006158319478244562,0.0010627006973708121,-0.30040569066283407,0.738539945883041,0.7943154188303776,0.0019715226045295964,79094.0164112941,79239.52788707665,79525.16176898826,0.0015696946063012973,-0.000266231520260618,-0.0038497817874247886,0.000165231011189467,-1.0866560031072901e-05,-3.5088064078108434e-05,52.125542691751136,-67.16360648900445,-112.06450873770794,44.90090224870349,0.000268438525790416,0.00014182379040223483,0.00012661473538818117,0.007291383914231605,175.6500000000004,0.002217299098689697,471.10925,0.0,15,35,1,0.5,0.0,0.0,0.0,0.0,0.0,0.0,0.0,0.0,0.0,0.0,0,1,high
2026-05-13 15:30:00,79244.3,79284.2,79185.0,79266.8,379.856,30092670.4837,0.0006158319478242191,0.001545345586151825,0.006001563003765753,0.0012093075222576743,0.0002838917924500719,0.0012519784659428142,0.0877823010305061,0.7863011671166326,0.7946756495166021,0.0036569493430373967,79110.47199117085,79240.5973817011,79522.59100511773,0.0019773811680181552,0.0003358906068751111,-0.0032017712342327087,0.00020814538610706244,1.3709852041683648e-05,-2.861124803927931e-05,57.18598481383265,-45.86916936490161,-98.82544086314668,52.95627149824507,0.0002690973295493642,0.00016727849823166071,0.00010181883131770347,0.007527018850584293,175.77142857142877,0.0022174659324134286,483.09225,0.0,15,30,1,0.5,0.0,0.0,0.0,0.0,0.0,0.0,0.0,0.0,0.0,0.0,0,1,high
2026-05-13 15:25:00,79312.2,79334.8,79206.2,79244.3,452.351,35850134.4388,-0.00028389179244925344,0.0003874846301030743,0.0022133321819008955,0.0016999890424713726,-0.0008564770810490933,0.0016222936427109573,0.17466619361356717,0.9021705995148214,0.7940057369715543,-0.0009369827198408842,79123.21751582125,79240.74258241871,79519.82194039019,0.0015322046731327532,4.995964523324403e-05,-0.0034509798124879865,0.00016128470243503235,2.03919931654886e-06,-3.115135295878154e-05,56.49855386840227,-30.45763977347815,-85.15188064521298,54.694240871734834,0.00019477401612445273,0.00017277760181021913,2.1996414314233594e-05,0.0077619295741938096,181.06428571428634,0.002284887187018957,501.40295,0.0,15,25,1,0.5,0.0,0.0,0.0,0.0,0.0,0.0,0.0,0.0,0.0,0.0,0,1,high
2026-05-13 15:20:00,79294.6,79371.7,79240.7,79312.2,625.818,49633662.1197,0.0008564770810490785,0.0011884172364240442,0.00211793087475165,0.0026727670953974325,0.00022193247795463015,0.0016518258318571253,0.3246011668573754,1.1963222464519256,0.7948123381482954,0.0001485906238745116,79141.2158476478,79243.54483408856,79517.75605043606,0.0021611882537833083,0.0008708901879970199,-0.0025686867838619065,0.00022749350039827484,3.554656722762845e-05,-2.2319229237310294e-05,58.99642187766238,-12.619459725785418,-70.64539646132748,58.02593673554206,0.00022529344974725845,0.000183280771397627,4.201267834963145e-05,0.008148009479839628,182.99285714285776,0.002307247272712871,523.11825,0.0,15,20,1,0.5,0.0,0.0,0.0,0.0,0.0,0.0,0.0,0.0,0.0,0.0,0,1,high
2026-05-13 15:15:00,79397.9,79447.8,79287.8,79294.6,627.2,49774503.82,-0.00022193247795598836,0.0003506528106438367,0.0010220292331961645,0.0024445135648587524,-0.0013018890570176047,0.002015931576614263,0.0022058750319429166,1.1478186139138602,0.7941806724331855,-0.0006739913896716132,79155.82386215754,79245.54699745766,79515.53559222278,0.001754564749559151,0.0006235083880792303,-0.0027628519059792467,0.0001846910262692974,2.54493497694474e-05,-2.4305430717098135e-05,62.29198524781914,0.096145265706582,-56.49708811592067,56.59323338162725,0.0001606102668274313,0.00017874667048358787,-1.8136403656156573e-05,0.0085601107730884,182.3714285714294,0.0022999224231086274,546.4278,0.0,15,15,1,0.5,0.0,0.0,0.0,0.0,0.0,0.0,0.0,0.0,0.0,0.0,0,1,high
2026-05-13 15:10:00,79568.8,79568.8,79359.9,79397.9,736.028,58471579.7068,0.001301889057018002,0.001936433660111092,0.0022683738154860578,0.0047544831614274585,-0.002150136674416453,0.0026288533198436585,0.16000269244730436,1.2840891099516174,0.7954162407699545,0.0011008219395769459,79178.87873242826,79251.52162500833,79514.36508881758,0.002765362967855012,0.0018498916629354767,-0.001446425905189841,0.00029109083872155497,7.550580887723385e-05,-1.1109465665007586e-05,69.16391447940293,18.297874016701826,-41.53809568939617,59.835969706098,0.00022966065602688868,0.00018892946759224805,4.0731188434640626e-05,0.009307034058920539,191.25,0.0024087538839188444,573.19075,0.0,15,10,1,0.5,0.0,0.0,0.0,0.0,0.0,0.0,0.0,0.0,0.0,0.0,0,1,high
2026-05-13 15:05:00,79700.1,79700.1,79500.0,79568.8,473.346,37669514.5016,0.0021501366744161032,0.003230093253478117,0.003802678542077942,0.007719922245509991,-0.0016487842855046676,0.002513818840240363,-0.44144153935098274,0.8090484289696992,0.796977392877471,0.0023017433608689686,79216.01409124462,79263.9639142237,79514.90672972487,0.004447356819197168,0.0038431644809833188,0.0006967086720184312,0.0004681428230734167,0.0001568638820356209,1.0395471052217397e-05,77.79029532469681,45.983013362725615,-24.03387387897181,70.01688724169742,0.00034880922495250145,0.00022090541906429875,0.0001279038058882027,0.010744436831585694,203.28571428571533,0.002554842027097497,585.0651,0.0,15,5,1,0.5,0.0,0.0,0.0,0.0,0.0,0.0,0.0,0.0,0.0,0.0,0,1,high
2026-05-13 15:00:00,79718.5,79824.6,79690.8,79700.1,356.038,28398323.0533,0.0016487842855053003,0.0051008100169394055,0.005735354620032496,0.01036721771734328,-0.0002308388115527563,0.0016775813668050016,-0.28478915540393146,0.6029480674952027,0.7975573484775822,0.0035516115060278963,79262.1175111261,79281.0672901365,79516.7494488321,0.0055155562375883704,0.005276578226625972,0.0023221547191401015,0.0005805848671145484,0.00021537056452462794,2.669784731543215e-05,79.59937911153895,77.62370073226339,-3.7023589567247726,81.32605968898815,0.0003981902866768063,0.0002563623925868003,0.000141827894090006,0.012641225496274517,209.10000000000062,0.002623585164886877,590.4953,0.0,15,0,1,0.5,0.0,0.0,0.0,0.0,0.0,0.0,0.0,0.0,0.0,0.0,0,0,high
2026-05-13 14:55:00,79701.7,79725.3,79666.3,79718.5,99.898,7961501.363,0.0002308388115537241,0.004029759771475128,0.005109716350537141,0.010330590928639083,0.0002107637559379131,0.0007403150817816683,-1.2708878012945037,0.17160434117859155,0.7967465152577073,0.0019341771094119053,79305.58251006647,79298.22151405271,79518.75691700292,0.00519911933017525,0.00529143989942682,0.0025275906099899714,0.0005472757189658985,0.0002159771624473376,2.8729100690937544e-05,90.14072915809476,102.99661874848243,17.63743658431667,85.35918216416576,0.0003192289121948475,0.00026893569650840974,5.029321568643776e-05,0.014209442877733791,200.9000000000004,0.0025201176640303117,582.14145,0.0,14,55,1,0.5,0.0,0.0,0.0,0.0,0.0,0.0,0.0,0.0,0.0,0.0,0,0,high
2026-05-13 14:50:00,79623.4,79777.7,79602.5,79701.7,180.812,14409798.1293,-0.00021076375593942487,0.0016688593411195995,0.005120885072553705,0.012101530690138418,0.0009828960572277228,0.002198517388844828,0.5933081520029049,0.31619582904524124,0.7960214992743406,0.0018408268411551632,79343.30798529823,79314.04419977614,79520.57724618696,0.004513274090975017,0.0048814339417830865,0.0022937738505284244,0.00047508148326062957,0.00019924222447138614,2.634608719212797e-05,87.61222453976663,120.36176398913085,38.18230206527951,82.17946192385133,0.0002184990958953426,0.00025884837638579634,-4.034928049045374e-05,0.01538004345560503,195.9142857142859,0.0024580941901400587,571.8354999999999,0.0,14,50,1,0.5,0.0,0.0,0.0,0.0,0.0,0.0,0.0,0.0,0.0,0.0,0,0,high
2026-05-13 14:45:00,79654.9,79694.4,79597.8,79623.4,133.515,10632424.1543,-0.0009828960572271228,-0.0009628210016128236,0.00283609995830858,0.009479198475254691,-0.0003955341111836871,0.0012128655620536402,-0.3032439863579848,0.23728446971679504,0.7948352186197756,-0.000581022150178967,79369.98341526983,79326.17579978492,79521.6003581652,0.0031941515543447707,0.0037456540459466225,0.0012978342331688708,0.0003362264794046532,0.00015288386048320932,1.630387679989662e-05,87.72359938254803,126.34913688150118,55.81566902852384,70.53346785297734,7.5495106430953e-05,0.00022217772239482768,-0.0001466826159638747,0.015924576099158275,180.54999999999978,0.002267549489220503,562.67905,0.0,14,45,1,0.5,0.0,0.0,0.0,0.0,0.0,0.0,0.0,0.0,0.0,0.0,0,1,high
2026-05-13 14:40:00,79753.3,79755.9,79654.9,79654.9,146.435,11673008.2133,0.00039553411118298243,-0.0007981257019835652,0.0010814973950754592,0.010885738940919154,-0.0012345665091014952,0.001267166509605684,0.09236781291353147,0.2663631143975325,0.7954499537177568,-0.0015274391597142056,79397.11832810128,79339.0669448914,79522.92672276059,0.0032478108402393957,0.003978788621555651,0.0016765189080896192,0.0003418748252883036,0.0001623995565890828,2.0077311967887525e-05,84.20929689324926,132.11304285837105,71.07514379449329,61.03789906387776,7.255484200659965e-05,0.0001922531463171821,-0.00011969830431058243,0.016253058833865578,164.87857142857163,0.002069911222392742,549.7570499999999,0.0,14,40,1,0.5,0.0,0.0,0.0,0.0,0.0,0.0,0.0,0.0,0.0,0.0,0,1,high
2026-05-13 14:35:00,79737.1,79774.6,79700.0,79753.3,143.935,11476328.1298,0.001234566509102919,0.0006472045630587786,0.0006672796186730778,0.008615966420606469,0.00020314702396760097,0.0009355722534049234,-0.017219835212055834,0.26575900983697,0.7965073206037818,-0.0010500278738003743,79431.04039209164,79355.31137842506,79525.21899417591,0.0040554842684521475,0.005008909831417441,0.0028821193931403144,0.00042689308088969557,0.00020444531943276264,3.216178159112167e-05,84.62413283293567,142.972934517049,85.45470193900444,57.51823257804456,0.00013635573960498907,0.0001810736649747435,-4.471792536975443e-05,0.016445925070348304,156.41428571428696,0.001961226503659246,541.5997,0.0,14,35,1,0.5,0.0,0.0,0.0,0.0,0.0,0.0,0.0,0.0,0.0,0.0,0,0,high
2026-05-13 14:30:00,79807.2,79820.0,79714.2,79737.1,224.295,17891639.546,-0.00020314702396895257,0.0014269535963169488,0.00023329378315040117,0.0074609410084391925,-0.0008787528543603525,0.001326361563985639,0.44360034092343614,0.42434456411576865,0.7957153818203828,-0.0010311334373245273,79460.18892617815,79370.28348123192,79527.3272628906,0.0034854479831043506,0.004617301520880801,0.002652315927686999,0.00036688926137934814,0.0001884613059660287,2.982040044127019e-05,81.67735689217037,148.55976775941963,98.07571510308748,50.48405265633215,7.009888762528739e-05,0.0001588787095048523,-8.87798218795649e-05,0.016353703699858117,152.23571428571555,0.0019092206047839153,528.5681,0.0,14,30,1,0.5,0.0,0.0,0.0,0.0,0.0,0.0,0.0,0.0,0.0,0.0,0,0,high
2026-05-13 14:25:00,79736.1,79857.8,79728.0,79807.2,420.847,33587536.64,0.0008787528543603429,0.0019101723394943093,0.001322810393450169,0.007465724699200038,0.0008912941465651751,0.0016267115072013073,0.6293071974977043,0.8152542450040017,0.7964513579819776,0.00042985870763700973,79493.23759987547,79387.41746236008,79530.11206624492,0.0039485626624671255,0.005280522831114354,0.0034959337692903603,0.00041563817499658577,0.00021553156276580572,3.826748953499231e-05,83.02690582959679,156.83595029677963,109.8277621418259,47.00818815495373,0.00010369480428711405,0.00014784192846130465,-4.414712417419059e-05,0.015422560710972234,155.4928571428588,0.001948356252855116,516.21565,0.0,14,25,1,0.5,0.0,0.0,0.0,0.0,0.0,0.0,0.0,0.0,0.0,0.0,0,0,high
2026-05-13 14:20:00,79666.4,79775.3,79633.1,79736.1,272.993,21759360.2315,-0.0008912941465641921,-0.00021568831617280182,0.0014144123041130996,0.006518886077907737,0.0008745158255622588,0.0017840971707711217,-0.43282319337103825,0.5680997958430052,0.7950899910427491,0.0002547724229735593,79516.36735226828,79401.09128736556,79532.16169742658,0.002766100085818124,0.004217102069469902,0.002578722810559597,0.0002911684300860355,0.00017212663298815875,2.9018120021567587e-05,75.66444274308304,155.8610397457378,119.03441766260829,36.82662208312951,-1.236564631411992e-05,0.00011580041350621974,-0.00012816605982033966,0.014473400195514628,160.84285714285838,0.0020171899195327884,480.53705,0.0,14,20,1,0.5,0.0,0.0,0.0,0.0,0.0,0.0,0.0,0.0,0.0,0.0,0,0,high
2026-05-13 14:15:00,79664.1,79731.5,79611.8,79666.4,470.602,37488350.7982,-0.0008745158255631935,-0.0008870571177670428,0.00014436236736692365,0.005028538304520325,2.8870806281883337e-05,0.0015024167632543108,0.544566572347402,1.1020838922084102,0.7943729908105546,-0.0010769629072022724,79530.65617586178,79411.49555060614,79533.49740192981,0.0017114333783272428,0.003211504430421286,0.0016872497015629762,0.00018015088192896607,0.00013108183069202728,2.002773250331126e-05,71.95007800312,147.76091279269895,124.77971668862642,22.981196104072524,-0.00010181683817182615,7.227696317061057e-05,-0.00017409380134243672,0.012382178956840838,160.53571428571533,0.0020150993930404203,427.01104999999995,0.0,14,15,1,0.5,0.0,0.0,0.0,0.0,0.0,0.0,0.0,0.0,0.0,0.0,0,0,high
2026-05-13 14:10:00,79639.1,79748.5,79627.0,79664.1,313.703,24997308.5792,-2.8870806280778538e-05,-0.0017946807784081642,-0.0011190749480167739,0.0052835592906888,0.0003138668928839881,0.0015247013943514914,-0.4055660477500638,0.7517943616441395,0.7946675954882227,-0.0018397251155590766,79543.36511149399,79421.4016074451,79534.79693026881,0.0015223185175656795,0.003057824462409542,0.0016418776127409274,0.00016024405448041896,0.00012480917826172117,1.9541179878593948e-05,69.63946869070301,139.54729865236732,127.7332330813746,11.81406557099271,-0.00010328051301021441,3.716546793444557e-05,-0.00014044598094465997,0.01144841275018111,159.85714285714388,0.0020066396640035333,417.27235,0.0,14,10,1,0.5,0.0,0.0,0.0,0.0,0.0,0.0,0.0,0.0,0.0,0.0,0,0,high
2026-05-13 14:05:00,79600.0,79709.1,79559.2,79639.1,484.134,38563730.5859,-0.0003138668928848176,-0.0012172535247287897,-0.001229794816932639,0.0041132153167549035,0.0004910854279607746,0.0018823588154253483,0.43391504947432313,1.3156548122925324,0.7944255208655804,-0.0012898609548024353,79552.48271992314,79429.93879931001,79535.83477175867,0.001093360993758452,0.0026363513903273628,0.0013147966828430668,0.000115090630921825,0.00010760619507950397,1.6223686617266472e-05,69.06896933466204,129.5275462785794,128.09209572081556,1.4354505577638292,-0.00012598501145303213,4.5353720569500305e-06,-0.00013052038350998217,0.010597868522839888,159.13571428571595,0.0019982108573014506,367.97950000000003,0.0,14,5,1,0.5,0.0,0.0,0.0,0.0,0.0,0.0,0.0,0.0,0.0,0.0,0,0,high
2026-05-13 14:00:00,79605.9,79648.1,79425.6,79600.0,1261.828,100358755.344,-0.0004910854279600585,-0.0008338231271256547,-0.0025996330992530403,0.0038440623667508333,-7.411785621879406e-05,0.002797447285147875,0.9579550143097366,3.095915178026507,0.7940739511762551,-0.002377406805722515,79557.00817516855,79436.60786600373,79536.47323174118,0.0005449159881045773,0.0020611378854109574,0.000815515122992494,5.735957769497895e-05,8.412809221520741e-05,1.1175834730924929e-05,62.04266475986202,117.08212722471217,125.89010202159488,-8.807974796882718,-0.0001564748006498113,-2.7666662484402235e-05,-0.00012880813816540905,0.009847205493762303,155.44285714285903,0.0019527997128499877,407.57835,0.0,14,0,1,0.5,0.0,0.0,0.0,0.0,0.0,0.0,0.0,0.0,0.0,0.0,0,1,high
2026-05-13 13:55:00,79705.9,79732.1,79542.1,79605.9,544.738,43375428.7995,7.411785621869171e-05,-0.0007308344646261844,-0.0016342210964701565,0.002616291165951523,-0.0012553999532184928,0.0023858238198753,-0.8400117970832994,1.3050161157169329,0.7943776778659206,-0.0007123131768285162,79561.6645394382,79443.24677321927,79537.16404535569,0.0005600782401025128,0.0020515202223503337,0.0008807809097657326,5.8955604221046833e-05,8.373553394083425e-05,1.1802123501947484e-05,52.751817237797944,106.46782879532839,122.00564737634159,-15.537818581013198,-0.0001334921820444267,-4.883176639640713e-05,-8.466041564801958e-05,0.008950420437051616,147.42857142857247,0.0018519804616061433,417.41859999999997,0.0,13,55,1,0.5,0.0,0.0,0.0,0.0,0.0,0.0,0.0,0.0,0.0,0.0,0,1,high
2026-05-13 13:50:00,79604.7,79707.4,79539.0,79705.9,620.282,49389174.0882,0.0012553999532176618,0.0008384323814762951,0.0004956946823106989,0.0017215544447530817,0.0012704743264074867,0.002114962256880047,0.12986926821236278,1.4443976910389558,0.795670603598273,0.0012976127877184496,79575.40124996791,79453.5468997597,79538.84301007852,0.0016425755082423166,0.003177237031426472,0.0021149253320071892,0.0001729026850778673,0.00012968315822620006,2.41762312603128e-05,50.4511512134403,104.9156824042584,118.58765438192496,-13.671971977666558,-1.973124882325965e-05,-4.301166288177764e-05,2.328041405851799e-05,0.008204689086045849,141.1857142857147,0.0017713332925883118,429.43989999999997,0.0,13,50,1,0.5,0.0,0.0,0.0,0.0,0.0,0.0,0.0,0.0,0.0,0.0,0,0,high
2026-05-13 13:45:00,79806.0,79806.0,79525.0,79604.7,1578.855,125712117.34,-0.001270474326407367,5.904348302898654e-05,-0.0007459088378158896,-0.0011977041671595856,-0.002525553265846939,0.0035272519640063916,0.9342809664256171,3.2502437906716644,0.7939182864919925,-0.000749308996230269,79578.19160711381,79459.47447231815,79539.49830351058,0.00033666297404089107,0.0018319876969794535,0.0008360485080309843,3.5438207793559264e-05,7.477502157390332e-05,1.1294136159141859e-05,42.15821389195119,94.43105850923166,113.75633520738631,-19.325276698154653,-0.00013187169953091446,-6.078367021160501e-05,-7.108802931930945e-05,0.006999447339005901,157.04285714285757,0.0019727837319009752,485.76509999999996,0.0,13,45,1,0.5,0.0,0.0,0.0,0.0,0.0,0.0,0.0,0.0,0.0,0.0,0,1,high
2026-05-13 13:40:00,79854.0,79910.0,79723.7,79806.0,989.685,78974559.9958,0.002525553265847691,0.0025104788926579857,0.002093511320916619,0.0010970102871343812,-0.0006012777332599259,0.002334094675249272,-0.4670684690867821,1.9638226127570633,0.7968101263830878,0.00238460551750741,79599.88764453155,79473.06370869782,79542.1500616846,0.0025896242170428962,0.0041866570034994055,0.003328153000008882,0.0002725920228463337,0.00017088397232973814,3.631163993713737e-05,55.73013954510515,101.19859182782238,111.24478653147352,-10.046194703651139,8.458880028863031e-05,-3.1709176111557945e-05,0.00011629797640018826,0.006225553499830133,166.3357142857151,0.0020842507366077125,503.9584500000001,0.0,13,40,1,0.5,0.0,0.0,0.0,0.0,0.0,0.0,0.0,0.0,0.0,0.0,0,1,high
2026-05-13 13:35:00,80097.9,80098.4,79827.2,79854.0,745.867,59627596.2486,0.0006012777332600194,0.0018563566727003433,0.003185874482136697,0.0019090517763338255,-0.003049669169697414,0.003391580334400765,-0.2828394105529375,1.4627946556504732,0.7964754590440499,0.0024015078677948054,79624.08882124284,79488.0023867881,79545.25304614544,0.00288700652646412,0.004600172590219387,0.0038903319200027653,0.0003038954238381133,0.00018776215903288642,4.1933193104529234e-05,63.10525119345357,109.17658982014109,110.83114718920704,-1.6545573690659552,9.971292375519865e-05,-5.424756138206628e-06,0.00010513767989340527,0.005052392436223784,179.80000000000084,0.0022516091867658583,509.8918,0.0,13,35,1,0.5,0.0,0.0,0.0,0.0,0.0,0.0,0.0,0.0,0.0,0.0,0,1,high
2026-05-13 13:30:00,80106.2,80175.7,80024.0,80097.9,374.546,29996221.6111,0.0030496691696964007,0.006176500168804111,0.006161425795614406,0.005941617003257349,-0.0001036178226079404,0.0018938867593785804,-0.6888326742721205,0.7615545353491752,0.7990091177342311,0.004631439868310494,79669.21369541019,79511.91994024738,79550.75202081066,0.00537127801081283,0.007349847965409495,0.006870946352487195,0.0005653976853484264,0.000299993806509887,7.186091426464737e-05,70.280168467314,133.63939064239094,115.39279587984382,18.24659476254712,0.0003057392556027888,5.680804620999245e-05,0.0002489312093927963,0.005946842240839606,193.31428571428634,0.0024134750812978413,491.81769999999995,0.0,13,30,1,0.5,0.0,0.0,0.0,0.0,0.0,0.0,0.0,0.0,0.0,0.0,0,1,high
2026-05-13 13:25:00,80175.3,80188.5,80087.1,80106.2,172.781,13845149.4923,0.0001036178226083706,0.0037545647255647907,0.005009643665005115,0.005649700714682737,-0.0008622330622188894,0.0012653206542823604,-0.7736897292339204,0.3623842767494121,0.7976704688674854,0.001999865269212364,79710.83143870445,79535.22504062984,79556.27886637473,0.0049534771826191815,0.00716117301201713,0.006905165526585932,0.0005214186508017544,0.000292292787533357,7.217690340239585e-05,67.60802315138221,151.94455492598354,122.70314768907176,29.241407236911783,0.00022865904625011445,9.117824621801687e-05,0.00013748080003209758,0.007159401010569868,192.00714285714224,0.0023969073911525233,476.78945000000004,0.0,13,25,1,0.5,0.0,0.0,0.0,0.0,0.0,0.0,0.0,0.0,0.0,0.0,0,1,high
2026-05-13 13:20:00,80256.3,80258.4,80172.1,80175.3,150.623,12081659.8036,0.0008622330622181096,0.004015520054522881,0.007142351053630591,0.005277367267797928,-0.0010097762146936736,0.001075855380667496,-0.13724487047243272,0.3228659429943537,0.7979857249413609,0.00406743844936841,79755.06653978022,79560.32601942867,79562.43828063966,0.005261833078662903,0.007708762698776184,0.007690111040655978,0.0005538771661747407,0.0003146433865406022,8.0038158713995e-05,70.76777251184849,170.0668966874946,132.17589748875633,37.89099919873826,0.0002261790831506466,0.00011817841360454282,0.00010800066954610378,0.008643622233322337,195.32142857142753,0.002436179578641147,466.51869999999997,0.0,13,20,1,0.5,0.0,0.0,0.0,0.0,0.0,0.0,0.0,0.0,0.0,0.0,0,0,high
2026-05-13 13:15:00,80257.1,80303.0,80227.8,80256.3,158.582,12729077.4616,0.0010097762146941136,0.001975627099520594,0.005626574002477014,0.006490290506460994,-9.968015131549812e-06,0.0009368919297812868,0.051491783547142234,0.337801726222162,0.7983424295008579,0.001532303117770084,79802.80305980115,79587.61911670599,79569.34237734972,0.005674313170180412,0.008376635426667889,0.008613321213006842,0.0005972961231765858,0.00034190349744858304,8.928928364912055e-05,71.06670419363957,188.7887667663017,143.4984713442654,45.29029542203631,0.0002334283768383158,0.00014122840625129744,9.219997058701837e-05,0.01023188313493379,195.17142857142713,0.0024318518119004627,469.45290000000006,0.0,13,15,1,0.5,0.0,0.0,0.0,0.0,0.0,0.0,0.0,0.0,0.0,0.0,0,0,high
2026-05-13 13:10:00,80279.9,80304.6,80255.0,80257.1,131.419,10549762.2636,9.968015131534003e-06,0.0018819772920437572,0.0050352642843485285,0.005621505667232185,-0.00028404667027898746,0.0006178391273745463,-0.18788111744674119,0.2814212287057405,0.7976332860547153,0.0011578270106653576,79846.06943505819,79613.87326899203,79576.18573677908,0.005142921072424755,0.008057717032317058,0.008537485355221364,0.0005413601128865808,0.00032888641971065953,8.850001729571173e-05,76.16512655684998,201.36927732072945,155.0726325395582,46.29664478117124,0.00015669109099502102,0.00014432094320004216,1.2370147794978857e-05,0.011420242990487627,186.278571428571,0.0023210229553344316,466.98325000000006,0.0,13,10,1,0.5,0.0,0.0,0.0,0.0,0.0,0.0,0.0,0.0,0.0,0.0,0,0,high
2026-05-13 13:05:00,80237.3,80303.3,80208.4,80279.9,181.44,14561580.9881,0.0002840466702789257,0.0013037909001045733,0.0022696417849310535,0.006796846484075303,0.0005307842524059169,0.0011824684562893957,0.3225343282905184,0.3865528852453079,0.7975774552463477,-0.0014316624878834006,79887.38663171932,79639.99196432569,79583.18786875144,0.004910113671968475,0.0080146357142592,0.008733755587433834,0.0005168540707334708,0.00032712799816431707,9.044575513634072e-05,82.33371982713246,210.74979952354624,166.2080659363558,44.541733587190436,0.00011664745673074984,0.00013878624590618372,-2.2138789175433875e-05,0.012276968119959734,184.17857142857142,0.002294205292091438,469.3795,0.0,13,5,1,0.5,0.0,0.0,0.0,0.0,0.0,0.0,0.0,0.0,0.0,0.0,0,0,high
2026-05-13 13:00:00,80150.0,80264.3,80146.9,80237.3,398.522,31970606.1054,-0.0005307842524047146,-0.0002367695669942549,0.0016352397099179683,0.007140578057233782,0.0010886149791346654,0.0014637384541863593,0.7868376831933794,0.8268368328108919,0.7967043767067779,-0.0009660921607075323,79920.71171441273,79663.41580886194,79589.69644717182,0.0039622504272252,0.0071903670908000095,0.008121349729703908,0.0004170789923393579,0.0002934843804949433,8.426436202647949e-05,78.9787664307384,212.29921379045118,175.4262955071749,36.87291828327628,1.8944165891036165e-05,0.00011481782990315422,-9.587366401211806e-05,0.012770748168672536,185.0,0.002305660833552475,481.98384999999996,0.0,13,0,1,0.5,0.0,0.0,0.0,0.0,0.0,0.0,0.0,0.0,0.0,0.0,0,0,high
2026-05-13 12:55:00,80115.5,80178.0,80087.0,80150.0,257.72,20651583.5576,-0.0010886149791353716,-0.0013353525612611605,-0.0003156083314355129,0.006080833884379189,0.00043053558667219385,0.0011356192528587262,-0.43588897946232485,0.5284687631940331,0.7956204757794669,-0.0023652491618939564,79942.54869399246,79682.49754184776,79595.27160690146,0.0025999558816049984,0.005862467715129327,0.006962757290363442,0.0002736795664846218,0.00023928440560747998,7.259392082088894e-05,74.2984875867973,204.12967552331975,181.16697151040387,22.96270401291588,-0.00010231920161022818,7.139042360047774e-05,-0.00017370962521070593,0.01302018502714546,185.028571428571,0.0023085286516353215,487.6731,0.0,12,55,1,0.5,0.0,0.0,0.0,0.0,0.0,0.0,0.0,0.0,0.0,0.0,0,0,high
2026-05-13 12:50:00,80190.5,80240.0,80114.5,80115.5,197.344,15823971.9823,-0.00043053558667160985,-0.002049934818211696,-0.0017559201328012364,0.0059641651905923965,-0.0009357105220292539,0.001565282241833656,-0.26692532546135883,0.4057857951324992,0.7955312927617761,-0.002811136739081732,79959.02024694555,79699.47803040275,79600.44800882284,0.0019628088382734887,0.0052189151822421564,0.0064672244728072315,0.00020661145666021874,0.0002130169549298686,6.758765706474468e-05,74.62501194229525,192.6506392681622,183.46370506195555,9.186934206206644,-0.00014366372089063124,2.8379594702255947e-05,-0.0001720433155928872,0.01308406113158365,178.0999999999996,0.002223040485299344,486.32555,0.0,12,50,1,0.5,0.0,0.0,0.0,0.0,0.0,0.0,0.0,0.0,0.0,0.0,0,0,high
2026-05-13 12:45:00,80113.7,80222.0,80091.4,80190.5,437.75,35097203.7135,0.0009357105220288986,-0.0005834400437780829,-0.0008301776259038718,0.0073909611405813536,0.000958178336885527,0.0016293089522325878,0.7966995723568786,0.8985556807911477,0.7966754268436187,-0.00095785921109659,79981.06593771264,79718.73379391638,79606.31917291417,0.002622469897415769,0.005913267833514979,0.007329273950110959,0.0002760494628858073,0.0002413578791298306,7.622569552209945e-05,76.19645097687811,187.44454944696918,184.25987393895826,3.184675508010912,-6.543066355426107e-05,9.617543050952544e-06,-7.504820660521361e-05,0.013352367916965851,173.85714285714286,0.002168051612811279,487.1707,0.0,12,45,1,0.5,0.0,0.0,0.0,0.0,0.0,0.0,0.0,0.0,0.0,0.0,0,0,high
2026-05-13 12:40:00,79900.0,80134.8,79804.3,80113.7,859.494,68744274.468,-0.0009581783368854957,-0.00045300340152820695,-0.002072402633068293,0.006358664947477166,0.0026710228818045472,0.004132828938253414,0.6746958728297843,1.664087264996856,0.7953781820898129,-0.0021992731565347867,79993.69775316858,79734.2226647432,79611.3677383578,0.0015057876023831795,0.004760772261466428,0.006307701627022766,0.00015850395814568323,0.00019431724320766096,6.593311808520796e-05,68.66190737689942,175.10308819735656,182.42851679063793,-7.325428593281373,-0.00015447076220920185,-2.3200118001078338e-05,-0.00013127064420812351,0.013267178291910342,189.4142857142859,0.0023643182840673432,516.49575,0.0,12,40,1,0.5,0.0,0.0,0.0,0.0,0.0,0.0,0.0,0.0,0.0,0.0,0,0,high
2026-05-13 12:35:00,80073.0,80124.5,79810.0,79900.0,2115.919,169099530.6285,-0.002671022881804319,-0.0026934906966609162,-0.004212641262467898,0.002432242112455185,-0.002162865826620651,0.003932865083836096,0.9009006684765986,3.533825482462469,0.7929734229783794,-0.0037309537283984895,79984.77415762871,79740.72373671405,79614.23970116022,-0.001054260490905179,0.002007798423596441,0.003600492887056106,-0.00011097478851622176,8.195096379542647e-05,3.8699725051481334e-05,62.25209526180421,146.39108193969878,175.2210298204501,-28.82994788075132,-0.0003591083443715921,-9.038176327518108e-05,-0.000268726581096411,0.012843609550635467,191.80714285714308,0.0024005900232433428,598.7616,0.0,12,35,1,0.5,0.0,0.0,0.0,0.0,0.0,0.0,0.0,0.0,0.0,0.0,0,1,high
2026-05-13 12:30:00,80318.9,80322.1,80005.0,80073.0,1043.361,83585065.8872,0.002162865826619509,-0.001466335392070306,-0.0009611604567130172,0.005865582265482061,-0.0030662420316653963,0.00395566829912238,-0.7070420003859548,1.6424557788379122,0.7962404222738328,0.0006199464943659194,79993.17661880693,79753.75417841155,79618.80448025315,0.0010030238751710385,0.0040071087894233415,0.005706011860802107,0.000105581460544324,0.0001635554682199003,5.983570616161096e-05,61.34432358939508,136.02821570434025,167.38246699722814,-31.35425129288788,-0.00012973517594225796,-9.825244580859645e-05,-3.1482730133661506e-05,0.012372245661335523,200.1500000000004,0.0024995941203651718,635.2445,0.0,12,30,1,0.5,0.0,0.0,0.0,0.0,0.0,0.0,0.0,0.0,0.0,0.0,0,1,high
2026-05-13 12:25:00,80241.2,80336.5,80204.5,80318.9,238.554,19151028.35,0.0030662420316662775,0.0025580849764814673,0.00253561716162487,0.006406271031300648,0.0009678619540657335,0.0016444401087076402,-1.4756068122916828,0.38293292325176914,0.7987588627022006,0.0032275699404245017,80024.19789320626,79775.91675965031,79625.77060482776,0.0036817167728528943,0.006795964514379804,0.008684967784084563,0.00038754913398451006,0.0002773863138452484,8.975019696265242e-05,66.90914381319561,145.97493628115626,163.10096085401378,-17.126024572857517,0.0001235158091379284,-5.389879481929148e-05,0.00017741460395721988,0.012174583716724204,198.0857142857151,0.0024662403778651742,622.9655,0.0,12,25,1,0.5,0.0,0.0,0.0,0.0,0.0,0.0,0.0,0.0,0.0,0.0,0,0,high
2026-05-13 12:20:00,80491.5,80491.5,80135.0,80241.2,1008.352,80940596.7933,-0.0009678619540665068,0.00426124590421928,0.0006320446855294648,0.0048371313439741215,-0.003114490110933502,0.004438876341844151,1.4414768942274678,1.6522459669695655,0.7964598787836401,-0.0002155480599785875,80044.86476051995,79794.16316123265,79631.89428040161,0.00245539245509363,0.0055995495187328714,0.007640318707331062,0.00025846236369393705,0.00022855304843694433,7.922669297231254e-05,55.92883740173788,145.90612834240892,159.66199435169284,-13.75586600928392,-1.2846294376226797e-06,-4.3375961742957724e-05,4.2091332305335044e-05,0.011324563323682478,200.5714285714296,0.0024996065434144754,610.2917,0.0,12,20,1,0.5,0.0,0.0,0.0,0.0,0.0,0.0,0.0,0.0,0.0,0.0,0,1,high
2026-05-13 12:15:00,80492.4,80533.1,80486.2,80491.5,136.583,10996053.2797,0.0031144901109350087,0.0052128701885347795,0.004704713133349969,0.0049019522852127295,-1.1181242347861838e-05,0.0005825388798276164,-1.999140105581831,0.23154215333371927,0.7995449200460136,0.004166737956200706,80087.40144999424,79821.5097039294,79640.44757114389,0.005039417559741466,0.008372312585365194,0.010647795795197368,0.0005304650062883248,0.00034172705088784884,0.00010942831902169262,63.28162702516397,164.15642265429778,160.56088001221383,3.595542642083956,0.00022660960341000242,1.0621151287634308e-05,0.0002159884521223681,0.011027994903265649,214.17857142857352,0.002660884334725698,589.88395,0.0,12,15,1,0.5,0.0,0.0,0.0,0.0,0.0,0.0,0.0,0.0,0.0,0.0,0,1,high
2026-05-13 12:10:00,80497.9,80529.9,80405.7,80492.4,214.779,17283087.4969,1.1181242346225417e-05,0.0021578093992147274,0.007386917257500514,0.004809515704950584,-6.832709799462186e-05,0.0015434748390902985,0.4526771040518929,0.37706404816779515,0.7981967039672249,0.005223280988845502,80125.97274047098,79847.81912730473,79648.92470973947,0.004569589392364293,0.008054729363879076,0.01055291756453336,0.00048100940972241064,0.0003287644701607264,0.00010845073616920042,61.47001374520716,176.65615269746922,163.7799345492649,12.876218148204316,0.00015501936779453495,3.950079458901444e-05,0.00011551857320552051,0.010840907212545508,212.17857142857352,0.0026360075165925423,569.6088,0.0,12,10,1,0.5,0.0,0.0,0.0,0.0,0.0,0.0,0.0,0.0,0.0,0.0,0,1,high
2026-05-13 12:05:00,80546.7,80546.7,80461.1,80497.9,125.141,10072783.5591,6.832709799553527e-05,0.0031939984512767694,0.00529237852887654,0.00401560974072801,-0.0006060433133882961,0.0010633026234135846,-0.5401684909039233,0.25183172205115845,0.7977936142928499,0.0015531920190170467,80161.39438423565,79873.3124948614,79657.37222506544,0.004196210157944691,0.007804505228076408,0.010515560636035204,0.0004417063324150892,0.0003185512398797385,0.00010805149598836794,59.243954698500005,184.87495939570363,167.99893951855267,16.876019877150952,0.00010172219313000222,5.1945074297211997e-05,4.977711883279023e-05,0.009584721945220028,209.17142857143023,0.0025984706255868816,496.9231,0.0,12,5,1,0.5,0.0,0.0,0.0,0.0,0.0,0.0,0.0,0.0,0.0,0.0,0,1,high
2026-05-13 12:00:00,80460.1,80560.0,80426.7,80546.7,266.072,21414392.5099,0.0006060433133878718,0.0006855516537296324,0.0028321798105981344,0.003611876839421768,0.0010757310666518098,0.0016560378026777487,0.754325847258789,0.5774853174479583,0.7980952686840013,-0.000663594018199376,80198.09015716558,79899.71984800408,79666.22125765185,0.004344895997872911,0.008080723108465193,0.01101094122355839,0.0004573574734601161,0.00032982543884084177,0.00011300663845005455,60.68792441688799,193.10023576160893,173.0191987671639,20.081036994445014,0.00010170066100954325,6.189619163967825e-05,3.9804469369865e-05,0.009324998497314154,215.15000000000146,0.0026711212253264435,460.7424499999999,0.0,12,0,1,0.5,0.0,0.0,0.0,0.0,0.0,0.0,0.0,0.0,0.0,0.0,0,1,high
2026-05-13 11:55:00,80499.9,80521.4,80456.1,80460.1,160.101,12885671.6945,-0.0010757310666509312,-0.0004013606552675242,0.00272431069801371,0.002526177757639303,-0.0004945328132594808,0.000811293548249686,-0.50796208276775,0.3710730329051186,0.7965742360452026,0.00011435726156250325,80223.04347553077,79921.69554023922,79674.12054862049,0.0029578158901522045,0.006730286471546165,0.009836352344400723,0.0003113490410685878,0.0002747055758803801,0.00010117840257840296,56.351332299450675,190.4357060111215,176.50250021595545,13.93320579516606,-3.3633830780345323e-05,4.279018715567354e-05,-7.642401793601887e-05,0.008634080844215724,214.84285714285735,0.002670178848185092,431.45415,0.0,11,55,1,0.5,0.0,0.0,0.0,0.0,0.0,0.0,0.0,0.0,0.0,0.0,0,1,high
2026-05-13 11:50:00,80563.1,80563.1,80475.0,80499.9,487.67,39257714.8835,0.000494532813258175,2.4845059995115548e-05,0.00010435340033687623,0.0027366639006185522,-0.0007847861177762298,0.0010941511206255016,1.113834081519295,1.1156679314502618,0.7972724625425318,-0.0022724575034818173,80249.41076357546,79944.37022493573,79682.33725957948,0.003123553588800121,0.006941493038342017,0.010228090280467228,0.0003287951146104533,0.0002833262518559799,0.00010509237681402257,59.273908744172765,189.3528327762906,179.07256672802248,10.280266048268118,-1.4018620756536153e-05,3.142842557323161e-05,-4.544704632976776e-05,0.008864816345861443,212.70000000000022,0.0026422393071295768,437.11035000000004,0.0,11,50,1,0.5,0.0,0.0,0.0,0.0,0.0,0.0,0.0,0.0,0.0,0.0,0,1,high
2026-05-13 11:45:00,80646.1,80668.0,80563.1,80563.1,83.204,6708234.9743,0.000784786117776548,0.00020358786438379184,0.0008779582757671989,0.004052234270799815,-0.0010297179979042454,0.001301237972098046,-1.7683435240040657,0.19232071636022804,0.7978258685114401,-0.0003708354557847571,80279.28592894923,79968.63413768334,79691.10106794188,0.003536116877379314,0.0074232878166622385,0.010903295538559732,0.0003722228291977004,0.00030299134463717867,0.00011185549861464472,64.84156068118168,191.38815622162656,181.5356846267433,9.85247159488327,2.4663287408957057e-05,3.0075397940376698e-05,-5.412110531419641e-06,0.009212667741843634,213.971428571429,0.0026559483010389242,432.63149999999996,0.0,11,45,1,0.5,0.0,0.0,0.0,0.0,0.0,0.0,0.0,0.0,0.0,0.0,0,1,high
2026-05-13 11:40:00,80630.3,80646.1,80617.7,80646.1,98.772,7963860.3667,0.0010297179979037452,0.0023090369289384682,0.0018393491756754088,0.006170567247838932,0.00019593691390115206,0.00035221792235590475,0.17151874018392554,0.22968152070876371,0.7984222582779168,0.0006286439850669012,80314.22060238264,79995.20142640165,79700.60354487778,0.00413099345858825,0.008121515390465461,0.011814277083363578,0.0004348414166935142,0.00033149042907900484,0.00012098845880657608,68.42105263157937,197.42280386430502,184.71310847425565,12.709695390049376,7.422728809111184e-05,3.8905775970523725e-05,3.532151212058812e-05,0.009891540781780096,210.9357142857147,0.002615572411879988,430.03895,0.0,11,40,1,0.5,0.0,0.0,0.0,0.0,0.0,0.0,0.0,0.0,0.0,0.0,0,0,high
2026-05-13 11:35:00,80622.1,80634.2,80605.1,80630.3,90.785,7319562.9734,-0.00019593691390085155,0.0016185672017794417,0.0010373689483866855,0.00640516592060969,0.00010170391271146153,0.0003609541881655591,-0.08432009005587648,0.2127861045528984,0.7976262150962015,-0.0004690535877998059,80344.32340215573,80020.10725281728,79709.85425587403,0.0035602892547181852,0.007614771477483018,0.011502734794643033,0.0003747672899702413,0.00031080700386410854,0.00011783497251097978,65.92324402606835,198.64057277108077,187.49860133362068,11.141971437460086,1.4440545939258323e-05,3.401272996427064e-05,-1.957218402501232e-05,0.010452508745382777,204.53571428571428,0.0025367103221210175,426.6491,0.0,11,35,1,0.5,0.0,0.0,0.0,0.0,0.0,0.0,0.0,0.0,0.0,0.0,0,1,high
2026-05-13 11:30:00,80532.0,80637.9,80519.6,80622.1,163.581,13181254.861,-0.00010170391271024926,0.0007320771712926444,0.0020113961023273674,0.005367751485870542,0.0011181845126863417,0.0014681292679356826,0.5888142067822866,0.38196905971458267,0.7973487553492422,0.0007745193040396003,80370.77831623613,80043.71481153033,79718.93132795488,0.0031291962618169578,0.007218437464192817,0.01128758778857808,0.000329389080191147,0.000294630105174918,0.00011565050599136558,69.36909478817498,196.67682393426367,189.33424585374928,7.342578080514386,-2.5048320847578982e-05,2.220051980190072e-05,-4.72488406494797e-05,0.010875254045688149,185.39999999999938,0.0022996175986485018,428.2572,0.0,11,30,1,0.5,0.0,0.0,0.0,0.0,0.0,0.0,0.0,0.0,0.0,0.0,0,1,high
2026-05-13 11:25:00,80606.9,80607.0,80524.6,80532.0,179.775,14482755.1121,-0.0011181845126877477,-0.0014158253392988485,0.0003986787763814448,0.00520774531006829,-0.0009296328247760016,0.0010227665731969695,0.09439778848364089,0.41986440324078567,0.7961255443952613,-0.0011469181472705259,80386.13276230889,80062.86325029384,79727.02156349762,0.0018194868206400372,0.005861027345563485,0.010068215183592244,0.00019152492848839513,0.00023922561035677426,0.00010337354063137441,76.58142664872166,185.70947856146086,188.60929239529162,-2.8998138338307626,-0.00013678821225031375,-9.597226608542176e-06,-0.00012719098564177158,0.011012148587050538,169.89999999999938,0.002109720359608595,428.17395,0.0,11,25,1,0.5,0.0,0.0,0.0,0.0,0.0,0.0,0.0,0.0,0.0,0.0,0,1,high
2026-05-13 11:20:00,80611.0,80660.0,80560.0,80606.9,173.521,13987662.9317,0.0009296328247767605,-0.00029025560062123645,0.0005435254833816572,0.00880840101664937,-5.0862838442723685e-05,0.001240541034915246,-0.03540743946210956,0.4161934588062714,0.7973976160286433,-0.00042825248279676487,80407.15821351757,80084.19802479213,79735.77657281606,0.0024872987268054203,0.0065243597715021195,0.010888416684903035,0.0002618209186110966,0.0002663004030791267,0.00011159502604575636,74.47510772898151,180.97541049373103,187.08251601497952,-6.107105521248485,-5.941622318405903e-05,-1.9561025923645546e-05,-3.9855197260413486e-05,0.011212284001070053,148.89285714285612,0.001847147789368604,416.92389999999995,0.0,11,20,1,0.5,0.0,0.0,0.0,0.0,0.0,0.0,0.0,0.0,0.0,0.0,0,0,high
2026-05-13 11:15:00,80533.5,80631.9,80515.1,80611.0,306.689,24715861.0068,5.086283844235595e-05,-0.00013768884946863125,-0.00043532967607973205,0.006696398028472217,0.0009618697004888747,0.0014496083756231385,0.5695355752837941,0.7313047700927351,0.7971191794786598,-0.0013030787992569515,80426.57171699208,80104.85692578067,79744.4852636338,0.0022964318923666127,0.006317370742888073,0.01083043097087355,0.00024172967288074035,0.00025785187113258666,0.00011099072567159319,67.20461774060595,175.5310504920344,184.7722229103905,-9.241172418356086,-6.822134492595936e-05,-2.929308972410831e-05,-3.892825520185105e-05,0.011125109407815682,138.41428571428384,0.0017170644913756662,419.37235,0.0,11,15,1,0.5,0.0,0.0,0.0,0.0,0.0,0.0,0.0,0.0,0.0,0.0,0,1,high
2026-05-13 11:10:00,80639.6,80639.6,80533.3,80533.5,246.344,19848875.9826,-0.0009618697004878385,1.8625962731277923e-05,-0.001201262462666719,0.002668286296318101,-0.0013165970664633288,0.0013190805081159391,-0.21910527170851068,0.5839994016438436,0.7960164106439098,-0.001609804452291641,80436.75536299284,80121.666458103,79752.33615653297,0.0012074610307468703,0.005145481393679319,0.009770366630879934,0.0001271011611313519,0.000210019652637668,0.00010031549755060383,67.220454813244,163.08283624009346,180.4343455763311,-17.351509336237655,-0.0001551302742403873,-5.446052662736411e-05,-0.0001006697476130232,0.010654494728551048,120.54285714285548,0.001496803903255856,421.82235000000003,0.0,11,10,1,0.5,0.0,0.0,0.0,0.0,0.0,0.0,0.0,0.0,0.0,0.0,0,1,high
2026-05-13 11:05:00,80710.1,80710.1,80588.4,80639.6,294.611,23756535.3775,0.0013165970664630322,0.00040559020441754967,0.00021703851650656247,0.00495274531684764,-0.0008738783460585675,0.0015090037798679901,0.17892690899414987,0.7104788583759339,0.7976270972005306,0.0002783418512883884,80456.07389985067,80141.97757739307,79761.16465248787,0.002283671611762017,0.006208663618567201,0.01097664565060441,0.00024038648544865478,0.00025341484533670193,0.0001124178017188867,60.51100070972362,159.9352856297046,176.3345335870058,-16.399247957301213,-3.96954166617028e-05,-5.150750463423185e-05,1.181208797252905e-05,0.010515052990918242,112.30714285714099,0.001392704612338615,414.6654,0.0,11,5,1,0.5,0.0,0.0,0.0,0.0,0.0,0.0,0.0,0.0,0.0,0.0,0,1,high
2026-05-13 11:00:00,80774.2,80818.5,80710.0,80710.1,212.125,17132295.215,0.0008738783460575661,0.0012286057120327598,0.0022091013752518762,0.0027121335519701972,-0.0007938852676897429,0.001343416379377091,-0.3284801185414912,0.5548697158059984,0.7980169294204735,0.0018913850252122444,80480.26686176966,80164.25688808355,79770.60679524919,0.002856830914216957,0.006804795220913817,0.011732608335004002,0.00030071904360188444,0.00027774674732575547,0.00011999452355310243,64.0614907634679,161.27056323546276,173.32173951669722,-12.051176281234461,1.588077516004072e-05,-3.802984867537734e-05,5.391062383541806e-05,0.010104922067410272,116.21428571428363,0.001439897679649556,382.29695000000004,0.0,11,0,1,0.5,0.0,0.0,0.0,0.0,0.0,0.0,0.0,0.0,0.0,0.0,0,1,high
2026-05-13 10:55:00,80800.5,80824.6,80774.2,80774.2,77.542,6265139.053,0.0007938852676900865,0.002984360680210685,0.0020733538181652023,0.0034948375773140583,-0.00032554601967106227,0.0006237670283957569,-1.00635599850522,0.276562256467249,0.7983020047034621,0.0009043886748187902,80508.26049398207,80188.17622580577,79780.59279728652,0.0033030289264885937,0.007300693018462923,0.012401851875303294,0.0003476872554198084,0.0002979874736145528,0.0001266999040917789,66.5906088627359,165.59227004072454,171.7758456215027,-6.183575580778154,5.2861183866735606e-05,-1.9851642166954754e-05,7.271282603369036e-05,0.008025174103739879,118.27857142856998,0.0014643112705365077,280.3781,0.0,10,55,1,0.5,0.0,0.0,0.0,0.0,0.0,0.0,0.0,0.0,0.0,0.0,0,1,high
2026-05-13 10:50:00,80802.7,80830.9,80767.9,80800.5,131.137,10595201.0814,0.00032554601967049734,0.00199330963341815,0.0023480369993933436,0.0037520564989890204,-2.7227183621808522e-05,0.0007797087997153924,0.525422853209248,0.5585838548790311,0.7981048210655182,0.0009856415868583213,80536.09282788854,80212.188922833,79790.74112766178,0.0032829963798572948,0.00732717084055956,0.012600757119898276,0.0003455785663008264,0.0002990682009108644,0.000128678472405995,65.66279930881288,169.1891369674413,171.2585038906904,-2.069366923249106,4.387163604430144e-05,-7.106986524703514e-06,5.097862256900496e-05,0.006658868637865018,113.25714285714119,0.0014016886387725471,234.7669,0.0,10,50,1,0.5,0.0,0.0,0.0,0.0,0.0,0.0,0.0,0.0,0.0,0.0,0,1,high
2026-05-13 10:45:00,80823.9,80860.0,80786.4,80802.7,124.096,10030524.1928,2.7227183622358098e-05,0.001146658470982942,0.0033371338835035402,0.0031732403692235067,-0.00026233305806817013,0.0009106296841259,-0.05518711863823178,0.5417998288538447,0.7977738451053877,0.0017574344614779136,80561.48398713724,80235.34621997681,79800.81037017262,0.002994964176481929,0.007065990258526611,0.012502332718410614,0.00031525938699811517,0.0002884077688603347,0.00012766900684595885,73.60154312482709,170.25461234345858,171.05772558124403,-0.8031132377854533,1.253106736995817e-05,-3.1793757457711778e-06,1.5710443115729348e-05,0.006540929826842467,112.04285714285652,0.0013866226888811454,229.044,0.0,10,45,1,0.5,0.0,0.0,0.0,0.0,0.0,0.0,0.0,0.0,0.0,0.0,0,1,high
2026-05-13 10:40:00,80883.5,80912.0,80770.0,80823.9,362.727,29319429.0465,0.00026233305806755425,0.0006151062613604097,0.0022828698751080623,0.004511304493941992,-0.0007371338936711843,0.0017565348834223545,1.07259502558537,1.8434739298978082,0.7978348445946501,0.00020774739411955068,80586.47598836226,80258.42676036988,79810.9903664893,0.002947078450306506,0.007040938088492155,0.01263765417671081,0.00031021878424282364,0.00028738523118218643,0.00012900894765413394,72.90723981900415,170.8403310871072,171.01424668241668,-0.17391559530949507,6.588571157825054e-06,-1.2257863650519313e-06,7.814357522876986e-06,0.005711274140682383,114.82857142857081,0.0014207254466633114,196.76275,0.0,10,40,1,0.5,0.0,0.0,0.0,0.0,0.0,0.0,0.0,0.0,0.0,0.0,0,1,high
2026-05-13 10:35:00,80894.9,80928.7,80873.9,80883.5,159.423,12896056.0666,0.0007371338936721372,0.0010266941353620496,0.0021461254227226334,0.004753905574355954,-0.00014093352411521858,0.0006773686219543895,-0.8220894381668069,0.8055541870521046,0.7983276786553404,0.00031074923486684725,80614.76398947061,80282.93943643381,79821.6621041362,0.0033333349778850163,0.007473049551490973,0.013241705602020204,0.00035087736609323443,0.0003050224336327727,0.00013505994214187527,72.76861853325693,174.1067451331619,171.63274637256575,2.473998760596146,3.973353598392312e-05,6.9660781047430794e-06,3.276745787918004e-05,0.00624885653126898,110.30714285714203,0.0013637780617448802,197.90475,0.0,10,35,1,0.5,0.0,0.0,0.0,0.0,0.0,0.0,0.0,0.0,0.0,0.0,0,1,high
2026-05-13 10:30:00,80937.0,81011.2,80894.8,80894.9,234.076,18946936.4477,0.00014093352411492788,0.0011404004758546193,0.0014931736791474748,0.004110052980694334,-0.0005202929824062005,0.0014378716051844196,0.38408480191207683,1.177032588188441,0.7980330649013201,-0.00026893980214204305,80641.44360952103,80306.937889907,79832.34108817465,0.0031433857875242666,0.007315395504011946,0.013249478537813886,0.00033088271447625285,0.0002985875744359945,0.0001351183857435972,69.68354430379655,175.59118069476972,172.42443323700655,3.166747457763165,1.7688865999989788e-05,9.110635683792422e-06,8.578230316197366e-06,0.006649397910164028,113.49999999999896,0.001403055075165418,198.86960000000002,0.0,10,30,1,0.5,0.0,0.0,0.0,0.0,0.0,0.0,0.0,0.0,0.0,0.0,0,1,high
2026-05-13 10:25:00,81082.0,81082.0,80937.0,80937.0,150.719,12206929.0001,0.0005202929824061897,0.0013983604001932548,0.0016879206418831671,0.0036006279651967787,-0.001789914006536156,0.001789914006536117,-0.44022867296431745,0.753035870865882,0.7983009268269701,0.0001961057614519035,80669.59183718568,80331.64620794986,79843.3327191381,0.003314756982318201,0.007528406584988545,0.013632758868276085,0.00034892178761243727,0.0003072819041603159,0.00013895096879496628,73.29485037217042,178.11156547161227,173.5618596839277,4.549705787684559,3.0478111363447667e-05,1.3384130819723472e-05,1.7093980543724196e-05,0.007082250745606918,123.93571428571366,0.0015312615279255923,200.1485,0.0,10,25,1,0.5,0.0,0.0,0.0,0.0,0.0,0.0,0.0,0.0,0.0,0.0,0,1,high
2026-05-13 10:20:00,81084.0,81120.0,81068.1,81082.0,60.665,4919695.1505,0.0017899140065367192,0.0024511405130578368,0.0034506074647975282,0.0055864788856343495,-2.4666082903962118e-05,0.0006399976542237227,-0.9100502504826729,0.31949437046864,0.799729504437865,0.001955659332477211,80708.86880507277,80361.0718468538,79855.65776670887,0.0046185118470596365,0.008952896254601939,0.015269213443222185,0.0004861591417957022,0.0003654243395476259,0.00015537846170781956,78.92089045403036,189.62341604636458,176.7741709564151,12.849245089949477,0.00014143115610747034,3.899353587727285e-05,0.00010243762023019749,0.00821199845300381,128.55714285714308,0.0015855201260100032,189.87815,0.0,10,20,1,0.5,0.0,0.0,0.0,0.0,0.0,0.0,0.0,0.0,0.0,0.0,0,1,high
2026-05-13 10:15:00,81070.6,81103.3,81070.5,81084.0,57.891,4694113.8321,2.4666082904190034e-05,0.002334873071847099,0.003212940489634164,0.005712848881248789,0.00016527437433785805,0.00040450430892342333,-0.04680499342150757,0.3133178345884683,0.7988593117571856,0.0010244671625354584,80744.59558554202,80389.42197050659,79867.88007748789,0.0042009705080623405,0.008625501069367658,0.015141701620393633,0.00044220742190127245,0.000352061270659648,0.00015407784102320634,89.03818953323903,196.6412657440087,180.74758991393384,15.89367583007487,8.593093051905299e-05,4.838101480562888e-05,3.754991571342411e-05,0.008720966049289944,123.9357142857147,0.0015284854507142556,184.76764999999997,0.0,10,15,1,0.5,0.0,0.0,0.0,0.0,0.0,0.0,0.0,0.0,0.0,0.0,0,1,high
2026-05-13 10:10:00,81149.1,81149.1,81068.0,81070.6,129.717,10519711.795,-0.00016527437433921932,0.0016493057151016899,0.0023105322216228075,0.006665759019597317,-0.0009678233423864244,0.0009998946690196206,0.8067932223548562,0.7773536285731408,0.7983404351646701,1.27565093297477e-05,80775.64362501421,80416.1348344083,79879.84743990094,0.003651344120987332,0.008128453099143229,0.014827408069475467,0.00038435201273551134,0.00033177359830675125,0.00015090020703950062,85.91789310612019,198.82970905990805,184.36401374312868,14.465695316779374,2.631663262245347e-05,4.3968138368993804e-05,-1.7651505746540334e-05,0.009026141342411085,120.58571428571511,0.0014874160828427952,166.87,0.0,10,10,1,0.5,0.0,0.0,0.0,0.0,0.0,0.0,0.0,0.0,0.0,0.0,0,1,high
2026-05-13 10:05:00,81195.7,81200.0,81136.3,81149.1,64.854,5263751.7428,0.0009678233423873195,0.0008272150509522902,0.003137422039895199,0.006703949537207876,-0.0005740867743203247,0.000784790626241729,-0.6932165647750637,0.39079857188050793,0.7991531909187692,0.0011201260174491523,80811.21089882238,80444.87856639229,79892.4768186084,0.004179246752576304,0.008739559718332401,0.01563806493015285,0.0004399207107975883,0.00035671672552559704,0.00015902879545092173,87.37324628420684,204.54054403322516,188.39931980114798,16.141224232077178,6.969993067455722e-05,4.9114496830106486e-05,2.0585433844450735e-05,0.009662543405394897,121.48571428571553,0.001497067919246369,165.95250000000001,0.0,10,5,1,0.5,0.0,0.0,0.0,0.0,0.0,0.0,0.0,0.0,0.0,0.0,0,1,high
2026-05-13 10:00:00,81258.7,81265.0,81174.6,81195.7,147.64,11992247.0033,0.0005740867743195821,0.0013766357423676823,0.0031912158318085915,0.007227173473085102,-0.0007756023001923017,0.001113029203870794,0.8226382884996761,0.8767434361525428,0.7991963589922921,0.0008954321653220632,80847.82890845834,80474.32254418083,79905.4442134481,0.004300635095763283,0.008948405453724106,0.016050836762140364,0.0004526984311330163,0.0003652410411645769,0.00016315872558891837,98.05515239477585,210.40127748488158,192.7997113378947,17.60156614698687,7.148620798433966e-05,5.3588839060953125e-05,1.789736892338653e-05,0.01047203982336847,122.17142857142919,0.001504653923439655,168.3959,0.0,10,0,1,0.5,0.0,0.0,0.0,0.0,0.0,0.0,0.0,0.0,0.0,0.0,0,0,high
2026-05-13 09:55:00,81233.8,81261.7,81222.1,81258.7,165.919,13479691.1856,0.0007756023001928014,0.002317512416899703,0.0021769041254646737,0.008964645473765742,0.0003064756858919091,0.00048743321837672676,0.11672283930029348,0.9637902651484789,0.7995057248948427,-0.0002237795430222178,80886.95948860516,80505.08244440904,79918.90944515509,0.0045927862153885,0.009342674116508576,0.016659011807981017,0.0004834511805672816,0.00038133363955784064,0.00016925269150537493,97.92537544511617,217.62092588732776,197.76395424778133,19.85697163954643,8.814636796355036e-05,6.050034484147258e-05,2.764602312207778e-05,0.011283839953494915,114.27142857142879,0.001406267003673807,172.15259999999998,0.0,9,55,1,0.5,0.0,0.0,0.0,0.0,0.0,0.0,0.0,0.0,0.0,0.0,0,0,high
2026-05-13 09:50:00,81195.8,81233.8,81195.8,81233.8,22.867,1857077.3553,-0.00030647568589081686,0.0010432133886215667,0.0018457623566696668,0.007341572721411893,0.0004678950227453763,0.0004678950227453763,-1.981804894245133,0.13848976089061749,0.7986552248450671,-0.00020408691211848407,80919.99191826182,80533.65960345182,79931.992933263,0.0038780904790680637,0.008681837707849027,0.016189824319880586,0.00040822005042841507,0.0003543607248343639,0.00016451907580989044,93.61985673829918,218.81101023813244,201.97336544585156,16.837644792280884,1.3875071416790882e-05,5.117529015653624e-05,-3.730021873974536e-05,0.011704781378799031,105.9857142857145,0.0013046996974869387,165.11690000000002,0.0,9,50,1,0.5,0.0,0.0,0.0,0.0,0.0,0.0,0.0,0.0,0.0,0.0,0,0,high
2026-05-13 09:45:00,81197.8,81236.1,81192.1,81195.8,67.545,5485928.2977,-0.00046789502274613426,1.2315915558502866e-06,0.0015431417082627519,0.005999799352608193,-2.4631512573131483e-05,0.0005417778572472089,1.0830992192046867,0.42346528706865094,0.7980499830096477,-0.00029045215502243593,80946.25935461784,80559.62589351252,79944.5681279569,0.0030854149366721373,0.007891827285686048,0.01556549218969927,0.0003247805196498866,0.00032211540139983453,0.00015822639821231807,86.71194705677627,214.21850070967048,204.42239249861535,9.796108211055127,-5.734956752330856e-05,2.947031862056728e-05,-8.681988614387584e-05,0.011450076002231625,100.9500000000002,0.0012432909091356966,159.5054,0.0,9,45,1,0.5,0.0,0.0,0.0,0.0,0.0,0.0,0.0,0.0,0.0,0.0,0,0,high
2026-05-13 09:40:00,81252.4,81252.4,81193.3,81197.8,42.291,3434874.3726,2.4631512573591863e-05,-0.0007497391960633593,0.0005999498784490243,0.005230545597491698,-0.000672206030598454,0.0007276277871004624,-0.4682197449647467,0.27651315286193173,0.7981162045156545,-0.0010369864031147813,80970.215606559,80584.65232906106,79957.03809683296,0.002813851549317903,0.007606009433620997,0.015434998093294183,0.0002961948999283347,0.00031044936654390343,0.00015689709586765412,86.12474995453879,208.33868839296338,205.20565167748498,3.133036715478397,-7.320892492923957e-05,8.934469910605913e-06,-8.214339483984549e-05,0.011266683576894709,100.67142857142815,0.0012398295098072626,152.94389999999999,0.0,9,40,1,0.5,0.0,0.0,0.0,0.0,0.0,0.0,0.0,0.0,0.0,0.0,0,0,high
2026-05-13 09:35:00,81200.0,81272.1,81200.0,81252.4,171.213,13911104.7816,0.0006722060305985877,0.00022894252042604535,0.0006980691347280299,0.0055772056084197885,0.0006451120675011807,0.0008875370569212801,1.398334097947299,1.1713271045172713,0.7987108037908595,-0.0004855552014326747,80997.09031069624,80610.83851223515,79969.92726999879,0.0031540520961144125,0.007953579563661606,0.01594693343609066,0.00033200548380169214,0.00032463590238918517,0.0001620245479545291,87.33189440478306,205.71332331982558,205.30718600595313,0.4061373138724491,-3.3141691545234366e-05,5.19237619437857e-07,-3.3660929164672225e-05,0.011053630931068299,100.72142857142795,0.0012396117354247745,146.1701,0.0,9,35,1,0.5,0.0,0.0,0.0,0.0,0.0,0.0,0.0,0.0,0.0,0.0,0,0,high
2026-05-13 09:30:00,81131.4,81247.1,81131.4,81200.0,375.253,30461664.626,-0.0006451120675023958,5.1725475669783805e-05,-0.0007226452329671673,0.004904866357295035,0.0008451846541535365,0.0014250657516904012,0.7846920697476376,2.458812355621691,0.7977169484706383,-0.0017887764242043858,81016.41504301087,80633.94288430436,79982.16679965054,0.0022699933592207344,0.0070218609276810895,0.015149564439546737,0.000238946669391779,0.0002866065702365742,0.00015399333785048007,79.68429360694736,197.1320450053172,203.67215780582595,-6.540112800508751,-0.00010645750579037731,-2.087611106252518e-05,-8.558139472785214e-05,0.01002728549442678,99.22142857142795,0.0012219387755101965,152.61554999999998,0.0,9,30,1,0.5,0.0,0.0,0.0,0.0,0.0,0.0,0.0,0.0,0.0,0.0,0,0,high
2026-05-13 09:25:00,81107.2,81158.6,81100.0,81131.4,54.851,4450020.8101,-0.0008451846541532859,-0.000818090691057094,-0.0012613542012296364,0.0037973486450741945,0.00029832604792537224,0.0007223038106793168,-1.9229800470562228,0.39004448274893505,0.7969731072435575,-0.0016821176015096029,81027.36599129555,80653.4510064885,79993.60195587293,0.0012891126379184215,0.005934453674566242,0.014162047648223819,0.00013569606714939188,0.00024222260065265812,0.0001440512682783033,69.29182879377474,182.68993755088013,199.47571375483682,-16.785776203956686,-0.00017864568619059876,-5.24300260881399e-05,-0.00012621566010245886,0.009127791830507524,98.8785714285706,0.0012187460271679104,140.62754999999999,0.0,9,25,1,0.5,0.0,0.0,0.0,0.0,0.0,0.0,0.0,0.0,0.0,0.0,0,1,high
2026-05-13 09:20:00,81173.2,81173.3,81100.2,81107.2,66.003,5354900.5774,-0.0002983260479254568,-0.0017886227695811385,-0.001091785226408959,0.0027618887034766004,-0.0008134069627504674,0.0009009481516656152,0.18507977744324222,0.4950666228127582,0.7969764074845305,-0.0010735755251172208,81034.96923021978,80671.24508466542,80004.68253342643,0.0008964259623756021,0.005415103013829636,0.01372577412168674,9.436062761845392e-05,0.00022102461443390851,0.00013964950393796738,66.19868762398988,167.36247515723517,193.0530660353165,-25.690590878081338,-0.00018954348075162237,-7.985271702083639e-05,-0.00010969076373078599,0.008337513018506272,94.97857142857121,0.0011710251547158725,133.32145,0.0,9,20,1,0.5,0.0,0.0,0.0,0.0,0.0,0.0,0.0,0.0,0.0,0.0,0,1,high
2026-05-13 09:15:00,81199.9,81213.9,81161.2,81173.2,120.287,9765761.3155,0.0008134069627505625,-0.00033010373932818027,-0.0003030097762319883,0.003434362142112235,-0.0003288722114765179,0.0006491143266475656,0.6001803584271395,0.8879975963153346,0.7979580823950858,-0.00015812212056864894,81048.13406543694,80690.92959114914,80016.30957289482,0.0015469916941608375,0.005984254683381707,0.014394512615934829,0.00016284123096436902,0.0002442552947600518,0.00014635355825451062,67.38810365135514,158.71147214046505,186.1847472563462,-27.473275115881165,-0.00010723634480389148,-8.532944257744741e-05,-2.190690222644407e-05,0.007763696626921132,89.23571428571346,0.001099324829940343,135.4587,0.0,9,15,1,0.5,0.0,0.0,0.0,0.0,0.0,0.0,0.0,0.0,0.0,0.0,0,1,high
2026-05-13 09:10:00,81242.5,81243.4,81180.7,81199.9,68.421,5557137.5182,0.00032887221147603896,0.0008439531263011446,-0.0006463435953545371,0.0032429413711820843,-0.0005244936171417128,0.0007720529541422131,-0.5642007589138709,0.5170760314352241,0.7979971131606121,-0.0007136906302473989,81062.58796396675,80710.88921502564,80028.08659207002,0.0016972102003371958,0.00606555329113867,0.014576883485844405,0.0001786537052988138,0.0002475736052195023,0.0001481696642567149,60.50989481190957,152.25485755877162,179.3987693168313,-27.143911758059687,-8.018097520515955e-05,-8.429974910298984e-05,4.11877389783029e-06,0.007190594775682924,81.1785714285704,0.0009997373325406854,132.3229,0.0,9,10,1,0.5,0.0,0.0,0.0,0.0,0.0,0.0,0.0,0.0,0.0,0.0,0,1,high
2026-05-13 09:05:00,81276.8,81279.1,81230.0,81242.5,139.802,11360388.7317,0.000524493617142241,0.0016667727913688424,0.0005232620892900997,0.001977520981787606,-0.0004221037194877625,0.0006042738713593115,0.7145473407969005,1.0502884119836344,0.7982936801120033,0.0005767316413649581,81079.72244358897,80731.73669678935,80040.17030757181,0.002010112977718137,0.006331613696190175,0.014951114644251362,0.00021159083976009257,0.00025843321353019794,0.0001519141812008495,63.17539484621843,148.85944889724487,173.290905232914,-24.43145633566914,-4.246487862645423e-05,-7.593277500768272e-05,3.346789638122849e-05,0.006514370845718919,84.49285714285672,0.0010400080886587282,133.10819999999998,0.0,9,5,1,0.5,0.0,0.0,0.0,0.0,0.0,0.0,0.0,0.0,0.0,0.0,0,0,high
2026-05-13 09:00:00,81157.2,81305.9,81125.1,81276.8,377.3,30656746.85,0.0004221037194884758,0.0012754695481067557,0.0017905504629318614,0.002374958618371892,0.001472598367499232,0.0022261769572105984,0.9928134911212423,2.8191040061089305,0.7984013412993409,0.0014282340557834061,81098.49173467574,80753.1117282878,80052.4750806308,0.0022005770117576873,0.006488865752318773,0.015220251016836883,0.00023163968544851003,0.00026485166474424807,0.00015460263431813932,66.56491002570725,147.2390067960805,168.08052554554732,-20.841518749466815,-2.059915515253868e-05,-6.486605103665392e-05,4.426689588411524e-05,0.005790792101190188,91.61428571428405,0.0011271886407226176,133.83685,0.0,9,0,1,0.5,0.0,0.0,0.0,0.0,0.0,0.0,0.0,0.0,0.0,0.0,0,0,high
2026-05-13 08:55:00,81132.0,81167.1,81129.1,81157.2,34.58,2806033.066,-0.0014725983674992449,-0.0005260010308685281,0.0006162781433580733,0.0010676346252118663,0.00031055671236945176,0.00046827961091389146,-2.3897651467151206,0.2710143916636036,0.7966218809152199,-0.0003545265693105648,81104.08299803996,80768.95832717846,80063.46736838571,0.000658647344804919,0.004819551016787216,0.013610860085661258,6.933129945348575e-05,0.00019671636936215034,0.00013841157957368775,50.61039939713576,134.7507515111647,161.4145707386708,-26.66381922750608,-0.00015437746814319183,-8.276833445796151e-05,-7.160913368523032e-05,0.004978548859335048,92.92142857142711,0.0011449560676246484,127.59469999999999,0.0,8,55,1,0.5,0.0,0.0,0.0,0.0,0.0,0.0,0.0,0.0,0.0,0.0,0,0,high
2026-05-13 08:50:00,81099.7,81172.0,81099.6,81132.0,115.423,9365960.5388,-0.00031055671236934757,-0.0013610513603801166,-0.0005076855317618367,-0.0002107454295448008,0.0003981959188837752,0.0008923311880089938,1.2053281607189996,0.9487181910875249,0.7967543166333844,-0.0012037657617014474,81106.7417601314,80783.1952555244,80074.09953387441,0.0003149391436316762,0.004332170998361917,0.013167962046194859,3.31514888036921e-05,0.00017682330733346415,0.00013394423338519986,45.03971344027426,121.4206284074753,153.4157822724317,-31.995153864956393,-0.00016473176972786342,-9.91610215119419e-05,-6.557074821592152e-05,0.0040025930981000945,89.81428571428425,0.0011070143188172885,121.66205,0.0,8,50,1,0.5,0.0,0.0,0.0,0.0,0.0,0.0,0.0,0.0,0.0,0.0,0,0,high
2026-05-13 08:45:00,81113.1,81150.0,81088.7,81099.7,87.697,7113787.3347,-0.00039819591888523576,-0.002181350998753828,-0.0012347536621231114,-0.0011830281227496187,-0.0001652150758817024,0.0007556767025020449,-0.27471594970675284,0.7399906928431509,0.7965541886704823,-0.0014429244901297267,81106.07111630937,80795.60720628816,80084.30451363686,-7.532755856232143e-05,0.0037797015469482886,0.012642703777782316,-7.929216690491507e-06,0.00015427353375626024,0.00012864930649693682,36.9970559371932,107.01645072329848,144.13591596260505,-37.11946523930658,-0.00017795799092250184,-0.00011492041539405389,-6.303757552844795e-05,0.003130027014035546,89.47857142857018,0.0011033156895595196,118.51094999999998,0.0,8,45,1,0.5,0.0,0.0,0.0,0.0,0.0,0.0,0.0,0.0,0.0,0.0,0,0,high
2026-05-13 08:40:00,80998.0,81137.0,80998.0,81113.1,189.177,15338603.9737,0.00016521507588329598,-0.0005435375553712873,-0.0015940322033820564,-0.001793415347059124,0.0014200140439614756,0.0017146209523438336,0.7687953934787961,1.5141846001030124,0.7969281161323316,-0.0013655639796716912,81106.7405338037,80808.05790408078,80094.54128464546,8.132680138572823e-05,0.0037902140101717663,0.01268047687502083,8.560715935583491e-06,0.00015470261383967342,0.00012901314499829362,39.93998999833345,95.58051150380925,134.4248350708459,-38.84432356703664,-0.00014134793682368894,-0.00012020591967998091,-2.1142017143708025e-05,0.0030329472239074306,94.91428571428489,0.0011701474325883845,124.93654999999998,0.0,8,40,1,0.5,0.0,0.0,0.0,0.0,0.0,0.0,0.0,0.0,0.0,0.0,0,0,high
2026-05-13 08:35:00,80972.0,81000.0,80964.1,80998.0,56.557,4580240.368,-0.0014200140439619702,-0.00165299488696391,-0.0034361499668325024,-0.0029069537051302774,0.00032104711024668025,0.00044330812307069573,-1.2074341055829825,0.45292758820483886,0.7955012205915502,-0.0029001207077907765,81096.38429248906,80815.50661372466,80103.53092360421,-0.0012111932194738273,0.0022772509479267455,0.011148418424777873,-0.00012749402310227877,9.294901941607956e-05,0.0001135999391379925,35.39143279172832,76.34972708392888,122.80981347346248,-46.4600863895336,-0.00023751106711200563,-0.00014366694916638587,-9.384411794561976e-05,0.003473669653014638,102.41428571428489,0.0012644051175866673,124.86985000000001,0.0,8,35,1,0.5,0.0,0.0,0.0,0.0,0.0,0.0,0.0,0.0,0.0,0.0,0,0,high
2026-05-13 08:30:00,80999.5,80999.5,80904.3,80972.0,140.593,11380949.2712,-0.0003210471102477186,-0.0015758460783263928,-0.002284598709580976,-0.0027601057926318617,-0.00033956591454965124,0.0011760071223989883,0.91062021234523,1.1210342733825225,0.7957494435431496,-0.0008724373720703227,81084.53816939487,80821.64360926488,80112.17240695143,-0.0013863126792728053,0.0018794899616914051,0.010719636276574462,-0.0001459276504494635,7.671387707632278e-05,0.00010927509287544812,33.89443651925832,58.33871675969567,109.91559413070912,-51.57687737101345,-0.00022247899422551,-0.0001594293581782107,-6.30496360472993e-05,0.003966755075434062,104.99285714285672,0.0012966563397576534,125.41365,0.0,8,30,1,0.5,0.0,0.0,0.0,0.0,0.0,0.0,0.0,0.0,0.0,0.0,0,1,high
2026-05-13 08:25:00,81009.5,81086.6,80999.4,80999.5,78.66,6374633.49,0.00033956591455108764,-0.0014014952396586011,-0.001634476082660541,-0.002445171390654366,-0.00012344993195071864,0.0010759721186621935,-0.5807344245047714,0.6237711031256357,0.7963817784179223,-0.00037253821546201493,81076.43929611916,80828.61836968586,80121.00153723052,-0.0009470565966527289,0.0021320340771744384,0.010949160378277867,-9.969016806845863e-05,8.702180011454885e-05,0.00011156654383739479,31.236088440422506,45.75642984744627,97.08376127405656,-51.327331426610286,-0.00015546788107720537,-0.00015863706275800964,3.1691816808042676e-06,0.004363303483036296,107.87142857142837,0.0013317542524512913,126.10394999999998,0.0,8,25,1,0.5,0.0,0.0,0.0,0.0,0.0,0.0,0.0,0.0,0.0,0.0,0,0,high
2026-05-13 08:20:00,80998.2,81036.2,80998.2,81009.5,81.387,6593046.969,0.0001234499319497928,0.00014196873625316186,-0.0011128302318255123,-0.002993927489303161,0.00013949954253197831,0.0004690362132566287,0.03408078809089865,0.6628075441826904,0.7964877516045945,-6.64370658878255e-05,81070.06412506019,80835.71176695309,80129.8423179546,-0.0007451679347312279,0.0021670336558248238,0.010962435083259336,-7.84387299714823e-05,8.845035430416627e-05,0.00011168478650517986,34.91686460807669,36.17479275268852,84.90196756978295,-48.727174817094436,-0.00011843460436137534,-0.0001505965710786828,3.216196671730745e-05,0.004626443770409429,101.94285714285694,0.0012584062010363838,122.7913,0.0,8,20,1,0.5,0.0,0.0,0.0,0.0,0.0,0.0,0.0,0.0,0.0,0.0,0,0,high
2026-05-13 08:15:00,80979.9,81054.0,80979.9,80998.2,70.808,5737402.8115,-0.0001394995425325618,0.00032351630396831865,-0.0014175448502413701,-0.002488314964333327,0.00022595647285487695,0.0009146234851548536,-0.13924356642798585,0.5998860514716939,0.7963235620220033,-0.000604554110328337,81063.21992267351,80842.08385452355,80138.48269290032,-0.0008004134318113643,0.0019480229715949093,0.01071524463982243,-8.425404545348989e-05,7.951114266351027e-05,0.0001091854399475904,38.40125391849608,27.35413927101763,73.39240191002989,-46.03826263901226,-0.00010904627322521344,-0.00014228651150798895,3.324023828277551e-05,0.004716792502939106,100.09285714285735,0.0012357417466419916,118.03575000000001,0.0,8,15,1,0.5,0.0,0.0,0.0,0.0,0.0,0.0,0.0,0.0,0.0,0.0,0,0,high
2026-05-13 08:10:00,80959.9,80980.8,80924.8,80979.9,82.697,6694423.6836,-0.00022595647285328369,-0.00024200608343605268,-0.00022348727913268362,-0.0018690867830333247,0.00024700536991756783,0.0006917611525870943,0.15521133700980627,0.6832923990258392,0.7961566065341383,0.0006553859425881825,81055.2846919427,80847.48840924812,80146.85500441375,-0.0009286203899332435,0.0016545344791829564,0.010384917140431327,-9.774951472966072e-05,6.75320204863811e-05,0.00010585069454658668,38.799929614640526,18.671813731009024,62.44828427422572,-43.776470543216696,-0.00010734489970280558,-0.00013529818914695228,2.7953289444146705e-05,0.0048620309674284965,100.11428571428509,0.0012362856179655086,121.02725000000001,0.0,8,10,1,0.5,0.0,0.0,0.0,0.0,0.0,0.0,0.0,0.0,0.0,0.0,0,0,high
2026-05-13 08:05:00,81025.1,81028.6,80951.0,80959.9,40.343,3266901.2148,-0.0002470053699177299,-0.0006124613853035754,-0.00014944553880269495,-0.0018177661050255978,-0.0008050128533020222,0.0009581454199994828,-0.7177654280423913,0.3371267720506422,0.7960195759847366,0.0002701324415870232,81046.2004355672,80851.89670692466,80154.94500436985,-0.001063661401769167,0.0013523318892936231,0.01003703702652814,-0.00011196435808090541,5.519722086269046e-05,0.00010233968893002632,29.580700746698284,10.06119612864859,51.97086664511029,-41.9096705164617,-0.00010646772534477453,-0.00012953209638651673,2.3064371041742207e-05,0.005093581081632317,98.03571428571429,0.0012109169389502,119.66714999999999,0.0,8,5,1,0.5,0.0,0.0,0.0,0.0,0.0,0.0,0.0,0.0,0.0,0.0,0,1,high
2026-05-13 08:00:00,80981.1,81039.0,80981.1,81025.1,103.136,8355779.177,0.000805012853302145,0.0003320510105311314,0.0003160013999483624,-0.0018261602144740152,0.0005431891011808119,0.0007147261662567136,0.9386306079990363,0.8404898076267995,0.7969595255431141,0.0005777471251917632,81044.19087027508,80858.68899292761,80163.60326303284,-0.00023401535337441715,0.0020727429879840997,0.010734168786498799,-2.463319509204348e-05,8.460175546815926e-05,0.0001093314617098484,34.415121255351835,8.401467851828784,43.256986886453994,-34.85551903462521,-2.0645491441657317e-05,-0.00010775477539754486,8.710928395588754e-05,0.005069071775402679,98.67142857142919,0.001217788420766271,122.7094,0.0,8,0,1,0.5,0.0,0.0,0.0,0.0,0.0,0.0,0.0,0.0,0.0,0.0,0,0,high
2026-05-13 07:55:00,80920.1,80996.6,80914.8,80981.1,84.463,6837512.9937,-0.0005431891011813406,1.481838220307452e-05,-0.00035063763318277097,-0.0026982215271313947,0.0007535460254338103,0.0010104292466077283,-0.1997349369853687,0.7135392774805506,0.7961415714906757,-0.00034618011391884806,81038.18221596317,80863.4894245775,80171.73755892307,-0.0007031849826937275,0.0014695713814365519,0.010089576902378994,-7.401947186245273e-05,5.9982506187786723e-05,0.00010283871979053309,26.75204553539885,3.4953962064464577,35.304668750452485,-31.809272544006028,-6.071944710095573e-05,-9.834770973822705e-05,3.762826263727132e-05,0.004915721381889343,100.89285714285714,0.0012458815346155724,118.37190000000001,0.0,7,55,1,0.5,0.0,0.0,0.0,0.0,0.0,0.0,0.0,0.0,0.0,0.0,0,0,high
2026-05-13 07:50:00,80920.0,80930.0,80900.0,80920.1,40.734,3296056.7764,-0.0007535460254342041,-0.0004917222733133997,-0.0009646841160844133,-0.00397626116970784,1.2357876695545312e-06,0.000370759443164592,-0.729250444100094,0.40074395487473924,0.7955332610200507,-0.0007903010019525425,81026.93629063336,80865.70944714309,80179.1839513716,-0.0013179947216386267,0.0006879459302755464,0.009243135047322326,-0.0001387362864883338,2.8079426516336108e-05,9.431747854451581e-05,19.714722363731184,-5.254322560809669,27.192870488200057,-32.44719304900973,-0.00010820507073908513,-0.00010031918193839867,-7.885888800686461e-06,0.0050657416840332375,93.77142857142982,0.0011588150357133742,101.64595,0.0,7,50,1,0.5,0.0,0.0,0.0,0.0,0.0,0.0,0.0,0.0,0.0,0.0,0,0,high
2026-05-13 07:45:00,80928.4,80943.3,80920.0,80920.0,39.299,3180582.2933,-1.2357876695290315e-06,-0.0012979709142850737,-0.0007399634309006586,-0.004399600676865845,-0.00010380084087993415,0.0002878972585006771,-0.03586405128870718,0.3896068489273395,0.7958608017910418,-0.00029580474309653937,81016.75188200161,80867.83848843159,80186.55525533805,-0.0011935895084231873,0.00065978033309122,0.009149940063037931,-0.00012564100088654286,2.6929810273753163e-05,9.336669977621686e-05,24.733702599064983,-12.05761421538773,19.3427735474825,-31.40038776287023,-8.416244840323994e-05,-9.708783523136694e-05,1.2925386828127e-05,0.005290466681508374,84.88571428571595,0.00104900783842951,100.86834999999999,0.0,7,45,1,0.5,0.0,0.0,0.0,0.0,0.0,0.0,0.0,0.0,0.0,0.0,0,0,high
2026-05-13 07:40:00,80877.1,80933.0,80877.1,80928.4,45.985,3720937.9157,0.00010380084088090769,-0.0006509809722228255,-0.00038915722010202103,-0.002823201468485692,0.0006340946595618028,0.0006909334117440508,0.15711618309580322,0.4604603401809098,0.7960641919177078,4.46159329712259e-05,81008.33741704907,80870.21344966958,80193.93679508593,-0.000985999270632476,0.0007336368142087935,0.009161663879998727,-0.00010378939690869042,2.9944360493641577e-05,9.347052207576603e-05,27.50773309765907,-16.580334295576904,12.15815197887062,-28.738486274447524,-5.598752949901598e-05,-8.886777408489676e-05,3.2880244585880775e-05,0.005465653116500609,83.70714285714452,0.0010343358185401481,99.86744999999999,0.0,7,40,1,0.5,0.0,0.0,0.0,0.0,0.0,0.0,0.0,0.0,0.0,0.0,0,0,high
2026-05-13 07:35:00,80894.6,80944.0,80865.0,80877.1,184.718,14944624.255,-0.000634094659561768,-0.0005315296063503894,-0.001828264732965934,-0.0031467394156781126,-0.00021635428283515917,0.0009764599778384426,1.3905150814350433,1.7918303601742185,0.7954386836574923,-0.0015208418856218486,80995.83861542535,80870.48351046685,80200.73443891593,-0.0014657992701767597,9.563854074023936e-05,0.008442717785406728,-0.00015429466001850732,3.90361460911571e-06,8.623106753210897e-05,26.399491094149525,-24.02713396756735,4.921094789583027,-28.94822875715038,-9.213858703672899e-05,-8.95219366752632e-05,-2.616650361465789e-06,0.005615697053286094,84.97142857143002,0.0010506240774141261,103.08899999999998,0.0,7,35,1,0.5,0.0,0.0,0.0,0.0,0.0,0.0,0.0,0.0,0.0,0.0,0,1,high
2026-05-13 07:30:00,80879.0,80903.6,80850.0,80894.6,101.324,8194624.4896,0.00021635428283417468,-0.00031393953584668566,-0.0010687213489504188,-0.002532189213958702,0.0001928621239604692,0.0006627364332152025,-0.6005070345567001,0.9674399419864486,0.7959257135858504,-0.00021585790482525624,80986.1968425277,80871.42925515442,80207.63857385208,-0.0011304502266433758,0.00029975781088431575,0.008572912147164047,-0.00011899476069920426,1.2235013363039591e-05,8.752582589332357e-05,27.03384486020657,-28.19169628644886,-1.7014634256233503,-26.490232860825508,-5.1569971901793834e-05,-8.193154372056934e-05,3.0361571818775506e-05,0.005508459195709318,78.87142857143044,0.0009749900311198824,104.73415,0.0,7,30,1,0.5,0.0,0.0,0.0,0.0,0.0,0.0,0.0,0.0,0.0,0.0,0,1,high
2026-05-13 07:25:00,80886.4,80915.5,80878.9,80879.0,40.575,3282476.1703,-0.00019286212395996927,-0.0006106025006875626,-0.000508037447476184,-0.0028902664138019674,-9.149051657718765e-05,0.0004524260496568763,-0.9151711898323494,0.40667396324449157,0.7957342912291079,0.0002010302090571514,80975.98761942983,80871.72614710916,80214.31878704758,-0.0011972826029271744,0.0001027036992020669,0.008296666440884337,-0.00012602974767641999,4.19198836998042e-06,8.473589604403707e-05,34.18394471026099,-32.37770156435727,-7.836711053370134,-24.540990510987132,-5.184179623376446e-05,-7.591359422320836e-05,2.40717979894439e-05,0.005109029495467498,70.84285714285943,0.0008759116351940482,99.77279999999999,0.0,7,25,1,0.5,0.0,0.0,0.0,0.0,0.0,0.0,0.0,0.0,0.0,0.0,0,1,high
2026-05-13 07:20:00,80920.0,80937.0,80861.3,80886.4,146.983,11889683.0678,9.149051657608709e-05,0.0001149826754502925,-0.00041531114323056784,-0.00137876185326391,-0.00041531114322992507,0.0009357330147913213,1.2871648204320336,1.6653985890063052,0.7959250202922519,6.421850121007822e-05,80967.4554651984,80872.30159232057,80221.00616230084,-0.0010004785543173966,0.00018657875633643073,0.008304692709126371,-0.00010531353203332408,7.615460064337544e-06,8.480310619858485e-05,38.03131991051392,-34.69804528278473,-13.208977899253053,-21.48906738353168,-2.878057279030945e-05,-6.648698993662859e-05,3.7706417146319136e-05,0.004190885120382252,69.45000000000229,0.0008586115836531518,88.25694999999999,0.0,7,20,1,0.5,0.0,0.0,0.0,0.0,0.0,0.0,0.0,0.0,0.0,0.0,0,1,high
2026-05-13 07:15:00,80971.1,81019.2,80920.0,80920.0,56.963,4612597.0289,0.00041531114323056784,0.00031393953584668566,-0.00010380084088090769,-0.0006424035997856237,-0.0006312885846974979,0.0012251513210912268,-0.9479149995765814,0.6373404075586202,0.7963435408393362,0.0002793489216283973,80962.93589708427,80874.17211811192,80227.96132486501,-0.0005294371814610344,0.0005782863740932953,0.008633237644870562,-5.573022962723914e-05,2.360352607085638e-05,8.80917433829827e-05,39.0706626340394,-33.440217195719015,-17.255225758546246,-16.18499143717277,1.5447165911789776e-05,-5.0100158766944915e-05,6.554732467873469e-05,0.00374639613049406,70.75000000000207,0.0008743203163618645,89.37610000000001,0.0,7,15,1,0.5,0.0,0.0,0.0,0.0,0.0,0.0,0.0,0.0,0.0,0.0,0,1,high
2026-05-13 07:10:00,80974.7,80977.9,80956.7,80971.1,43.347,3509558.3094,0.0006312885846977423,0.0011380902445043972,0.0011615824033786026,-0.000350680929638969,-4.4459319112784404e-05,0.0002618340999528711,-0.273164437576523,0.5053729467438789,0.7968217666926982,0.0013830830352059564,80963.71343069531,80877.97321151929,80235.35573954297,9.215126959460918e-05,0.0011621406466808537,0.00917234188897531,9.700133641806706e-06,4.7434312683675434e-05,9.349668707765694e-05,45.25691699604835,-27.997300977120176,-19.403640802261034,-8.593660174859142,6.715146175370151e-05,-2.664983466281563e-05,9.380129641651714e-05,0.0032702308962961157,72.17142857143024,0.0008913233063578269,85.7723,0.0,7,10,1,0.5,0.0,0.0,0.0,0.0,0.0,0.0,0.0,0.0,0.0,0.0,0,1,high
2026-05-13 07:05:00,80966.9,80980.2,80950.0,80974.7,33.979,2751001.888,4.4459319113343554e-05,0.0010910590470416537,0.0009896874396577715,-0.0004296715424754183,9.633102311008726e-05,0.00037300022293719167,-0.2434948099447687,0.4089598297675673,0.7965738967172715,0.0006481831314211206,80964.7597706291,80881.7664189107,80242.712398851,0.00012360005645106753,0.001159282320076116,0.009125091743330316,1.3010532258143548e-05,4.7317646269152615e-05,9.300875306806178e-05,47.041047595064256,-23.126670880170423,-20.148246817842914,-2.978424062327509,6.008267563731333e-05,-9.30333260278984e-06,6.938600824010317e-05,0.0028860381772171976,69.03571428571533,0.0008525590620985979,83.0864,0.0,7,5,1,0.5,0.0,0.0,0.0,0.0,0.0,0.0,0.0,0.0,0.0,0.0,0,0,high
2026-05-13 07:00:00,80948.0,80995.5,80942.4,80966.9,78.296,6339676.6751,-9.633102311035202e-05,0.0005794168807007338,0.0010862185405073888,-0.0003865030230532085,0.00023345597083210794,0.0006558069717233746,0.8347538293887031,1.0097192050537547,0.7963643369403304,0.0006300457112224933,80964.96360199775,80885.10499071813,80249.9182456286,2.467198254585412e-05,0.0010212669323781398,0.008938922305091523,2.597050794477303e-06,4.168436511701518e-05,9.112477519563977e-05,48.31867563372998,-19.66932056628866,-20.052461567532067,0.38314100124340555,4.262861162928063e-05,1.0830562436242544e-06,4.154555538565637e-05,0.0022807911960659533,67.58571428571615,0.0008347326411869067,77.54235,0.0,7,0,1,0.5,0.0,0.0,0.0,0.0,0.0,0.0,0.0,0.0,0.0,0.0,0,1,high
2026-05-13 06:55:00,80965.4,80965.4,80931.8,80948.0,28.14,2277719.3544,-0.00023345597083235248,-0.00028532767482936094,0.0007612720530989492,-0.0003940025210322773,-0.0002149297101657167,0.00041507821608280127,-1.0233044644372753,0.36967216883534876,0.7961108824000132,0.00018586210776128098,80963.3480208551,80887.57146167036,80256.86433273678,-0.00018889979892477982,0.0007569164140353024,0.008618844778695234,-1.9884189360458864e-05,3.089454802096154e-05,8.789511603118214e-05,48.45654993514991,-18.244110826723045,-19.690791419370264,1.446680592647219,1.752923674340562e-05,4.372292343580528e-06,1.315694439982509e-05,0.002220409060327288,64.55000000000084,0.00079742550773337,76.1215,0.0,6,55,1,0.5,0.0,0.0,0.0,0.0,0.0,0.0,0.0,0.0,0.0,0.0,0,1,high
2026-05-13 06:50:00,81005.0,81005.1,80941.6,80965.4,97.513,7895528.757,0.000214929710166345,-0.00011485728377635951,0.0005608906200347263,6.793255905179763e-05,-0.0004889782428027996,0.0007842086717948441,1.2427936507627932,1.3183222361172138,0.7963917839651273,4.8243125791103125e-05,80963.54344744033,80890.6235612127,80263.9144388787,2.3550872075617235e-05,0.000933734511487927,0.008745876235241923,2.4790391659034047e-06,3.811161320313344e-05,8.915914184347233e-05,41.160793603788164,-15.531549226478091,-18.85894298079183,3.3273937543137393,3.343337927153748e-05,1.018450972917192e-05,2.324886954236556e-05,0.002213420694556291,63.4357142857147,0.0007834916431675099,73.9675,0.0,6,50,1,0.5,0.0,0.0,0.0,0.0,0.0,0.0,0.0,0.0,0.0,0.0,0,1,high
2026-05-13 06:45:00,81029.5,81029.6,81005.0,81005.0,20.73,1679483.7356,0.0004889782428030287,0.0004704519821370212,0.00041858027814001275,-0.00024810205144731867,-0.00030240473709872406,0.0003036388547755468,-1.548403776001348,0.2916801508350804,0.7967996906050594,-2.2076087638822628e-05,80967.49169054125,80895.10891175338,80271.2884245615,0.00046371681822243715,0.001366920097259694,0.009142965378760692,4.881229665515343e-05,5.579265750116855e-05,9.313744135550772e-05,53.585358535852826,-10.070350830545067,-17.10122455074248,7.0308737201974125,6.737430403500545e-05,2.1622468590338628e-05,4.575183544466682e-05,0.0022299140436258923,60.14285714285818,0.0007424585783946446,71.071,0.0,6,45,1,0.5,0.0,0.0,0.0,0.0,0.0,0.0,0.0,0.0,0.0,0.0,0,1,high
2026-05-13 06:40:00,81029.7,81029.7,80994.0,81029.5,162.202,13139491.4957,0.0003024047370985272,0.001006312690067901,0.0006765256961251964,0.0005974917868325491,-2.4682338305114335e-06,0.000440676278565826,2.0572605456138318,2.1594757145187002,0.7968760978314116,0.0003022011141400327,80973.39724382304,80900.37915050816,80278.83281834696,0.0006931575976700799,0.0016038611153632587,0.00935138633361099,7.296395764976046e-05,6.546371944616301e-05,9.5219703004692e-05,68.42991913746604,-3.722456351330038,-14.42547091085999,10.703014559529953,7.83150417389588e-05,3.296098322006267e-05,4.5354058518896136e-05,0.002307464348739893,56.90000000000042,0.0007022133914191797,75.11175,0.0,6,40,1,0.5,0.0,0.0,0.0,0.0,0.0,0.0,0.0,0.0,0.0,0.0,0,1,high
2026-05-13 06:35:00,81019.9,81063.0,81019.9,81029.7,21.693,1758038.2954,2.4682338306547535e-06,0.0007938512137322107,0.0007753249530662032,0.001353506046097408,0.00012095062267286679,0.000531826627187405,-2.011852844200596,0.2985713499229245,0.7966776524745143,0.0003133155341839,80978.75941107799,80905.45055637059,80286.30413358728,0.0006293757523110344,0.0015433360413830144,0.009260781387665062,6.625007919079801e-05,6.299330824555484e-05,9.429680281390557e-05,68.47423374873773,1.309340820138459,-11.278508564660301,12.58784938479876,6.206780700998703e-05,3.878234797804754e-05,2.3285459031939492e-05,0.0024131322374706414,58.314285714286335,0.0007196655758849698,72.65599999999999,0.0,6,35,1,0.5,0.0,0.0,0.0,0.0,0.0,0.0,0.0,0.0,0.0,0.0,0,1,high
2026-05-13 06:30:00,81072.4,81086.3,81019.9,81019.9,28.478,2308401.6557,-0.00012095062267292178,0.0001839223482562602,0.0008878303012256339,0.0012337912110940152,-0.0006477790966730693,0.0008192160906060928,0.27214223149787875,0.40714818275203174,0.7964707158132569,0.0003598334132437486,80982.6775624039,80909.93876984625,80293.60359494462,0.00046000368871901287,0.0013666055983687642,0.009048887175289622,4.842144091806279e-05,5.577982075855576e-05,9.215503738617594e-05,65.33690915186114,4.454944406694267,-8.131817970389388,12.586762377083655,3.8785787748997484e-05,3.878303593223753e-05,2.751816759954484e-09,0.002508738256423759,59.06428571428738,0.0007290096101610515,69.94505000000001,0.0,6,30,1,0.5,0.0,0.0,0.0,0.0,0.0,0.0,0.0,0.0,0.0,0.0,0,1,high
2026-05-13 06:25:00,81038.3,81082.0,81000.0,81072.4,163.45,13246385.8411,0.0006477790966723518,0.0005292967078300848,0.0013206796877316407,0.0017777694668854593,0.00042070018207225607,0.0010118336026951006,1.7473752738114166,2.1478205107988915,0.797111508342498,0.0007197243773706674,80991.22255646066,80916.30979847974,80301.35281290539,0.0010022796629733932,0.0019353892168041398,0.0096001820304501,0.00010550312241847126,7.899547863752816e-05,9.768363499101351e-05,82.60434056761075,11.056714231977821,-4.294111529915947,15.350825761893768,8.142605468318423e-05,4.731163968242687e-05,3.411441500075736e-05,0.002824269467467534,59.278571428573095,0.0007311806660290444,76.10040000000001,0.0,6,25,1,0.5,0.0,0.0,0.0,0.0,0.0,0.0,0.0,0.0,0.0,0.0,0,0,high
2026-05-13 06:20:00,81124.5,81124.5,81008.0,81038.3,51.413,4166969.9995,-0.0004207001820724088,0.00010612829192702122,0.0004110012628562032,0.0019911639443748186,-0.0010631292518249022,0.001437096449510121,-1.1566160743996008,0.699361008239899,0.7964048724407231,-0.0003948181643362858,80995.70612251203,80921.09372795113,80308.68562073719,0.0005261909589115987,0.0014552894647419379,0.009088143720532571,5.53885219907684e-05,5.939957037439338e-05,9.252558706003418e-05,72.7301486871245,13.382810656548827,-0.7587270926229923,14.14153774917182,2.867092472111961e-05,4.3583496690165416e-05,-1.4912571969045805e-05,0.0028663548220578543,63.771428571429816,0.000786929495947346,73.51425,0.0,6,20,1,0.5,0.0,0.0,0.0,0.0,0.0,0.0,0.0,0.0,0.0,0.0,0,1,high
2026-05-13 06:15:00,81067.3,81124.5,81045.3,81124.5,76.406,6194529.4248,0.0010631292518255009,0.001290208166425444,0.0011717257775831769,0.002837938913366145,0.0007053377836785129,0.0009767540725425907,0.39617016834963437,1.0450627398736723,0.7975329064937497,0.000656808662338193,81007.97220608231,80929.07044450207,80316.80317674976,0.0014379563811424134,0.0024196571982706416,0.010050265281090986,0.00015136382959407625,9.876151866659367e-05,0.00010218333496814828,81.74295319369163,21.929093488841318,3.7788370236698703,18.15025646517145,0.00010537998372593224,5.5942794097318786e-05,4.943718962861345e-05,0.0033838329659811126,67.31428571428634,0.0008297651845532033,73.1114,0.0,6,15,1,0.5,0.0,0.0,0.0,0.0,0.0,0.0,0.0,0.0,0.0,0.0,0,0,high
2026-05-13 06:10:00,81041.4,81067.3,81033.1,81067.3,48.599,3939135.3931,-0.000705337783678317,-6.29087139252249e-05,0.0004639197600742051,0.002325463253647797,0.00031953868262954205,0.00042196071703030447,-0.45245827255718396,0.6611690552910597,0.7963879537310916,-0.00028969874342266166,81013.62247216972,80934.49121138435,80324.27080683185,0.0006628453977040039,0.0016470912022548134,0.009251943144203523,6.977319975861022e-05,6.722821269228345e-05,9.41482989617158e-05,70.72164948453778,23.81203196440765,7.785476011817426,16.026555952590225,2.3204468903461656e-05,4.939512905854736e-05,-2.6190660155085706e-05,0.0035014280503929325,68.4357142857147,0.000844183959324101,73.50465,0.0,6,10,1,0.5,0.0,0.0,0.0,0.0,0.0,0.0,0.0,0.0,0.0,0.0,0,0,high
2026-05-13 06:05:00,80998.9,81062.0,80998.9,81041.4,72.684,5889400.523,-0.0003195386826302382,3.8252785516945664e-05,0.00026533170011688867,0.0019144340544414717,0.0005245608774426785,0.0007787196441420828,0.4025183232237408,0.9668781319048234,0.7962017001747306,-0.0002690156385263265,81016.2679510107,80938.6837128987,80331.40642069421,0.0003106108374471006,0.0012754916365018687,0.008843524815189241,3.2695877626338937e-05,5.2060883463949275e-05,9.003201058766651e-05,64.15578358208926,22.94980960804969,10.81834273106388,12.131466876985812,-1.0666498681857563e-05,3.7382803510466376e-05,-4.804930219232394e-05,0.0035089708889785663,63.83571428571512,0.0007876926396349906,75.17389999999999,0.0,6,5,1,0.5,0.0,0.0,0.0,0.0,0.0,0.0,0.0,0.0,0.0,0.0,0,0,high
2026-05-13 06:00:00,80994.4,81004.8,80962.2,80998.9,57.031,4618666.2234,-0.0005245608774426813,-0.0015494373437512365,-0.0009070082739981444,0.0009745620337682226,5.5557853332985426e-05,0.0005260330929427789,-0.24252629814119686,0.753121112640011,0.7958001411762687,-0.0013113671662292603,81014.61386043824,80941.04513592228,80338.0481478515,-0.00019357384570994896,0.000721482493997172,0.008236188177169979,-2.037619428499632e-05,2.9448265389179454e-05,8.391665846796155e-05,53.307948595905465,18.62242958972638,12.37916010279638,6.24326948693,-5.343707288693951e-05,1.92188282309852e-05,-7.26559011179247e-05,0.0034565956200049855,65.3571428571439,0.0008068892646337654,75.72619999999999,0.0,6,0,1,0.5,0.0,0.0,0.0,0.0,0.0,0.0,0.0,0.0,0.0,0.0,0,1,high
2026-05-13 05:55:00,81005.8,81005.9,80963.1,80994.4,112.921,9143972.5398,-5.555785333299923e-05,-0.0008996574134059188,-0.0005418659452587349,0.00028771559573748107,-0.00014074056721934388,0.0005284962060171387,0.6830934795275967,1.5653827785852765,0.7959731999136448,-0.0004316725270783195,81012.6887308727,80943.13748353317,80344.57901205198,-0.00022540487056232905,0.000639809948873804,0.008099231017132169,-2.3726828480044215e-05,2.611469210595676e-05,8.25288523803898e-05,52.339111849916584,14.660836360679241,12.835495354372952,1.8253410063062887,-4.892446587776195e-05,5.590169409235769e-06,-5.451463528699772e-05,0.003218619968734398,66.25714285714328,0.0008180459742543099,72.13635,0.0,5,55,1,0.5,0.0,0.0,0.0,0.0,0.0,0.0,0.0,0.0,0.0,0.0,0,1,high
2026-05-13 05:50:00,81035.5,81060.0,81004.1,81005.8,58.075,4706284.8165,0.00014074056722002126,-0.0004393781635556593,-0.0014642546298642145,0.0003839968438441588,-0.00036657321723012167,0.0006898505247845567,-0.6649531805167372,0.8299523107901661,0.796197795500067,-0.0013351109936827754,81012.03266126578,80945.5948371201,80351.1583253649,-7.660103635664939e-05,0.0007499406919322382,0.00815798181734273,-8.063266984799886e-06,3.060982446337105e-05,8.310807342357022e-05,54.579703319991644,12.299350652901921,12.728266414078746,-0.4289157611768246,-2.917227053155268e-05,-1.3623185789219216e-06,-2.7809951952630758e-05,0.0030171909668949733,67.15000000000042,0.0008289529885514422,69.9739,0.0,5,50,1,0.5,0.0,0.0,0.0,0.0,0.0,0.0,0.0,0.0,0.0,0.0,0,1,high
2026-05-13 05:45:00,80994.7,81042.2,80970.0,81035.5,92.131,7462636.2282,0.0003665732172297709,0.0004517559311167929,-0.0003923436289561266,0.0008469010841842817,0.0005036098315291386,0.0008912909617872839,0.461476198633183,1.269866867351144,0.7965400106970559,0.00015205696596432006,81014.26764590714,80949.12052978206,80357.96769526176,0.0002623557826950673,0.0010727290499783493,0.008439733591441012,2.7616398178492563e-05,4.3784859473818104e-05,8.592862211815928e-05,60.0459242250287,12.678251016855938,12.718263334634184,-0.04001231777824543,4.650683891828376e-06,-1.5971808477186226e-07,4.810401976600238e-06,0.0027112028438272782,69.80000000000084,0.0008613508894250154,72.55170000000001,0.0,5,45,1,0.5,0.0,0.0,0.0,0.0,0.0,0.0,0.0,0.0,0.0,0.0,0,0,high
2026-05-13 05:40:00,81022.7,81031.2,80980.9,80994.7,114.223,9252597.7781,-0.0005036098315294169,3.7039529203752863e-06,-0.0005764147778553053,0.0005767472234872173,-0.0003456418912877078,0.0006209412953252688,0.21494120070457345,1.6107324818758575,0.7958871333833191,-0.000314566791411508,81012.40406058264,80950.90795998668,80364.30334008503,-0.00021827747275438014,0.0005468008177249573,0.007857157354340671,-2.2976576079403573e-05,2.231840100310301e-05,8.006256785300928e-05,53.19241664850756,9.57592792858486,12.089796253424321,-2.5138683248394607,-3.8319161220407484e-05,-7.791606711898986e-06,-3.05275545085085e-05,0.0023430524768120347,69.16428571428696,0.0008539359453678693,70.9137,0.0,5,40,1,0.5,0.0,0.0,0.0,0.0,0.0,0.0,0.0,0.0,0.0,0.0,0,1,high
2026-05-13 05:35:00,81027.0,81043.3,81011.0,81022.7,80.698,6539013.7624,0.00034564189128794,0.000208605276988294,0.00029378799087531604,0.0007074594046088123,-5.307013837129101e-05,0.00039863182189832434,-0.34743888617289276,1.1192440546487574,0.7963870209570381,0.0005868797807693227,81013.38462624143,80953.72333410486,80370.85455063144,0.00011523447391148522,0.0008574449557183783,0.008121179352636787,1.2129944622248195e-05,3.4997753563292696e-05,8.270514818569516e-05,51.97853789403051,9.269823766226182,11.525801755984695,-2.255977989758513,-3.8017325084337886e-06,-6.993631871205947e-06,3.1918993627721585e-06,0.00209726193886185,68.05000000000084,0.0008398880807477514,72.10045,0.0,5,35,1,0.5,0.0,0.0,0.0,0.0,0.0,0.0,0.0,0.0,0.0,0.0,0,1,high
2026-05-13 05:30:00,81090.1,81104.2,81008.2,81027.0,273.74,22184402.4743,5.3070138370969744e-05,-0.00010489780187050712,0.000402415982579285,0.00027155130017675333,-0.0007784496908281059,0.0011843635801054464,1.2214649589617839,3.2736148366242084,0.7963339775477252,0.0003607776340803781,81014.68132850416,80956.59692884584,80377.38336107292,0.00015227560158947995,0.0008748086198107075,0.00809291367517595,1.6029010693555008e-05,3.570647453614278e-05,8.241027246614567e-05,49.70732849449778,9.26737949353992,11.07411730349574,-1.8067378099558198,-5.3895630509766506e-08,-5.605684623066711e-06,5.551788992556944e-06,0.0020359302484566294,72.3571428571439,0.0008930003931670172,83.62010000000001,0.0,5,30,1,0.5,0.0,0.0,0.0,0.0,0.0,0.0,0.0,0.0,0.0,0.0,0,1,high
2026-05-13 05:25:00,81114.3,81114.4,81080.3,81090.1,48.542,3936516.4636,0.000778449690828964,0.0011771617204878737,0.0010401251061882277,0.0007475962539071901,-0.000298388948506315,0.0004204823030888742,-1.7297493482020525,0.5754950458367541,0.7970605886999795,0.0008627931999125593,81021.86405912282,80961.8323434009,80384.47506892294,0.000842084788379438,0.0015884246513984124,0.008783091093706119,8.864050403978443e-05,6.483365948880244e-05,8.933603782298963e-05,56.16326530612316,14.193471536375,11.697988150071593,2.495483386303407,6.074809352269532e-05,7.665071006085697e-06,5.308302251660962e-05,0.002117161163110565,75.52142857142879,0.0009313273577345296,84.34825000000001,0.0,5,25,1,0.5,0.0,0.0,0.0,0.0,0.0,0.0,0.0,0.0,0.0,0.0,0,1,high
2026-05-13 05:20:00,81068.7,81114.3,81058.9,81114.3,48.061,3897283.3044,0.0002983889485062008,0.0011299087777061345,0.0009719408374646576,0.0010435169685827361,0.00056232775570337,0.0006832201887245205,-0.00995836516503612,0.5801910993342306,0.7970220873785152,0.00048207668145927585,81030.6674820635,80967.81146718911,80391.73700853565,0.0010318571905152396,0.0018128209097127979,0.008991117056718068,0.00010861654636991932,7.39926904306612e-05,9.14161662874992e-05,59.357652656622435,19.82168072623608,13.322726665304492,6.49895406093159,6.939724981330287e-05,2.0011506767529133e-05,4.9385743045773736e-05,0.002230418640462921,74.7357142857145,0.0009213629937719303,82.8365,0.0,5,20,1,0.5,0.0,0.0,0.0,0.0,0.0,0.0,0.0,0.0,0.0,0.0,0,0,high
2026-05-13 05:15:00,81124.4,81124.4,81059.7,81068.7,129.217,10477766.9144,-0.000562327755703862,0.0005145108836313028,0.0009132229132902125,0.000602139835551796,-0.0006868356568766001,0.0007978587720030702,0.9890221242240878,1.47020691122518,0.7962282795731319,0.0003411461898128465,81034.28962662887,80971.76788024053,80398.47295869948,0.000424812345780623,0.001201454206791297,0.00834492075075488,4.471708902955921e-05,4.9038947444993635e-05,8.491125164081898e-05,49.628140703517886,20.367751393758226,14.73173161099524,5.636019782762986,6.721640875360124e-06,1.735353358909533e-05,-1.0631892713735207e-05,0.0020425606088980974,73.5,0.0009066384436903516,87.89035,0.0,5,15,1,0.5,0.0,0.0,0.0,0.0,0.0,0.0,0.0,0.0,0.0,0.0,0,1,high
2026-05-13 05:10:00,81128.5,81159.4,81124.4,81124.4,29.318,2378810.3745,0.000686835656876994,0.00042289684967933283,0.0012544166788792666,0.0006411963957564382,-5.053838792258056e-05,0.00043134312288309177,-1.48329149977228,0.3470382549366363,0.7970386195149537,0.0006515985579156336,81042.87156694994,80977.75345356444,80405.69611333929,0.0010057767643090187,0.001814239280779617,0.008941888184669011,0.00010587123834836253,7.405058310899365e-05,9.090054920535804e-05,58.2931997688295,25.006778254159144,16.78674093962802,8.220037314531123,5.718858255863158e-05,2.5320543383002583e-05,3.1868039175628996e-05,0.0020784718349456596,71.65714285714265,0.0008832995110859698,84.48060000000001,0.0,5,10,1,0.5,0.0,0.0,0.0,0.0,0.0,0.0,0.0,0.0,0.0,0.0,0,1,high
2026-05-13 05:05:00,81184.1,81195.4,81124.4,81128.5,42.501,3449060.5832,5.0538387922571815e-05,0.00017504628909570386,0.0012518849284308686,0.0011124349657514188,-0.0006850977949302973,0.0008748163135740889,0.37132594319748424,0.49668601359251546,0.7968162584050997,0.00048228085737456183,81051.02665581185,80983.66508283642,80412.88819181353,0.0009557137091622536,0.001791649132675488,0.008902949691272255,0.0001006014430697158,7.312853623893789e-05,9.04989356602557e-05,50.45766590389013,28.683431455268874,19.166079042756195,9.517352412512679,4.5317730997210774e-05,2.9319980905844223e-05,1.599775009136655e-05,0.0022143081020393946,70.57142857142857,0.0008698722221097218,85.56915000000001,0.0,5,5,1,0.5,0.0,0.0,0.0,0.0,0.0,0.0,0.0,0.0,0.0,0.0,0,1,high
2026-05-13 05:00:00,81199.2,81208.7,81142.0,81184.1,44.384,3602363.5493,0.0006850977949302006,0.0014224718397297664,0.0011585330325321053,0.0007344035088561185,-0.00018597971643034104,0.0008216780556255705,0.043351439067097264,0.5570403466441595,0.7973857530751971,0.00032516437521756814,81063.70030763929,80991.52527566637,80420.56194114871,0.0014845437417978502,0.0023796195971108602,0.009492644028627595,0.00015626776229452386,9.712733069741878e-05,9.641534222015565e-05,63.412953605878826,35.672451126156375,22.467353459436232,13.205097666720143,8.61208885266525e-05,4.0680162430005884e-05,4.544072609664662e-05,0.002635233095992997,69.77142857142879,0.0008594223323462203,79.67825,0.0,5,0,1,0.5,0.0,0.0,0.0,0.0,0.0,0.0,0.0,0.0,0.0,0.0,0,0,high
2026-05-13 04:55:00,81187.5,81217.3,81173.7,81199.2,40.955,3325127.2264,0.00018597971643075084,0.0009216158992835233,0.0010461238004566553,0.0016257210089651863,0.00014410047153182637,0.0005369755842090368,-0.08040514116485564,0.5078660017472425,0.7972317721518891,0.00020968477337390823,81076.60504024506,80999.669382503,80428.30958352535,0.0015114259860169454,0.002464987575754307,0.009582319031176567,0.00015909747221225977,0.00010061173798107886,9.730653002324615e-05,68.58219500706493,41.94621353353432,26.363125474255853,15.583088059278467,7.729205253948802e-05,4.800254045190231e-05,2.928951208758571e-05,0.0030268682232549708,68.0,0.0008374466743514715,80.64135,0.0,4,55,1,0.5,0.0,0.0,0.0,0.0,0.0,0.0,0.0,0.0,0.0,0.0,0,0,high
2026-05-13 04:50:00,81201.3,81202.0,81149.5,81187.5,18.539,1504867.0907,-0.00014410047153212702,0.0007269770398288244,0.0014643510846283903,0.0018011592200632975,-0.00016996246087448155,0.0006467448940105097,-0.7925972817171099,0.23131996745873704,0.796883030470676,0.0006547508975440763,81087.16646498363,81007.0352890715,80435.86371702261,0.0012371040369156816,0.002229871923663751,0.009344305937158737,0.0001302214775699372,9.101518074526687e-05,9.490447030627728e-05,73.94616556627697,45.45020159021078,30.18054069744684,15.269660892763941,4.316286915034625e-05,4.70346061915911e-05,-3.871737041244853e-06,0.0032450136260791513,66.09285714285735,0.0008140767623446634,80.14439999999999,0.0,4,50,1,0.5,0.0,0.0,0.0,0.0,0.0,0.0,0.0,0.0,0.0,0.0,0,0,high
2026-05-13 04:45:00,81150.7,81208.1,81134.6,81201.3,40.333,3273746.8131,0.00016996246087330746,0.0002118417057719313,0.0009474778886247037,0.0024956825583792863,0.000623336967063904,0.0009054919626441552,0.7772933711812153,0.5451248875670627,0.7970059828807354,-3.2636634218263794e-05,81098.03632546138,81014.65351302948,80443.47999844528,0.0012730601646655515,0.002305723232201018,0.009419599060738193,0.00013400633312263914,9.411115251499394e-05,9.565131598356117e-05,75.66360704539795,48.77839506379678,33.90011157071683,14.878283493079948,4.098504920372744e-05,4.5824694794018374e-05,-4.839645590290935e-06,0.003525886676388319,68.28571428571533,0.0008409436091012745,73.98855,0.0,4,45,1,0.5,0.0,0.0,0.0,0.0,0.0,0.0,0.0,0.0,0.0,0.0,0,0,high
2026-05-13 04:40:00,81178.3,81199.3,81148.1,81150.7,53.869,4372564.4848,-0.0006233369670631816,-0.0005974749777220012,0.00027360253363895026,0.001927903444649104,-0.0003400501483525559,0.0006307461862334572,0.28938518088075105,0.7268657229965452,0.7962589333668593,-0.0005573250382404638,81103.05191351268,81019.98866938126,80450.51701338614,0.0005878447978311385,0.001616410333172169,0.008708737097716579,6.187839977160858e-05,6.597593213937921e-05,8.849720371443935e-05,66.38028487451825,46.79360767059552,36.47881079069257,10.31479687990295,-2.447143132150556e-05,3.176546957091359e-05,-5.623690089241915e-05,0.0035632504206830895,67.40000000000042,0.0008305535257243674,74.11134999999999,0.0,4,40,1,0.5,0.0,0.0,0.0,0.0,0.0,0.0,0.0,0.0,0.0,0.0,0,1,high
2026-05-13 04:35:00,81149.6,81195.4,81149.6,81178.3,45.063,3658073.3366,0.0003400501483525886,-0.00011332435783728556,-7.144511293866174e-05,0.0021272130257816713,0.0003536052680905691,0.0005642305117502675,-0.17849366262839483,0.6211799151413897,0.7967803526124992,-0.0006054004626978582,81110.21839794004,81026.1969568565,80457.75863514349,0.0008395239989287262,0.0018797365410723188,0.008958749562028245,8.837094725551144e-05,7.67239406183286e-05,9.10002180889483e-05,66.21990004543326,46.907023728097556,38.56445337817357,8.342570349923989,1.3752718479773899e-06,2.5687430026326353e-05,-2.4312158178348963e-05,0.003681075161764462,65.5142857142855,0.0008070418537255092,72.5442,0.0,4,35,1,0.5,0.0,0.0,0.0,0.0,0.0,0.0,0.0,0.0,0.0,0.0,0,1,high
2026-05-13 04:30:00,81177.3,81245.8,81147.0,81149.6,170.735,13864491.2371,-0.0003536052680903623,-0.0006368920868009553,-0.0006110300974597749,0.001407034540461538,-0.0003412866292507758,0.001216802865525571,1.3320511361774345,2.1707924883345413,0.7963136216403157,-0.0009181505115734012,81113.96902670767,81031.03629188173,80464.64262882365,0.00043964075647195955,0.0014662829877671868,0.008519520967629646,4.627797436542822e-05,5.984828537485053e-05,8.657628290308451e-05,68.0915673907967,44.17187079618452,39.68593686177576,4.485933934408763,-3.37244699645204e-05,1.3805050028157002e-05,-4.75295199926774e-05,0.0037254325351161488,68.67142857142815,0.000846232496172848,78.651,0.0,4,30,1,0.5,0.0,0.0,0.0,0.0,0.0,0.0,0.0,0.0,0.0,0.0,0,0,high
2026-05-13 04:25:00,81158.0,81177.3,81128.9,81177.3,75.729,6145350.7602,0.0003412866292507033,0.0003277315095129296,-0.00012564299667694456,0.0022519310012416582,0.00023777946128715612,0.0005964036054649714,-0.8129514686294641,0.9609882841126476,0.7967523841885971,-0.0001306462820789278,81120.0005479736,81036.77212357265,80471.73374694482,0.0007065533489871711,0.001736684533998556,0.008772640357110006,7.437403673545443e-05,7.088508317390358e-05,8.911071421002599e-05,68.06919121084613,43.735248176642926,40.49579912474919,3.239449051893736,-5.406971369161344e-06,9.962645748693333e-06,-1.5369617117854676e-05,0.0037765983056683807,68.65714285714265,0.0008457677559754099,78.80325,0.0,4,25,1,0.5,0.0,0.0,0.0,0.0,0.0,0.0,0.0,0.0,0.0,0.0,0,0,high
2026-05-13 04:20:00,81149.2,81179.2,81140.6,81158.0,111.727,9067724.076,-0.0002377794612868911,-0.0002500981001265501,-0.0005333849188371431,0.0016685096486668272,0.00010843634797006691,0.00047560434066082927,0.38889721752373685,1.3702437083055088,0.7963875863872865,-0.0006183964934489694,81123.61954340468,81041.52615794235,80478.56226687573,0.0004241287555384332,0.0014401244816255598,0.00844993690680873,4.464513216189771e-05,5.878059123426457e-05,8.585807564786763e-05,64.7922312556453,41.35515640147787,40.66767058009493,0.6874858213829427,-2.935258543141849e-05,2.099599512670968e-06,-3.145218494408946e-05,0.0036266979926721445,64.55714285714203,0.0007954501448673209,81.53805000000001,0.0,4,20,1,0.5,0.0,0.0,0.0,0.0,0.0,0.0,0.0,0.0,0.0,0.0,0,0,high
2026-05-13 04:15:00,81138.6,81156.3,81077.2,81149.2,101.705,8248952.5102,-0.00010843634797019774,-4.929180006385536e-06,-1.8484299744159216e-05,0.0015070031623256597,0.00013063212410384056,0.0009751377646168579,-0.09398192970128427,1.2559700409682966,0.7963275539089825,6.86205421231989e-05,81126.05577736613,81045.74866155245,80485.23527914562,0.00028562646398988534,0.0012794650695902021,0.00825850055327848,3.006594357788862e-05,5.222306420663861e-05,8.392479780092171e-05,57.606177606176196,38.317133997552446,40.19756326358643,-1.8804292660339854,-3.746092261810689e-05,-5.812504913484604e-06,-3.164841770462229e-05,0.0033910423638568287,64.08571428571408,0.0007897270002133611,80.97725,0.0,4,15,1,0.5,0.0,0.0,0.0,0.0,0.0,0.0,0.0,0.0,0.0,0.0,0,0,high
2026-05-13 04:10:00,81118.8,81138.7,81101.5,81138.6,61.56,4993721.3173,-0.00013063212410457936,-0.0004768479333616682,-0.0004891665722013272,0.0005979213473921163,0.00024405666673169607,0.0004585793243833428,-0.5020641570837716,0.7585811722518991,0.7962363176883063,-0.000544034924192971,81127.25046523602,81049.38989051117,80491.73642064666,0.00014023297418219727,0.0011037806731142297,0.008046994116444495,1.476136570336786e-05,4.505227250815947e-05,8.178990305559334e-05,53.240864230461774,34.654670473144506,39.08898470549805,-4.434314232353543,-4.515730657146749e-05,-1.368146524508118e-05,-3.1475841326386304e-05,0.0031384980860771476,63.53571428571325,0.0007830516460194438,81.15150000000001,0.0,4,10,1,0.5,0.0,0.0,0.0,0.0,0.0,0.0,0.0,0.0,0.0,0.0,0,1,high
2026-05-13 04:05:00,81185.3,81193.9,81118.8,81118.8,54.779,4446149.0183,-0.00024405666673210646,-0.00048312513880688357,-0.00037961797084307136,5.5475732153809076e-05,-0.0008194494621049265,0.0009253743589888065,-0.1167054001398995,0.6909221165961816,0.7960457955834244,-0.00026782605689135153,81126.44565902307,81052.11185558916,80497.97585924719,-9.39357218303627e-05,0.0008260093394660828,0.007725296281059002,-9.887970719058267e-06,3.3714667047756884e-05,7.85476486298451e-05,57.17559438556359,29.81080679479055,37.233349123356554,-7.422542328566003,-5.972073550155025e-05,-2.2889319296374995e-05,-3.683141620517526e-05,0.0029675665789329693,64.27857142856998,0.000792400422942277,79.2839,0.0,4,5,1,0.5,0.0,0.0,0.0,0.0,0.0,0.0,0.0,0.0,0.0,0.0,0,1,high
2026-05-13 04:00:00,81214.2,81223.4,81168.1,81185.3,78.794,6398026.9517,0.0008194494621065473,0.0004447606712698615,9.854486201277268e-05,0.0014372529499642184,-0.00035591242959573166,0.0006810701562284753,0.3635299430021153,1.0165334730098197,0.7969718115917388,0.00021942740314173648,81132.0508343542,81057.33492007587,80504.81490542385,0.0006564171935838914,0.001580931005433328,0.008459723397463037,6.909654669290417e-05,6.452779626574866e-05,8.591980597787198e-05,58.460683523201894,30.980875915221986,35.98285448172964,-5.001978566507653,1.4387844537525955e-05,-1.5433886529594807e-05,2.9821731067120762e-05,0.0025907136598172656,65.2714285714267,0.0008039808754962622,77.51245,0.0,4,0,1,0.5,0.0,0.0,0.0,0.0,0.0,0.0,0.0,0.0,0.0,0.0,0,1,high
2026-05-13 03:55:00,81208.8,81214.3,81162.7,81214.2,55.325,4491254.7546,0.00035591242959576164,0.0009313052249702025,0.0006922367528954254,0.001106329722682986,6.649304595999341e-05,0.0006355580129811264,-0.35361196589578103,0.7256327727631624,0.7970277026788626,0.0006401162915761205,81139.87456441572,81063.4864918376,80511.87346357884,0.0009159172781139091,0.0018608887905173788,0.008727918057633843,9.641234506460487e-05,7.595464463163153e-05,8.860629974521416e-05,61.138549519105496,33.84995142648404,35.55627387068052,-1.7063224441964806,3.530884517084177e-05,-5.285340189507493e-06,4.059418536034926e-05,0.0023524114835352375,63.88571428571283,0.0007866323165864201,76.24380000000001,0.0,3,55,1,0.5,0.0,0.0,0.0,0.0,0.0,0.0,0.0,0.0,0.0,0.0,0,0,high
2026-05-13 03:50:00,81224.9,81274.4,81165.9,81208.8,268.607,21819253.2947,-6.649304596173522e-05,0.0011088688457405738,0.0007341800549038879,0.000989298288798679,-0.00019823472657103946,0.001335875594115776,1.580024458869775,3.534900308802212,0.796730010314743,0.00040245640576053177,81146.43889161422,81069.18506078515,80518.80805598105,0.0007685266862313966,0.0017240272839842419,0.00857524167822099,8.089754591923914e-05,7.036846068679362e-05,8.706302267350323e-05,53.69207772795189,35.28127894757199,35.501274886058816,-0.21999593848682508,1.7601399238843384e-05,-7.079923038373179e-07,1.83093915426807e-05,0.0019891306942653097,65.90714285714161,0.0008115763668117447,75.98715,0.0,3,50,1,0.5,0.0,0.0,0.0,0.0,0.0,0.0,0.0,0.0,0.0,0.0,0,0,high
2026-05-13 03:45:00,81156.6,81235.9,81134.5,81224.9,116.557,9462355.9783,0.00019823472657165553,0.00048765411020568195,0.0010630469055801228,0.0005024352204401339,0.0008412288841743684,0.0012489962848145895,-0.8348689210685949,1.4681960349121213,0.7968618117026374,0.0006254940143310961,81153.91137812716,81075.29152898966,80525.83384646881,0.000874688897297915,0.0018468791866119716,0.008686178132107258,9.207251550518357e-05,7.538282405482742e-05,8.816920878194256e-05,53.830104321907335,37.284954025933985,35.85801071403385,1.426943311900132,2.4645343406022916e-05,4.362674838134729e-06,2.0282668567888185e-05,0.0019696815558811714,70.0357142857122,0.0008622443891677578,79.3879,0.0,3,45,1,0.5,0.0,0.0,0.0,0.0,0.0,0.0,0.0,0.0,0.0,0.0,0,0,high
2026-05-13 03:40:00,81099.4,81166.7,81099.4,81156.6,108.082,8769628.551,-0.0008412288841750382,-0.0007094872035651179,0.00046587468813719113,-0.0005247733801656551,0.0007050587019223351,0.0008295017118049052,-0.07549022544631079,1.3118506790048907,0.7958905977614652,-0.0001551978219591632,81154.16743735314,81078.48009648027,80532.11012660347,3.027334520488978e-05,0.0009662130356744569,0.007766890051435382,3.186667916591033e-06,3.9437266869342504e-05,7.892146656346513e-05,46.05967865340525,32.981452118372545,35.282698994901594,-2.3012468765290492,-5.303692960980943e-05,-7.117246051454103e-06,-4.5919683558355324e-05,0.0018892207220465422,75.24999999999793,0.0009272197208852752,82.38895000000001,0.0,3,40,1,0.5,0.0,0.0,0.0,0.0,0.0,0.0,0.0,0.0,0.0,0.0,0,0,high
2026-05-13 03:35:00,81055.8,81129.2,81043.9,81099.4,132.267,10726954.2131,-0.0007050587019215016,-0.0013480528595248842,-0.0010586334758908578,-0.0010857316105550296,0.0005377564339679398,0.0010519624754816092,0.20193240860873996,1.6024312633228515,0.7954589476662317,-0.0015128639255070908,81148.95149093856,81079.3004848536,80537.75480196066,-0.000610520084647348,0.000250912987329599,0.006991564370910197,-6.426527206798921e-05,1.0241346524603522e-05,7.112066886709731e-05,38.30080367393661,24.670942622498842,33.16034772042104,-8.489405097922202,-0.00010243212122751775,-2.6180221086666834e-05,-7.625190014085092e-05,0.0017105853903051377,78.04999999999875,0.000962399228600936,82.54145000000001,0.0,3,35,1,0.5,0.0,0.0,0.0,0.0,0.0,0.0,0.0,0.0,0.0,0.0,0,0,high
2026-05-13 03:30:00,81054.8,81070.0,81015.4,81055.8,93.572,7583561.5018,-0.0005377564339674734,-0.002084044020064013,-0.0019523023394540928,-0.0017934505053958105,1.233725616975714e-05,0.0006737189415610094,-0.34609141346920147,1.0911658502824644,0.7952593692370531,-0.0017683334418094887,81140.07992037298,81078.37889721229,80542.90948054811,-0.001038916850175653,-0.0002755946840249379,0.006389590942545098,-0.00010935966843936866,-1.1248762514301456e-05,6.506219023192745e-05,38.92648774795793,14.400646662790678,29.408407508894975,-15.007760846104297,-0.00012661869019403322,-4.6267914908140116e-05,-8.03507752858931e-05,0.0020592134754806326,80.24999999999896,0.0009900587003027416,85.75415000000001,0.0,3,30,1,0.5,0.0,0.0,0.0,0.0,0.0,0.0,0.0,0.0,0.0,0.0,0,0,high
2026-05-13 03:25:00,80990.0,81065.1,80989.9,81054.8,40.766,3303498.7491,-1.2337256169558941e-05,-0.001255152392058534,-0.0018981465496619165,-0.0011824507945021878,0.0007997788692274058,0.0009280800394643548,-0.8308827927699824,0.4758636307393477,0.795564672382941,-0.0011653379318019574,81131.9580231946,81077.45423457651,80548.00291855261,-0.0009511346676465138,-0.000276640491559732,0.006313798425813033,-0.00010011943869938678,-1.1291448539997829e-05,6.429204648663903e-05,34.635481463049175,6.11023647597176,24.748773302310333,-18.638536826338573,-0.00010221155266318998,-5.745664245915009e-05,-4.475491020403989e-05,0.0023571857269695596,82.35000000000062,0.0010159793127612507,85.66740000000001,0.0,3,25,1,0.5,0.0,0.0,0.0,0.0,0.0,0.0,0.0,0.0,0.0,0.0,0,0,high
2026-05-13 03:20:00,80951.5,80996.2,80951.5,80990.0,44.478,3601880.1022,-0.000799778869227552,-0.0013498725593645844,-0.002896160145461124,-0.0023222798120823285,0.0004754803521685542,0.0005520300829853639,0.08714628424109927,0.519165515961439,0.7948840216966602,-0.001977790005977198,81118.43821146178,81074.02465674997,80552.40089946253,-0.0015841598666970214,-0.0010342068368363044,0.005459153690349439,-0.00016675367017825966,-4.2212523861078386e-05,5.5694325932268966e-05,31.78082191780635,-5.6239622342109215,18.67422619500608,-24.298188429217003,-0.000144740202617575,-7.491335449083508e-05,-6.982684812673993e-05,0.0029865128001801936,82.67142857142919,0.0010207609405041263,85.6721,0.0,3,20,1,0.5,0.0,0.0,0.0,0.0,0.0,0.0,0.0,0.0,0.0,0.0,0,0,high
2026-05-13 03:15:00,80964.9,80996.4,80937.4,80951.5,67.619,5475059.281,-0.00047548035216848916,-0.0012875964775656001,-0.002530411613454575,-0.0024441548961604553,-0.00016551751435418824,0.0007286928684525573,0.418894323743646,0.777182539454493,0.7947922578477957,-0.0010983399136694771,81102.5393341797,81069.21976824997,80556.37203479126,-0.001863484007545324,-0.001450483769827926,0.004934084548745332,-0.00019615621132018627,-5.9203419088819985e-05,5.040900575216192e-05,24.844028520497318,-17.824557095649652,11.374469536874935,-29.199026632524586,-0.00015054094178946052,-9.003887195056017e-05,-6.050206983890035e-05,0.003640700258932412,83.42857142857143,0.0010305994506410805,87.0053,0.0,3,15,1,0.5,0.0,0.0,0.0,0.0,0.0,0.0,0.0,0.0,0.0,0.0,0,1,high
2026-05-13 03:10:00,80996.7,81050.0,80960.5,80964.9,43.689,3539230.0609,0.00016551751435400774,-0.0011097417070420335,-0.0016598353971790658,-0.002619924011057151,-0.00039268567868731743,0.001104866772272389,-0.43679265447773075,0.4949876958356182,0.7952838686901345,-0.00017507897609725376,81089.43082616258,81065.12879694605,80560.43698966896,-0.0015362553986015826,-0.001234575421925399,0.005048859754012369,-0.00016171109458931065,-5.039083346361106e-05,5.155436404670765e-05,28.200496726120903,-26.111352988838917,3.877305031732165,-29.98865802057108,-0.00010223638122672766,-9.247837380579367e-05,-9.758007420933995e-06,0.0040539990747707755,87.70714285714348,0.0010832736513865081,88.2628,0.0,3,10,1,0.5,0.0,0.0,0.0,0.0,0.0,0.0,0.0,0.0,0.0,0.0,0,1,high
2026-05-13 03:05:00,81019.5,81050.0,80938.2,80996.7,67.018,5427881.5495,0.0003926856786868882,8.272284087240678e-05,-0.0007293932845247042,-0.0019894588710833716,-0.00028145333800587153,0.0013803476765789193,0.4278648858570775,0.747993377014087,0.7957453235261909,0.00048595428913777994,81080.59931890901,81062.44531471287,80564.77791514489,-0.0010346583180176339,-0.0008088744591905339,0.005387400702025147,-0.00010891140189633932,-3.3015283967513046e-05,5.494870548591343e-05,33.633827001501245,-29.769539480796084,-2.8520638707734847,-26.9174756100226,-4.5104163902000906e-05,-8.300353182503513e-05,3.789936792303423e-05,0.0041959661405774375,89.92142857142919,0.0011101863232876054,89.59705,0.0,3,5,1,0.5,0.0,0.0,0.0,0.0,0.0,0.0,0.0,0.0,0.0,0.0,0,1,high
2026-05-13 03:00:00,81017.0,81040.4,80991.2,81019.5,49.586,4017375.8644,0.00028145333800644323,0.0008396565310473392,-0.000435602690348702,-0.0015995691851067306,3.085724512922776e-05,0.0006072889672395045,-0.3012527042015698,0.5547593555366853,0.795932114514299,0.00036744213135797565,81074.78033615577,81060.76118472414,80569.30251300415,-0.0006814711723919231,-0.0005067379399612548,0.005612447532170606,-7.173380761988384e-05,-2.0683181145004956e-05,5.7202482923928656e-05,37.54444676845727,-30.477582578678266,-8.377167612354441,-22.100414966323825,-8.701682759962727e-06,-6.814316201202065e-05,5.944147925205792e-05,0.004306087956729154,90.02857142857205,0.0011111963345684934,89.3829,0.0,3,0,1,0.5,0.0,0.0,0.0,0.0,0.0,0.0,0.0,0.0,0.0,0.0,0,0,high
2026-05-13 02:55:00,80972.0,81021.9,80968.1,81017.0,60.881,4930981.8526,-3.085724513063326e-05,0.0006432817715626982,0.00033331893374821675,-0.0014997943061327845,0.0005555932953170951,0.000664238557665264,0.20521260335005298,0.6751517624853339,0.7957878156294065,0.0009037939327463107,81069.27744699808,81059.04505983299,80573.7572143673,-0.000644487615854672,-0.0005165130209707769,0.00552605207522916,-6.784080166852663e-05,-2.1082164046402146e-05,5.632626672438078e-05,38.95399305555461,-30.884424520583707,-12.878618994000295,-18.005805526583412,-4.9957206025205274e-06,-5.551367373012063e-05,5.0517953127600104e-05,0.004344364645311991,88.50714285714328,0.0010924514960704947,90.1738,0.0,2,55,1,0.5,0.0,0.0,0.0,0.0,0.0,0.0,0.0,0.0,0.0,0.0,0,1,high
2026-05-13 02:50:00,81007.2,81038.3,80971.4,80972.0,33.712,2730974.6662,-0.0005555932953171805,-0.0003049972024413705,0.0002532059905995254,-0.0018113309347178586,-0.0004346237116135606,0.000825876522239807,-0.5910672821122804,0.4045958691904303,0.7952206378935074,0.00042838004571166266,81060.01292823636,81055.63152807484,80577.71982914972,-0.0010857874910605858,-0.0010300629313366727,0.004921001478619402,-0.00011429342011125558,-4.204338488055031e-05,5.023751486327072e-05,25.722740723877124,-34.440959665735136,-17.191087128347263,-17.249872537387873,-4.389454376353661e-05,-5.318984773680383e-05,9.295303973267223e-06,0.004530894081600567,85.81428571428738,0.001059801977403144,83.32265,0.0,2,50,1,0.5,0.0,0.0,0.0,0.0,0.0,0.0,0.0,0.0,0.0,0.0,0,1,high
2026-05-13 02:45:00,81023.8,81050.0,80990.7,81007.2,71.173,5765732.7149,0.00043462371161417934,-0.0001518268288336344,0.000522312187859697,-0.0021961566852102266,-0.00020489906324202217,0.0007319149157865078,0.7472596759533352,0.8565272095683426,0.7958739343904089,0.0005900657002744225,81054.98312554718,81053.73225246406,80581.99326368554,-0.0005891481814028765,-0.0005720886620874666,0.005302335387344925,-6.201559804216655e-05,-2.3350557567031504e-05,5.406225313939917e-05,26.77289048473847,-34.02695204821066,-20.558260112319942,-13.468691935890718,5.121063073650883e-06,-4.152766557471289e-05,4.664872864836377e-05,0.004512880712605983,87.70000000000125,0.0010826198165101528,83.09485000000001,0.0,2,45,1,0.5,0.0,0.0,0.0,0.0,0.0,0.0,0.0,0.0,0.0,0.0,0,1,high
2026-05-13 02:40:00,81003.1,81033.7,80965.3,81023.8,197.498,15995611.0043,0.0002048990632417258,8.392947953872465e-05,0.0003345255724145346,-0.0023471700515642624,0.0002555131291484984,0.0008444497072775917,1.0206149246924552,2.260131787044221,0.7959715278028856,0.0002262042766947303,81052.01330406651,81052.55843864194,80586.38935061404,-0.0003476539640505649,-0.0003527900067332723,0.005452436097844071,-3.659515411036728e-05,-1.4399592045119453e-05,5.556311692151187e-05,29.750437828370764,-31.99059904817841,-22.844727899491637,-9.145871148686773,2.513963137422996e-05,-2.819420618492432e-05,5.333383755915428e-05,0.004474635529772349,84.83571428571511,0.0010470468465526809,87.38340000000001,0.0,2,40,1,0.5,0.0,0.0,0.0,0.0,0.0,0.0,0.0,0.0,0.0,0.0,0,1,high
2026-05-13 02:35:00,81023.2,81056.3,81003.0,81003.1,58.159,4712370.4381,-0.00025551312914728896,0.0003840096457086162,-0.00020244089473919757,-0.002536190134749816,-0.0002481078701803098,0.0006577839336812723,-1.2225478185779073,0.6825685015509453,0.7956184789564862,-0.00031363555781283026,81047.35489415542,81050.61889202852,80590.5357252348,-0.0005457226081304611,-0.0005844481109456012,0.005145212292390511,-5.744448506626458e-05,-2.385502487265551e-05,5.2467830890976544e-05,25.96445600346867,-31.681882606004365,-24.612158840794184,-7.069723765210181,3.809165192662755e-06,-2.1793531909406904e-05,2.560269710206966e-05,0.0044651871476671405,81.40000000000146,0.0010048998124763304,85.2061,0.0,2,35,1,0.5,0.0,0.0,0.0,0.0,0.0,0.0,0.0,0.0,0.0,0.0,0,1,high
2026-05-13 02:30:00,81089.4,81102.7,80993.7,81023.2,89.721,7270941.3852,0.00024810787017948144,0.00019749380427391827,7.652422057091712e-05,-0.0024863169911419902,-0.0008167163277839139,0.0013448789291929202,0.43352421624707027,1.0358700050742287,0.7959405971523008,0.00015278152289432967,81045.05442804538,81049.54364136074,80594.84084239665,-0.00026927047719382813,-0.00032315042740194144,0.005339655285331091,-2.8344260757145915e-05,-1.3189813301983474e-05,5.4414497948573614e-05,33.85769603097657,-29.475544850967708,-25.58483604282889,-3.890708808138818,2.722874673240048e-05,-1.1989076181045426e-05,3.921782291344591e-05,0.004420103564677548,80.22142857143002,0.0009901044215907299,86.61415,0.0,2,30,1,0.5,0.0,0.0,0.0,0.0,0.0,0.0,0.0,0.0,0.0,0.0,0,1,high
2026-05-13 02:25:00,81182.9,81193.0,81063.0,81089.4,165.518,13429238.3854,0.0008167163277832401,0.0008093110688154326,0.0014488338436713377,-0.000828371779183712,-0.0011523841141987256,0.0016024064172272456,0.612375094855552,1.7961587002217012,0.7966750129431439,0.0014543750496365249,81049.27781585058,81051.10663581718,80599.76182903946,0.0004953081505334467,0.0004742103748753834,0.006095114184127226,5.213770005622418e-05,1.9355525564103726e-05,6.199959078274941e-05,48.81572714353382,-22.13011732380255,-24.893892299023626,2.763774975221075,9.062620185890625e-05,8.533979426944911e-06,8.209222243196134e-05,0.004385561160374765,84.30000000000084,0.00103959333772356,92.1511,0.0,2,25,1,0.5,0.0,0.0,0.0,0.0,0.0,0.0,0.0,0.0,0.0,0.0,0,0,high
2026-05-13 02:20:00,81009.6,81250.6,81006.6,81182.9,466.56,37873523.1333,0.0011523841141993785,0.0022172083121621,0.002166594246256537,0.001029071036937168,0.0021369676890083734,0.003007572963480619,1.0363066791479003,4.182916529943679,0.7974789888608083,0.0016050544703993808,81062.00373815054,81056.27500304003,80605.56419889977,0.0014907691918999433,0.0015628064698951505,0.007175383887396691,0.00015692307283176268,6.378801923607528e-05,7.284918803067606e-05,63.46113111628825,-8.66426820907509,-21.647967481033923,12.983699271958834,0.00016604071289026044,4.003532611960802e-05,0.00012600538677065242,0.0043770556823459995,95.72857142857227,0.0011791716165420584,111.5394,0.0,2,20,1,0.5,0.0,0.0,0.0,0.0,0.0,0.0,0.0,0.0,0.0,0.0,0,0,high
2026-05-13 02:15:00,81020.2,81062.1,80985.6,81009.6,58.037,4702655.1216,-0.0021369676890081735,-0.0001678672470255549,-0.00017527250599336242,-0.000570140218103532,-0.00013084012959484979,0.0009441665100214059,-2.0843058911908443,0.5196955451085739,0.7947718631681138,-0.0011996646347718354,81057.01290594572,81054.44461076397,80609.58445562713,-0.000584655783098853,-0.0005516450928730876,0.004988282703875413,-6.1542714010136e-05,-2.2516126185267814e-05,5.0860960398448713e-05,46.49286157666057,-11.839864848996513,-19.686346954626444,7.846482105629931,-3.9164480294212774e-05,2.4195364836843866e-05,-6.335984513105664e-05,0.004039670552847494,104.44999999999916,0.0012893533605893518,111.67500000000003,0.0,2,15,1,0.5,0.0,0.0,0.0,0.0,0.0,0.0,0.0,0.0,0.0,0.0,0,0,high
2026-05-13 02:10:00,81024.0,81053.8,80979.1,81020.2,98.12,7948757.8097,0.00013084012959474478,-0.0008537434452140502,0.00021108075274867133,-0.00042696283233922827,-4.6900783868824296e-05,0.0009220350347635996,0.525110481200894,0.9512300698056678,0.795559480156582,-5.8998799904230737e-05,81053.50691490328,81053.10168485166,80613.6701824368,-0.0004105951150741305,-0.00040430280785663797,0.005068186287862986,-4.3220538428718775e-05,-1.650215537036536e-05,5.1656773027267586e-05,52.55845476109783,-13.347356634112657,-18.418548890523688,5.071192256411031,-1.8583714720627484e-05,1.5639548925349596e-05,-3.422326364597708e-05,0.0036192422337130914,102.40714285714161,0.0012639705018889316,103.15065,0.0,2,10,1,0.5,0.0,0.0,0.0,0.0,0.0,0.0,0.0,0.0,0.0,0.0,0,0,high
2026-05-13 02:05:00,80942.3,81024.0,80942.2,81024.0,112.75,9131684.864,4.690078386815344e-05,-0.0019592267755452752,9.873666437343331e-06,0.0004197168207564772,0.0010088519269674976,0.0010100873756978964,0.13898175899249932,1.095082279286288,0.7956970102568999,-0.00024358689540093792,81050.69673253155,81051.96044230847,80617.75306619365,-0.0003290567758540419,-0.00034338625834173797,0.005064190682956493,-3.4637555352826186e-05,-1.4015765596305799e-05,5.160944975205252e-05,56.52565256525687,-14.07319941012247,-17.549478994443447,3.4762795843209773,-8.943419246912644e-06,1.072295529089715e-05,-1.9666374537809795e-05,0.002941557869800525,104.03571428571324,0.0012840110866621402,102.9603,0.0,2,5,1,0.5,0.0,0.0,0.0,0.0,0.0,0.0,0.0,0.0,0.0,0.0,0,0,high
2026-05-13 02:00:00,80957.3,80994.2,80890.6,80942.3,217.82,17632122.2956,-0.0010088519269668694,-0.0008311110135039712,-0.0018156945883127662,-0.00011365475404190306,-0.0001853000259781163,0.0012799226875300047,0.6584960552647523,2.008535029027951,0.7947132554402394,-0.0019617575029045042,81040.37323419521,81047.66003280618,80620.98238891808,-0.0012104888263611002,-0.0012992092368655506,0.004014987126575775,-0.00012741987645892554,-5.302894839515143e-05,4.105759525733688e-05,48.18852196216799,-20.998880224244203,-18.2393592404036,-2.759520983840602,-8.550815135836965e-05,-8.52326603895621e-06,-7.698488531941345e-05,0.0027313847336702707,106.52857142856998,0.0013161050702607904,108.4472,0.0,2,0,1,0.5,0.0,0.0,0.0,0.0,0.0,0.0,0.0,0.0,0.0,0.0,0,1,high
2026-05-13 01:55:00,81024.7,81024.8,80935.5,80957.3,137.554,11139845.9702,0.00018530002597749728,-0.0007766511171212187,-0.0027827786765346474,-9.387224241841352e-05,-0.0008321912791517021,0.0011027394867672083,-0.45965246636535717,1.2653117355055647,0.7953194704848432,-0.002159518375965064,81032.4614976052,81044.1165021079,80624.32883280945,-0.0009275517717757253,-0.0010702264967363817,0.0041584932505376315,-9.763702860783766e-05,-4.368271410602795e-05,4.249284332420415e-05,46.7545304777598,-24.989098751277197,-19.58930714257832,-5.399791608698877,-4.9260328118412174e-05,-1.6670678454847405e-05,-3.258964966356477e-05,0.002667208614793603,104.92142857142711,0.0012960094836590042,108.71155000000002,0.0,1,55,1,0.5,0.0,0.0,0.0,0.0,0.0,0.0,0.0,0.0,0.0,0.0,0,1,high
2026-05-13 01:50:00,81086.5,81153.0,81013.5,81024.7,230.318,18671480.4016,0.0008321912791515729,8.639378162200728e-06,0.00018638029162509895,0.00034563335804627116,-0.0007624396462893148,0.0017204544022294147,0.5154443954133505,1.9932522045870646,0.7962087833750289,0.0014369202069151044,81031.7223073571,81043.3550706527,80628.31262551782,-8.627854094633847e-05,-0.00022870050317003177,0.0049410259771534015,-9.081951678369983e-06,-9.334714370435767e-06,5.0350539203083446e-05,50.39901780233252,-22.45392410721979,-20.162230535506616,-2.291693571713175,3.130419550647693e-05,-7.075703662582539e-06,3.837989916905947e-05,0.00262842781495009,115.38571428571284,0.0014240807344638466,115.54884999999999,0.0,1,50,1,0.5,0.0,0.0,0.0,0.0,0.0,0.0,0.0,0.0,0.0,0.0,0,1,high
2026-05-13 01:45:00,81073.5,81115.0,81013.5,81086.5,123.893,10045019.3822,0.0007624396462908578,0.001779930951419928,0.000817979808321212,0.0008266196663306857,0.00016033547148313278,0.0012520934106026588,-0.6200426728316035,1.0349842780430591,0.7966865777967502,0.001127097640168273,81036.93923046594,81045.04702866633,80632.87170387087,0.000611764809596238,0.0005128081963317044,0.0056467147217187375,6.439629574727076e-05,2.0930946831967903e-05,5.74360029552006e-05,54.88816992544685,-15.28187646176957,-19.186159720759207,3.9042832589896364,8.850357298430763e-05,1.2040151666795493e-05,7.646342131751213e-05,0.002713876431657783,118.79285714285652,0.0014650139929933653,119.70519999999999,0.0,1,45,1,0.5,0.0,0.0,0.0,0.0,0.0,0.0,0.0,0.0,0.0,0.0,0,0,high
2026-05-13 01:40:00,81022.0,81112.9,81021.9,81073.5,101.907,8261308.3423,-0.00016033547148452953,0.0014342954539579011,0.000610743552968529,0.0006971414399767895,0.000635427901858393,0.0011225228582074196,-0.19535765719580844,0.8313736751657024,0.7961547720503521,0.0004577617934522493,81040.4212085168,81046.16283146373,80637.25606502638,0.0004084360678167087,0.00033865026504997786,0.005431788411922156,4.299327029662312e-05,1.3822459839164082e-05,5.526912261251672e-05,57.47532773604399,-10.525635412355768,-17.45405485907852,6.928419446722753,5.869762203489267e-05,2.137164574041493e-05,3.732597629447774e-05,0.0027698890233368713,120.51428571428447,0.0014864818431951806,122.57665,0.0,1,40,1,0.5,0.0,0.0,0.0,0.0,0.0,0.0,0.0,0.0,0.0,0.0,0,0,high
2026-05-13 01:35:00,81076.6,81100.0,80986.7,81022.0,101.409,8216582.7111,-0.0006354279018569997,-3.332372705067144e-05,0.0009841675780783987,0.0006173068334369702,-0.0006736640793307306,0.0013980174616830651,-0.004898788053293579,0.8160629423217827,0.7954627476208689,0.0007494921806294741,81038.66680770567,81045.21526944554,80641.0843628868,-0.00020537356413186103,-0.00028513929810891625,0.004748635529864487,-2.1618269908483817e-05,-1.1638338658724695e-05,4.839651540386482e-05,51.06444188722695,-10.787547576925135,-16.120753402647846,5.333205825722711,-3.2226487618533184e-06,1.645278683996128e-05,-1.96754356018146e-05,0.002654810654218121,123.03571428571324,0.0015185469907644004,124.26615000000001,0.0,1,35,1,0.5,0.0,0.0,0.0,0.0,0.0,0.0,0.0,0.0,0.0,0.0,0,1,high
2026-05-13 01:30:00,81015.5,81133.7,81015.0,81076.6,349.496,28337009.1563,0.0006736640793292281,-0.00012209929401230113,0.0014725316314301296,0.000856347201152019,0.0007538924215785802,0.001464088471918966,1.237330272072227,2.5043333703553756,0.796344435502176,0.0010249650173328462,81042.27949268608,81046.44604319279,80645.41785181331,0.000423691418511396,0.00037328851528961593,0.005368346379251321,4.459909668558399e-05,1.5236265968253846e-05,5.461808320411719e-05,53.60065466448481,-6.514258844603319,-14.199454491038942,7.6851956464356235,5.2730033856826595e-05,2.3708236243334344e-05,2.902179761349225e-05,0.002627327695745635,126.6285714285706,0.0015618386985711116,139.5565,0.0,1,30,1,0.5,0.0,0.0,0.0,0.0,0.0,0.0,0.0,0.0,0.0,0.0,0,0,high
2026-05-13 01:25:00,80985.5,81062.9,80951.8,81015.5,127.931,10364024.5865,-0.000753892421577973,-0.0007156562441057446,-0.0001135520692994163,-0.00010244428366767977,0.00037036808838125895,0.0013714807040908885,-1.0050010606138633,0.8971183113298081,0.7953646579380518,-0.0008441254369770945,81039.72906481122,81045.2324728715,80649.10026124801,-0.00029875328849016114,-0.0003656782629040123,0.004568538992918647,-3.144771457761191e-05,-1.4925643347284461e-05,4.6573202559519284e-05,50.80144777662839,-7.966078113051481,-12.952779215441451,4.98670110238997,-1.7912457427196114e-05,1.538409750922825e-05,-3.329655493642437e-05,0.0026061541679126866,131.73571428571344,0.0016260556842297269,142.60215,0.0,1,25,1,0.5,0.0,0.0,0.0,0.0,0.0,0.0,0.0,0.0,0.0,0.0,0,0,high
2026-05-13 01:20:00,80872.9,81099.0,80872.3,80985.5,846.613,68601593.1113,-0.0003703680883813121,-0.00045059643063005694,-0.0012463598039715862,-0.00021729924290170288,0.0013913398151039612,0.002799263178510023,1.8897526274355432,4.640157629204153,0.7952310751951046,-0.0014555026016456196,81034.56439197206,81042.89002295498,80652.44752233011,-0.000605395531456665,-0.0007071817884902742,0.004156398059716793,-6.372584541605955e-05,-2.886456276038358e-05,4.242453299791897e-05,47.59412890874296,-11.40592422807822,-12.643408217968807,1.2374839898905865,-4.2460474361358363e-05,3.815183135110929e-06,-4.627565749646929e-05,0.002649628450904781,140.14285714285612,0.0017304685053849901,182.45350000000002,0.0,1,20,1,0.5,0.0,0.0,0.0,0.0,0.0,0.0,0.0,0.0,0.0,0.0,0,0,high
2026-05-13 01:15:00,80910.0,80912.1,80815.0,80872.9,86.134,6964061.2484,-0.0013913398151039758,-0.002515600325063261,-0.0024773641475910324,-0.00185674692818516,-0.0004586393327148616,0.0012007883857104403,-2.2853394603602704,0.46884283172709634,0.7940421684572385,-0.0021126035931136045,81019.16778321282,81036.22374754498,80654.64107932187,-0.0018065700754590353,-0.0020162266387480088,0.002737545227253335,-0.000190165271100623,-8.229496481307348e-05,2.8158221076507087e-05,36.9562597903361,-22.953314497935935,-14.705389473962233,-8.247925023973702,-0.00014265440914108422,-2.5478735320128103e-05,-0.00011717567382095612,0.00315471844413273,140.1928571428559,0.001733496104910989,183.71615000000003,0.0,1,15,1,0.5,0.0,0.0,0.0,0.0,0.0,0.0,0.0,0.0,0.0,0.0,0,0,high
2026-05-13 01:10:00,80800.0,80957.1,80777.0,80910.0,438.555,35476909.2763,0.0004586393327148386,-0.0013030685707704492,-0.001383296913019194,-0.0022148239232535616,0.0013604602926986494,0.002227113199280046,1.6275810083924611,2.150218941813106,0.7951248899557868,-0.00033785766508209747,81008.77085147827,81031.27379666087,80657.18196410473,-0.001219556386292453,-0.0014965054508948583,0.0031643817285242903,-0.0001283743564515314,-6.108185510609653e-05,3.244161522216213e-05,32.359405300582154,-28.779294743566425,-17.520170527883074,-11.25912421568335,-7.195155526340178e-05,-3.477329930878284e-05,-3.717825595461894e-05,0.0033458676910697715,135.6285714285706,0.0016762893514840021,203.9583,0.0,1,10,1,0.5,0.0,0.0,0.0,0.0,0.0,0.0,0.0,0.0,0.0,0.0,0,0,high
2026-05-13 01:05:00,80695.8,80800.0,80695.7,80800.0,177.862,14364332.0192,-0.0013604602926982068,-0.002293160775087344,-0.003417421285046629,-0.004727668330151147,0.001290436215179683,0.0012916754378154058,-0.9024772628333739,0.8498239905586791,0.7937834974504376,-0.002560938051738404,80988.88791324224,81022.2042360075,80658.60303908876,-0.002334300804800904,-0.002744927871296099,0.001785971968802258,-0.00024571587418931,-0.00011203787226657144,1.8581894745342545e-05,35.24359335398462,-41.79076878509659,-22.374290179325776,-19.416478605770813,-0.0001608509811156781,-5.998883567016189e-05,-0.00010086214544551621,0.0041206597730261245,136.84285714285735,0.0016935997171145711,209.29275,0.0,1,5,1,0.5,0.0,0.0,0.0,0.0,0.0,0.0,0.0,0.0,0.0,0.0,0,0,high
2026-05-13 01:00:00,80664.8,80698.7,80625.0,80695.8,57.505,4638687.7454,-0.001290436215180435,-0.002192257175163803,-0.003953965078649091,-0.0038811368563234083,0.0003842325869064578,0.0009136909843656813,-1.1291360681630067,0.2842657510315478,0.7930932143488167,-0.0022714435892350338,80960.97477864774,81009.40406988957,80658.9731581028,-0.0032795239704608292,-0.0038771145144576025,0.0004906050496060743,-0.00034521304952179804,-0.00015824957198868375,5.5568389251855565e-06,29.820850957950526,-59.820946238876786,-29.86362139123598,-29.957324847640805,-0.0002230825025242698,-9.260756904098347e-05,-0.00013047493348328633,0.005357751332124828,144.00714285714326,0.0017845680054865713,202.2931,0.0,1,0,1,0.5,0.0,0.0,0.0,0.0,0.0,0.0,0.0,0.0,0.0,0.0,0,0,high
2026-05-13 00:55:00,80612.1,80692.1,80612.1,80664.8,49.782,4015863.806,-0.00038423258690656326,-0.003035129094785205,-0.003967829577174342,-0.004396209572824716,0.000653534410392486,0.0009919147369912872,-0.14421842763434167,0.24659905857235379,0.7934314309959607,-0.0017996441991439127,80932.76765687176,80995.89018479586,80659.03113662914,-0.003314827361426964,-0.004094235450331496,0.00010531403023428254,-0.0003489291959393947,-0.00016711165100507117,1.678337175615917e-06,28.38748495788262,-75.73836793356168,-39.038570699701125,-36.69979723386055,-0.00019700739365132738,-0.00011348753396305225,-8.351985968827513e-05,0.0064504368523668285,144.14285714285714,0.0017869362738500206,201.87425000000002,0.0,0,55,1,0.5,0.0,0.0,0.0,0.0,0.0,0.0,0.0,0.0,0.0,0.0,0,0,high
2026-05-13 00:50:00,80638.0,80638.0,80559.5,80612.1,159.716,12870229.6696,-0.0006535344103912877,-0.002328203212478286,-0.003230024172461654,-0.0050966447670841575,-0.00032124011362128613,0.000973960591267581,1.1657437651445184,0.7776836405776779,0.793206229265147,-0.0008359391920915726,80902.22788002683,80980.83958931368,80658.56416014528,-0.0035904225554546088,-0.004561582807360409,-0.0005427654510032909,-0.0003779392163633845,-0.00018618705333394242,-4.841192650920437e-06,29.41396508728235,-91.55015566662769,-49.54088769308644,-42.00926797354125,-0.0001958158453405235,-0.0001299531962385465,-6.5862649101977e-05,0.00755278682345315,142.1357142857149,0.0017632057009520268,205.37399999999997,0.0,0,50,1,0.5,0.0,0.0,0.0,0.0,0.0,0.0,0.0,0.0,0.0,0.0,0,1,high
2026-05-13 00:45:00,80700.0,80701.9,80638.0,80638.0,26.193,2112673.4963,0.0003212401136210019,-0.000716526883676849,-0.0033674233915554908,-0.003766552726496286,-0.0007685728477106479,0.0007921165606419825,-1.8079050385579412,0.13201601247935124,0.7939996029837211,-0.0011252869720657088,80877.06332002427,80967.39489953667,80658.35954163638,-0.0029578317330880566,-0.004074054744966915,-0.00021932110517042247,-0.0003113507087458239,-0.00016628794874747402,-1.5966025387620063e-06,30.360437938245823,-100.82890496555774,-59.798491147580705,-41.030413817977035,-0.00011489098539984747,-0.0001269407540708067,1.204976867095922e-05,0.008134146942522543,142.17142857142815,0.001763082275991817,198.40775,0.0,0,45,1,0.5,0.0,0.0,0.0,0.0,0.0,0.0,0.0,0.0,0.0,0.0,0,0,high
2026-05-13 00:40:00,80692.0,80725.3,80683.0,80700.0,45.443,3667310.2992,0.0007685728477113685,0.0004362785509410827,-0.0012383902511459155,-0.003183279904762415,9.913750379889476e-05,0.0005241366270307095,0.5509665938635773,0.2562306916362328,0.794857373756626,0.0010738763061883816,80860.20014668863,80956.90882504503,80658.77387455542,-0.001980758039151098,-0.003175855156186458,0.0005437865510735662,-0.0002085008462260913,-0.00012962674104320568,6.066775075667152e-06,29.8947368421058,-102.00366404632223,-68.23952572732901,-33.76413831899322,-1.4494355827723339e-05,-0.00010445147442219002,8.995711859446668e-05,0.007960493557441863,134.42857142857142,0.0016657815542573905,177.3519,0.0,0,40,1,0.5,0.0,0.0,0.0,0.0,0.0,0.0,0.0,0.0,0.0,0.0,0,0,high
2026-05-13 00:35:00,80598.9,80697.0,80598.8,80692.0,43.075,3474178.2794,-9.913750379908493e-05,0.0009906754575332855,-4.709153976456548e-05,-0.004114608687713073,0.001154435995331473,0.0012176387994351039,-0.05351601094636438,0.24390754898818712,0.7945562844466139,0.0014630700977971145,80844.18108509923,80946.52024367072,80659.10448276882,-0.0018818102531454883,-0.003146561575279705,0.00044022467864301973,-0.00019808528980447162,-0.00012843108468069115,5.0199663306447435e-06,23.829109725355323,-102.39980105777795,-75.0715807934188,-27.328220264359146,-4.88990935093605e-06,-8.453916140793923e-05,7.964925205700318e-05,0.008203899272171206,134.40714285714265,0.001665681143820238,176.6038,0.0,0,35,1,0.5,0.0,0.0,0.0,0.0,0.0,0.0,0.0,0.0,0.0,0.0,0,0,high
2026-05-13 00:30:00,80606.1,80664.0,80582.8,80598.9,48.201,3886145.6439,-0.0011544359953319372,-0.00048500065141965365,-0.0008172949481899394,-0.006031484329335868,-8.932725417701278e-05,0.0010071518549675856,0.11243698531531443,0.2768456448115349,0.7934352869270676,3.855931106855337e-06,80820.82098175645,80932.88807725227,80658.50543318903,-0.0027470799390982847,-0.004132330999215839,-0.0007071047364242133,-0.00028916630937851596,-0.00016866657137289687,-6.516908909778957e-06,21.539937634924684,-108.96999614016386,-81.85126386276782,-27.118732277396035,-8.149268810990929e-05,-8.392986674833325e-05,2.437178638423963e-06,0.008660206566277298,135.70714285714243,0.0016837344288463296,174.10785,0.0,0,30,1,0.5,0.0,0.0,0.0,0.0,0.0,0.0,0.0,0.0,0.0,0.0,0,1,high
2026-05-13 00:25:00,80663.2,80729.8,80586.8,80606.1,185.181,14941101.1673,8.93272541766521e-05,-0.00116424624495437,-7.443328362199964e-05,-0.005781821603674686,-0.0007081323275547904,0.0017729116217010635,1.3459539574272168,1.0419266592921599,0.7940193636950212,0.000813134429874296,80800.37136444631,80920.07285853649,80657.98398609261,-0.002404633381596355,-0.0038844545785678974,-0.0006116304426235786,-0.0002531193033256428,-0.00015854916644938516,-5.563235645237355e-06,23.660544648513053,-112.30140258773463,-87.9412916077612,-24.360110979973427,-4.136283745474555e-05,-7.541646088961571e-05,3.4053623434870156e-05,0.00893246447642877,137.8285714285708,0.0017099024940863134,177.7294,0.0,0,25,1,0.5,0.0,0.0,0.0,0.0,0.0,0.0,0.0,0.0,0.0,0.0,0,0,high
2026-05-13 00:20:00,80569.7,80685.1,80538.6,80663.2,90.052,7258947.6258,0.0007081323275546225,-0.00035697641360066257,0.000312458930311621,-0.004438261374263064,0.001159813046606321,0.0018173511750599895,-0.7209464438977973,0.5255718129344407,0.7948631788260396,0.0008635758423185536,80787.30742497524,80909.99941310368,80658.03588672852,-0.001534929525083939,-0.0030517605941113857,9.554166717151702e-05,-0.00016157152895609372,-0.00012456165688060056,1.5382127448110014e-06,23.901515151515085,-109.0767050456634,-92.16837429534165,-16.908330750321753,3.991266777195586e-05,-5.23506351573014e-05,9.226330292925726e-05,0.00908965809907285,139.8142857142853,0.0017333094362024478,171.341,0.0,0,20,1,0.5,0.0,0.0,0.0,0.0,0.0,0.0,0.0,0.0,0.0,0.0,0,0,high
2026-05-13 00:15:00,80420.0,80597.4,80404.2,80569.7,87.118,7013564.0534,-0.0011598130466055068,-0.00036235346487423215,-0.0016159269640052543,-0.006271738500197799,0.0018597468427701425,0.002399977301271885,-0.03312375973867354,0.5160431988778528,0.7935138841541249,-0.00134348960250108,80766.58290831093,80896.65433808001,80657.15692268148,-0.0024381004220064284,-0.004046413890099743,-0.001053681614465063,-0.00025664214968460923,-0.00016515975059530277,-1.0017521179072758e-05,22.962154294032132,-112.7658826973784,-96.287875975749,-16.4780067216294,-4.587467470732777e-05,-5.105544306730668e-05,5.180768359978908e-06,0.009424254184100315,149.39999999999938,0.0018542951010119112,168.8192,0.0,0,15,1,0.5,0.0,0.0,0.0,0.0,0.0,0.0,0.0,0.0,0.0,0.0,0,0,high
2026-05-13 00:10:00,80408.9,80454.0,80375.2,80420.0,43.945,3533848.8964,-0.001859746842770349,-0.002311427561821233,-0.0033765363029765183,-0.007377592921390175,0.00013803489320172158,0.000979921634947129,-0.6843246695034453,0.2755162913231333,0.7921032978355509,-0.0024529866110629683,80733.57501228132,80877.96201109649,80654.79715230654,-0.0038885284776561946,-0.0056745465864835865,-0.0028844391193540986,-0.00040931878712134633,-0.0002316141463668732,-2.8422788060577996e-05,20.050842071814614,-126.3130631060194,-102.29291340180309,-24.02014970421631,-0.00016839936637567325,-7.452422772898001e-05,-9.387513864669324e-05,0.010052021277632245,147.0999999999996,0.0018291469783635861,159.50055000000003,0.0,0,10,1,0.5,0.0,0.0,0.0,0.0,0.0,0.0,0.0,0.0,0.0,0.0,0,1,high
2026-05-13 00:05:00,80432.6,80475.5,80408.9,80408.9,44.529,3582130.9849,-0.0001380348932027431,-0.003157594782578599,-0.002360135200847324,-0.007145259726211606,-0.0002947000639951824,0.0008279236993057544,0.013201810294129146,0.2863005670524492,0.7928590273140603,-0.000576259613007224,80702.65358254024,80859.56742242604,80652.35041447263,-0.00364308114506251,-0.005584637107933332,-0.0029923996442722256,-0.00038348222579576505,-0.00022794437173298575,-2.951345577343536e-05,22.466176121528804,-136.37295586938853,-109.1089218953202,-27.26403397406834,-0.00012513087109191072,-8.464555640156615e-05,-4.048531469034457e-05,0.010233197654841299,139.67857142857142,0.0017371033732406665,155.53235,0.0,0,5,1,0.5,0.0,0.0,0.0,0.0,0.0,0.0,0.0,0.0,0.0,0.0,0,1,high
2026-05-13 00:00:00,80459.8,80494.2,80362.9,80432.6,124.078,9976914.5859,0.00029470006399634485,-0.0017030816719767472,-0.0021547623910276315,-0.005459219847111285,-0.0003381141714478008,0.0016325052380075445,1.0247697377944989,0.7921175120929463,0.7935234186459486,-0.000495945049072688,80676.93419372688,80842.82360193876,80650.16384318435,-0.003029487644774065,-0.005082488532409002,-0.002670856798383525,-0.0003188934362917546,-0.0002074485115083061,-2.6287450601596753e-05,21.213217559093863,-140.80993218407093,-115.44912395307036,-25.360808231000576,-5.5284892490837156e-05,-7.877342361942036e-05,2.34885311285832e-05,0.010092227713973695,136.19285714285692,0.0016932544408965633,156.64090000000002,0.0,0,0,1,0.5,0.0,0.0,0.0,0.0,0.0,0.0,0.0,0.0,0.0,0.0,0,1,high
2026-05-12 23:55:00,80443.6,80476.4,80420.5,80459.8,39.826,3203887.8328,0.00033811417144669065,0.0004947793422402924,-0.0025247805471355633,-0.005579745008379433,0.0002013630545375939,0.000694854931936488,-1.136390434768753,0.2593484380062092,0.7939459828518913,-0.0009171959741482993,80656.25474670528,80827.8030685294,80648.26967559048,-0.0024350521901546074,-0.0045583204644543684,-0.002309531257514763,-0.00025632128317380743,-0.0001860538964904631,-2.266156381504663e-05,27.210610932476342,-140.51172351682908,-120.46164386582211,-20.050079651006968,3.5310012238871794e-06,-6.231253865075885e-05,6.584353987464603e-05,0.009835078475097955,124.8785714285706,0.0015520616684179004,153.56175000000002,0.0,23,55,1,0.5,0.0,0.0,0.0,0.0,0.0,0.0,0.0,0.0,0.0,0.0,0,0,high
2026-05-12 23:50:00,80442.1,80463.2,80409.4,80443.6,48.559,3906063.8452,-0.00020136305453632986,0.00043145118090670564,-0.0015663305550663864,-0.004420647770217556,1.8646778427790187e-05,0.0006688522719927122,0.19825958812199396,0.3505687835749078,0.7937131941380127,0.0001993099838877299,80636.00191368573,80812.73628152825,80646.2331614055,-0.002385328078528204,-0.0045730292633443526,-0.0024859102890459894,-0.00025108716616071436,-0.0001866542556295167,-2.4439688100830544e-05,30.847509113001692,-139.96911873747013,-124.36313884015172,-15.605979897318406,6.53636999633467e-06,-4.854275692134015e-05,5.507912691767482e-05,0.009105384233302533,116.22142857142795,0.0014447566813447924,138.5149,0.0,23,50,1,0.5,0.0,0.0,0.0,0.0,0.0,0.0,0.0,0.0,0.0,0.0,0,1,high
2026-05-12 23:45:00,80469.5,80495.4,80382.9,80442.1,161.561,12993001.5925,-1.8646778428887956e-05,0.00011810433848147284,0.0002747695092750746,-0.003148858333466009,-0.0003405596646210159,0.0013985729378984345,1.2021032268684824,1.152390503607796,0.7938210023992447,0.0017177045636938004,80617.53506476327,80798.20152538989,80644.20198567012,-0.002175024870579634,-0.004411610314644321,-0.002479636101629268,-0.00022894998637673088,-0.000180065727111845,-2.438204720857241e-05,32.29448242963953,-138.06856948028144,-127.10422496817768,-10.964344512103764,2.339217245629505e-05,-3.4155771045813115e-05,5.7547943502108164e-05,0.008398758458089196,118.27857142857101,0.0014703565847804943,140.1964,0.0,23,45,1,0.5,0.0,0.0,0.0,0.0,0.0,0.0,0.0,0.0,0.0,0.0,0,1,high
2026-05-12 23:40:00,80507.6,80520.0,80439.9,80469.5,137.116,11033041.7568,0.00034055966462176457,0.00012054983165654676,0.0007533640670995823,-0.0024240660819376814,-0.0004733592630432984,0.0009952790305178976,-0.16405549743157533,1.309338908753738,0.7942436116691987,0.0013845843551383297,80603.43648716678,80785.31126949225,80642.4636574545,-0.0016597542339624738,-0.003911401604923981,-0.0021177920943511452,-0.00017471097199592178,-0.000159649045083076,-2.0750786394340203e-05,38.18754141815735,-132.8203491849854,-128.24744981153924,-4.572899373446148,6.498635306051784e-05,-1.4327346224546927e-05,7.931369928506477e-05,0.0074782585580277505,116.47857142857121,0.0014474872023384165,104.72155000000001,0.0,23,40,1,0.5,0.0,0.0,0.0,0.0,0.0,0.0,0.0,0.0,0.0,0.0,0,1,high
2026-05-12 23:35:00,80504.8,80528.3,80431.1,80507.6,123.941,9974083.75,0.00047335926304370446,0.0007952721492365811,0.0009320232661469419,-0.0012971724085026892,3.4779929996529954e-05,0.0012077581280161684,-0.10102163697376909,1.162543768566173,0.7946429792536325,0.0011195606076839226,80594.3092026747,80774.42063147295,80641.12173051466,-0.0010734049736882412,-0.0033032171520019915,-0.0016280703155739928,-0.00011298999723024308,-0.00013482518986241793,-1.583426848948404e-05,39.41214680091016,-124.15555722503632,-127.42907129423867,3.273514069202349,0.00010742750123639679,1.0023623267641818e-05,9.740387796875496e-05,0.0068562529098127704,117.00714285714328,0.0014533676678617083,106.61190000000002,0.0,23,35,1,0.5,0.0,0.0,0.0,0.0,0.0,0.0,0.0,0.0,0.0,0.0,0,1,high
2026-05-12 23:30:00,80620.1,80621.1,80504.7,80504.8,49.188,3963053.1809,-3.4779929997341696e-05,0.0007791389976681273,0.0005591291647029095,-0.0016531924521210328,-0.0014311880991795482,0.0014448340396037678,-0.9241559546114146,0.5644479711923602,0.7944301453632896,0.00048416251139826727,80585.78451670568,80763.84727337598,80639.76529538516,-0.0010026434842878018,-0.003207095235646662,-0.0016463044719845499,-0.0001055414193985382,-0.0001309018463382973,-1.6022782534338347e-05,32.46496586417625,-116.17538623389555,-125.17833428217006,9.002948048274504,9.891954778417977e-05,2.780280817094941e-05,7.111673961323036e-05,0.0057689173598306585,119.08571428571511,0.0014792374403230007,87.14355,0.0,23,30,1,0.5,0.0,0.0,0.0,0.0,0.0,0.0,0.0,0.0,0.0,0.0,0,1,high
2026-05-12 23:25:00,80602.2,80631.6,80600.1,80620.1,24.594,1982712.1384,0.0014311880991790815,0.0018697674322254443,0.002191680318418321,-0.0009905772006533198,0.00022205364981846515,0.0003907420240658,-0.6931471805599454,0.3094357521972467,0.7958419108513048,0.002128716713292178,80589.0526579718,80758.21012540045,80639.56962080422,0.00038773084204457575,-0.0017062637193525632,-0.00021297591138491612,4.0813772846949405e-05,-6.964341710232167e-05,-1.6226742585829274e-06,44.58502786564305,-99.40145869116532,-120.02295916396912,20.621500472803802,0.00020806980256037196,6.385620704883392e-05,0.00014421359551153805,0.005135607424603929,120.91428571428696,0.0014998032217063357,79.48015000000001,0.0,23,25,1,0.5,0.0,0.0,0.0,0.0,0.0,0.0,0.0,0.0,0.0,0.0,0,0,high
2026-05-12 23:20:00,80580.4,80602.3,80557.5,80602.2,47.967,3864846.526,-0.00022205364981786602,0.0011743545193638738,0.001988273447029343,-0.0011134933466721009,0.0002705006636316181,0.0005559699274135202,0.6680107637211377,0.6071522374079547,0.7950470243086194,0.0012260219093747082,80590.304785784,80752.09208126711,80639.1977837813,0.00014989841201362708,-0.0018526970801833187,-0.00043070090885244383,1.577878021220508e-05,-7.56202889735195e-05,-3.816017298973804e-06,50.28027857992209,-86.55463273957139,-113.32929387908958,26.774661139518187,0.0001593326854130695,8.295150272168104e-05,7.638118269138845e-05,0.0049088930457247566,117.58571428571615,0.001458840010393217,79.00325000000001,0.0,23,20,1,0.5,0.0,0.0,0.0,0.0,0.0,0.0,0.0,0.0,0.0,0.0,0,0,high
2026-05-12 23:15:00,80571.0,80598.3,80553.6,80580.4,35.725,2878458.264,-0.0002705006636318785,0.000938633785729337,0.0013772131187756997,-0.0002295580149720422,0.0001166604821385762,0.00055475611700979,-0.2946625506554619,0.45625565131212614,0.794701511494587,0.0004578998253883526,80589.36147285218,80745.35905847231,80638.61273120638,-0.00010911632289278828,-0.0020399350871951327,-0.0006942244424106292,-1.1485928725326687e-05,-8.326265660718063e-05,-6.469595869450468e-06,47.87004806895318,-77.24210946990934,-106.11185699725354,28.869747527344202,0.00011546785822232072,8.945477382180899e-05,2.6013084400511736e-05,0.004745974923177221,110.84285714285839,0.0013755560551059365,78.3004,0.0,23,15,1,0.5,0.0,0.0,0.0,0.0,0.0,0.0,0.0,0.0,0.0,0.0,0,1,high
2026-05-12 23:10:00,80616.9,80669.8,80525.0,80571.0,63.971,5154685.4461,-0.00011666048213854197,-0.0006092147955882865,0.0007871933735934533,-0.00043554575128723627,-0.0005695216730369491,0.0017965844921521046,0.5825791318515852,0.8701980530014017,0.7946395630351333,-3.4162184991970435e-06,80587.61276115196,80738.52144833613,80637.93996771178,-0.00020427425217128814,-0.002072023194065409,-0.0008028164178384145,-2.1502552859918617e-05,-8.45723752554693e-05,-7.5660225984961556e-06,41.70266378689762,-69.81557859515306,-98.85260131683344,29.037022721680387,9.205710657408208e-05,8.997524037226362e-05,2.081866201818466e-06,0.004696381100033774,110.72142857143002,0.0013742094372842589,73.51315,0.0,23,10,1,0.5,0.0,0.0,0.0,0.0,0.0,0.0,0.0,0.0,0.0,0.0,0,1,high
2026-05-12 23:05:00,80633.5,80633.6,80578.4,80616.9,42.576,3431932.0961,0.0005695216730376984,0.00018236052726727792,0.0013914949766284934,-0.0005741564058041604,-0.00020589096285839625,0.0006848125717348338,-0.40713914143218277,0.5727792628507392,0.7952556954772607,0.0008255501139711185,80590.40202199464,80733.75197977394,80637.73061479922,0.00033046195221153596,-0.0014435798927525667,-0.0002309734040562006,3.478546865414014e-05,-5.8921628263580375e-05,-1.823856472762877e-06,54.645669291338166,-59.539913908723975,-90.99006383521156,31.450149926487583,0.00012740444337001593,9.746108097181407e-05,2.9943362398201855e-05,0.004648699018492965,96.69285714285901,0.0011994117504252708,74.3323,0.0,23,5,1,0.5,0.0,0.0,0.0,0.0,0.0,0.0,0.0,0.0,0.0,0.0,0,1,high
2026-05-12 23:00:00,80607.4,80674.8,80588.7,80633.5,55.808,4499685.4723,0.00020589096285839048,0.0006587521537575469,0.00016619784030780238,0.0007915476036597369,0.0003237392029932816,0.0010678176795269256,0.27062651405118077,0.7455923837566992,0.7952447260521183,-0.0005971847991865786,80594.50659132848,80729.82052958674,80637.68851912957,0.0004852716850631822,-0.001189152109114744,-2.4832864669477317e-05,5.108123000692589e-05,-4.853682076860113e-05,2.4295764993516614e-07,78.47425980261227,-49.48644540616078,-82.6893401494014,33.20289474324062,0.00012463874525144361,0.00010289661382773999,2.1742131423703622e-05,0.0044146981659585844,88.95000000000229,0.001103139513973749,74.85055,0.0,23,0,1,0.5,0.0,0.0,0.0,0.0,0.0,0.0,0.0,0.0,0.0,0.0,0,0,high
2026-05-12 22:55:00,80648.1,80687.9,80605.5,80607.4,29.415,2372273.237,-0.000323739202993778,0.0004516734329023109,6.451228713189039e-05,0.002327555243436308,-0.0005047889946606349,0.0010217405940786746,-0.6404124799700952,0.39660201799843736,0.7947760633017253,-0.0002709610068940549,80595.73453501148,80725.0197245049,80637.38714082979,0.0001461484361584553,-0.0014535622410463134,-0.0003451036888808545,1.5384045911620758e-05,-5.9329071051941404e-05,-2.9807454410470545e-06,75.45524493459709,-43.12789948070713,-74.77705201566256,31.649152534955434,7.880180334980864e-05,9.807765173215372e-05,-1.9275848382345083e-05,0.004133099659837171,90.07857142857289,0.0011174975427637275,74.16754999999999,0.0,22,55,1,0.5,0.0,0.0,0.0,0.0,0.0,0.0,0.0,0.0,0.0,0.0,0,1,high
2026-05-12 22:50:00,80604.4,80662.0,80604.2,80648.1,26.832,2163603.6633,0.0005047889946609985,0.00038694075452561094,0.0008398019454247674,0.0029703791313000494,0.0005420071139341872,0.0007168272393719017,-0.0919095432355661,0.3670633427771341,0.7953539267015621,0.000652415206975121,80600.72172215325,80722.0032647204,80637.49373644342,0.0005889433897898755,-0.0009115664524106393,0.0001580963972642735,6.199404103060912e-05,-3.720679396515944e-05,2.0716897838489205e-06,76.48070779061042,-34.40792304929346,-66.70322622238874,32.29530317309528,0.00010808506060902486,0.00010007913350752796,8.005927101496893e-06,0.004261342289139783,84.82857142857289,0.0010518359568120375,73.09909999999999,0.0,22,50,1,0.5,0.0,0.0,0.0,0.0,0.0,0.0,0.0,0.0,0.0,0.0,0,0,high
2026-05-12 22:45:00,80619.3,80626.2,80587.0,80604.4,15.163,1222240.5227,-0.0005420071139337068,-0.00036095732226648636,0.00041445531362960253,0.0021336719533699977,-0.00018483634902850964,0.0004863125447862331,-0.5707369552620509,0.23472790263505797,0.794616542229539,-2.3020805594242688e-05,80601.07203432913,80717.39137198628,80637.16444553353,4.2466154345888185e-05,-0.0013965706813898748,-0.0003800907095392603,4.470121510198079e-06,-5.700288494431816e-05,-3.342029656126758e-06,67.07605101558553,-30.669959485676372,-59.49657287504627,28.826613389369896,4.629094227055364e-05,8.932149526013311e-05,-4.303055298957947e-05,0.004257983411719071,85.20000000000229,0.0010570142572862312,64.59819999999999,0.0,22,45,1,0.5,0.0,0.0,0.0,0.0,0.0,0.0,0.0,0.0,0.0,0.0,0,1,high
2026-05-12 22:40:00,80625.1,80628.2,80595.7,80619.3,16.966,1367691.2254,0.00018483634902821677,0.00014761822975550842,2.9769989620120896e-05,0.001980394130951524,-7.194048292531286e-05,0.00040316603729615216,0.112353091566741,0.2783871724651688,0.7949575138382006,-0.0002981816390601466,80602.80803105969,80713.54465151623,80636.98668985658,0.00020565464591015825,-0.001164215338937069,-0.0001933115310546185,2.1647857464295095e-05,-4.751899341598346e-05,-1.4696079776755788e-06,70.81260364842176,-26.20323635765817,-52.837905571568655,26.634669213910485,5.533102959469058e-05,8.25234021270446e-05,-2.7192372532354025e-05,0.004119232998931115,83.6785714285735,0.0010379471346014355,60.9439,0.0,22,40,1,0.5,0.0,0.0,0.0,0.0,0.0,0.0,0.0,0.0,0.0,0.0,0,0,high
2026-05-12 22:35:00,80617.3,80625.2,80570.5,80625.1,25.978,2093678.8262,7.194048292546995e-05,-0.0002852302819800201,-0.00010418049031279963,0.0022536976684133236,9.674874606296088e-05,0.0006786781793756292,0.4260386845995492,0.4487716564542237,0.7949872494733139,-0.000257476578804372,80604.93107572067,80710.07623380971,80636.86841433562,0.00025115749751769556,-0.0010494405479342106,-0.0001201633760086196,2.6437631317740318e-05,-4.28343080692598e-05,-7.391593119726383e-07,71.45872420262401,-21.94237651252479,-46.65879975975989,24.7164232472351,5.277722801315777e-05,7.657416730426724e-05,-2.379693929110947e-05,0.004219007339074132,79.55000000000187,0.0009866654428955979,57.886900000000004,0.0,22,35,1,0.5,0.0,0.0,0.0,0.0,0.0,0.0,0.0,0.0,0.0,0.0,0,0,high
2026-05-12 22:30:00,80617.4,80680.6,80594.7,80617.3,40.223,3244100.0672,-9.674874606346862e-05,0.0001600280858902181,0.00012280996661750976,0.002175595700778743,-1.2404277737754789e-06,0.0010652593189796015,0.43718894533407626,0.6970960541274991,0.7948526190813521,7.655577962673021e-05,80606.10906850918,80706.4379501309,80636.67370374523,0.00013970315607814143,-0.001101240694234562,-0.00021475379250013304,1.4705595376672802e-05,-4.494859975530721e-05,-1.6944785831318023e-06,68.16617502457973,-18.976262656520703,-41.12229233911206,22.146029682591355,3.671824579474058e-05,6.860298300236191e-05,-3.188473720762133e-05,0.004050351175480933,79.9642857142878,0.0009918998244085053,57.7008,0.0,22,30,1,0.5,0.0,0.0,0.0,0.0,0.0,0.0,0.0,0.0,0.0,0.0,0,0,high
2026-05-12 22:25:00,80615.2,80628.7,80582.6,80617.4,30.278,2440854.6859,1.2404277747180004e-06,-2.3567835363280665e-05,-0.0003807386002687707,0.0018362764639316964,2.7289766463228053e-05,0.0005719202221750677,-0.28401759512948166,0.5313025053410132,0.7948794665050496,-0.00047446019651253835,80607.18439531783,80702.94626581203,80636.4819255985,0.00012752038539076693,-0.0010568630011089652,-0.00021138885363392035,1.3423198462200916e-05,-4.313726534236505e-05,-1.6652755347949884e-06,64.88611713665598,-16.428153365835897,-36.183464544456825,19.75531117862093,3.15347807640441e-05,6.118934255469835e-05,-2.965456179065425e-05,0.003753097118804101,76.31428571428738,0.0009466230083615619,56.98825000000001,0.0,22,25,1,0.5,0.0,0.0,0.0,0.0,0.0,0.0,0.0,0.0,0.0,0.0,0,0,high
2026-05-12 22:20:00,80648.6,80658.9,80610.0,80615.2,31.923,2573899.121,-2.7289766464377863e-05,-0.00012279808475312848,0.00013397874720055825,0.001335627434423614,-0.00041422812159440446,0.0006064405660192685,0.05290537693801722,0.6094443542921506,0.7948561689419424,0.00023962671240340683,80607.94778623995,80699.50523578019,80636.27016514479,9.06848456967424e-05,-0.001041636972766824,-0.00023630370845495463,9.545773231098175e-06,-4.251579479813025e-05,-1.9202455937958132e-06,64.99185225420722,-14.420054595466354,-31.830782554658732,17.41072795919238,2.4838377786288e-05,5.391914960101629e-05,-2.908077181472829e-05,0.003478696866866953,71.49285714285777,0.0008868409077054672,52.380500000000005,0.0,22,20,1,0.5,0.0,0.0,0.0,0.0,0.0,0.0,0.0,0.0,0.0,0.0,0,0,high
2026-05-12 22:15:00,80587.3,80648.6,80567.0,80648.6,53.451,4308763.5113,0.00041422812159375155,0.0003881787829040917,0.000363370519766093,0.0017846354860147073,0.0007603766028967161,0.0010123090689540953,0.5154385932422385,1.0073357927320528,0.7952828849279641,0.00032537108976349316,80611.81942564568,80697.5089520241,80636.39285006872,0.00045682601802532474,-0.0006028045824990613,0.00017615402096815558,4.808694926563659e-05,-2.4604268665115285e-05,2.2205341792146082e-06,54.97729654208791,-10.018039267146378,-27.468233897156264,17.450194630009886,5.452964996748328e-05,5.4041249674309696e-05,4.884002931735871e-07,0.0033286088173300793,68.26428571428654,0.000846441050610755,53.06175,0.0,22,15,1,0.5,0.0,0.0,0.0,0.0,0.0,0.0,0.0,0.0,0.0,0.0,0,0,high
2026-05-12 22:10:00,80632.0,80648.1,80575.8,80587.3,65.379,5270212.6952,-0.0007603766028960735,-0.00037343824776669976,-0.0004689465660554504,-0.00040692921606044763,-0.000554524193386604,0.0008968894170973803,0.20143575961184101,1.2129065771226886,0.794361131692165,-0.0006261177811488494,80609.48424225085,80693.1870323369,80635.90436399837,-0.0002746410053600101,-0.0013097230996930165,-0.0005784094219087876,-2.8909579511669125e-05,-5.345808569378031e-05,-5.367497035464876e-06,47.74037003336483,-11.345029659292777,-24.243593049583566,12.89856339029079,-1.653003959307607e-05,3.9926991820832546e-05,-5.6457031413908616e-05,0.0029237723334551175,68.99285714285777,0.000856125681625489,53.902750000000005,0.0,22,10,1,0.5,0.0,0.0,0.0,0.0,0.0,0.0,0.0,0.0,0.0,0.0,0,1,high
2026-05-12 22:05:00,80716.3,80750.0,80632.0,80632.0,83.827,6766299.8636,0.0005545241933866407,0.00020837571208431882,0.00018232637339465896,0.0003696486271440591,-0.0010449444793736145,0.0014623690501890832,0.24855404531642122,1.6760020033569223,0.7951728182190685,0.00032019913771641484,80611.62860013172,80690.78754087271,80635.86551460536,0.00025322764630963945,-0.000725583262921603,-2.36475645571943e-05,2.665554171674133e-05,-2.9615643376901055e-05,2.0356456077498033e-07,57.31707317073182,-8.689594443378155,-21.132793328342483,12.443198884964328,3.287716218793385e-05,3.8517025894252804e-05,-5.639863706318954e-06,0.0024202749689758328,77.14285714285818,0.0009567275665102959,50.01605,0.0,22,5,1,0.5,0.0,0.0,0.0,0.0,0.0,0.0,0.0,0.0,0.0,0.0,0,0,high
2026-05-12 22:00:00,80543.3,80749.5,80543.3,80716.3,234.363,18903008.323,0.0010449444793732,0.0008390920698637672,0.0012260304249931409,0.0016850937701491375,0.0021456095186785035,0.002556842119859242,1.0281160441157056,4.270587334907724,0.7960627766699631,0.0011833101649134647,80621.59730488107,80691.78802946596,80636.66585774362,0.0011745366851414474,0.0003068372471783931,0.0010111347564585316,0.00012363544054116594,1.2523969279965649e-05,1.0598996548958311e-05,66.99415204678223,0.2146877849882003,-16.86329710567635,17.07798489066455,0.00011033368597326051,5.2880357910054345e-05,5.7453328063206165e-05,0.002288455072822542,81.52857142857205,0.0010100632886860777,54.8784,0.0,22,0,1,0.5,0.0,0.0,0.0,0.0,0.0,0.0,0.0,0.0,0.0,0.0,0,0,high
2026-05-12 21:55:00,80499.9,80561.7,80498.1,80543.3,84.064,6770292.5413,-0.0021456095186778157,-0.0005461408459179751,-0.000892289327220297,-0.0003438552663901362,0.0005389858255508704,0.0007897688101658957,-1.0252927819107809,1.5895757834755138,0.7934658961543519,-0.0013902727875905185,80614.14041870192,80685.9649694869,80635.73684423373,-0.0008785897065326509,-0.0017666635549709042,-0.0011231864561267457,-9.248312700349895e-05,-7.210871652230028e-05,-1.085581454782551e-05,43.364587089795826,-6.612039104875294,-14.813045505516138,8.201006400640845,-8.475549536108895e-05,2.5353187255825686e-05,-0.00011010868261691464,0.0021113527613306217,92.64285714285714,0.001150224253821946,52.884550000000004,0.0,21,55,1,0.5,0.0,0.0,0.0,0.0,0.0,0.0,0.0,0.0,0.0,0.0,0,0,high
2026-05-12 21:50:00,80441.8,80509.8,80441.8,80499.9,46.608,3750507.4711,-0.0005389858255515634,-0.0016396508648561792,-0.001845503274365612,-0.001452362764979398,0.0007220006067275116,0.0008449745643521519,-0.5898062132860509,0.8834710281667045,0.7936451652583951,-0.0016377196695689378,80603.26037882555,80678.66830401683,80634.38523384335,-0.0012825683385511155,-0.0022152317577575076,-0.001645633254000245,-0.00013500719353188602,-9.041762275874198e-05,-1.611083953293733e-05,38.510491916065206,-15.347371692594606,-14.919910742931831,-0.42746094966277504,-0.00010847355655187722,-1.4121615057148952e-06,-0.00010706139504616232,0.002143612156449675,93.74285714285672,0.0011645089887423056,52.75555000000001,0.0,21,50,1,0.5,0.0,0.0,0.0,0.0,0.0,0.0,0.0,0.0,0.0,0.0,0,0,high
2026-05-12 21:45:00,80543.8,80553.0,80441.8,80441.8,88.429,7117579.1406,-0.0007220006067267803,-0.0034065959509561594,-0.0018071272781963188,-0.002380254334564569,-0.001267194254009588,0.0013814112963096636,0.6404277699271153,1.5805767213073734,0.7933211601310983,-0.0010399715610667215,80587.88319988978,80669.37935091813,80632.46896285984,-0.001813657617155684,-0.002822046781563614,-0.002344075314850258,-0.00019091132812187596,-0.00011518558291435133,-2.313461831098552e-05,36.50146723182417,-26.651152247737627,-17.26615904389299,-9.384993203844637,-0.00014041938696260467,-2.9213606597092855e-05,-0.00011120578036551181,0.002838518999538,95.7999999999998,0.0011909231270309688,55.9473,0.0,21,45,1,0.5,0.0,0.0,0.0,0.0,0.0,0.0,0.0,0.0,0.0,0.0,0,1,high
2026-05-12 21:40:00,80530.2,80553.3,80485.9,80543.8,55.405,4461660.0262,0.0012671942540087855,6.207821730441765e-06,-0.001094457217574174,-0.0007893208775620053,0.000168866484129248,0.0008370633229110569,-0.4675301277559054,0.9837675251068907,0.795030525151958,-0.00014229306711044387,80583.68479990028,80664.45467048997,80631.58668462244,-0.0004944192333233843,-0.0014938779186302042,-0.0010661658264066176,-5.2044129823717726e-05,-6.0974608917365575e-05,-1.0295525054072376e-05,42.270638802430796,-27.0669216029346,-19.226311555701315,-7.840610047233284,-5.16573942557842e-06,-2.440403316278997e-05,1.923829373721155e-05,0.0029095050171301148,99.63571428571387,0.0012370376650432916,56.3192,0.0,21,40,1,0.5,0.0,0.0,0.0,0.0,0.0,0.0,0.0,0.0,0.0,0.0,0,1,high
2026-05-12 21:35:00,80524.1,80559.5,80500.0,80530.2,56.121,4518917.2299,-0.00016886648412928196,0.0003763271631527232,-0.002308268181076656,-0.0014629763563522857,7.575084928389034e-05,0.0007388574124072461,0.012840231646588762,0.9787579134620416,0.7945304350835425,-0.0015323415864205714,80578.59100943358,80659.18978145115,80630.57786188988,-0.000600115649124433,-0.0015975387399063123,-0.0012227434318248243,-6.317006832900956e-05,-6.520566284724466e-05,-1.187334554238292e-05,44.24449270865694,-28.169112162097008,-21.014871676980455,-7.154240485116553,-1.3696464888488273e-05,-2.2262519507929634e-05,8.56605461944136e-06,0.0030018406515953623,99.52142857142773,0.0012358274109765992,57.339,0.0,21,35,1,0.5,0.0,0.0,0.0,0.0,0.0,0.0,0.0,0.0,0.0,0.0,0,1,high
2026-05-12 21:30:00,80616.9,80619.5,80515.3,80524.1,54.694,4406023.6141,-7.575084928390652e-05,0.001022576920595597,-0.0002384095116827467,-0.0009967200917024854,-0.0011517864511095383,0.0012933272579799173,-0.025756059837137357,0.9616502110324106,0.7944768772431932,0.001010981088841234,80573.40138948752,80653.89214296287,80629.51838067705,-0.0006114982604650265,-0.0016076703896139577,-0.0012855739400023936,-6.436823794376165e-05,-6.561919957025101e-05,-1.2508942594537384e-05,42.51336898395748,-29.198245937383035,-22.651546529060973,-6.546699408322063,-1.2795968783290963e-05,-2.03692093630019e-05,7.573240579710938e-06,0.003096091441854276,104.6428571428561,0.0012995222193462094,56.87515,0.0,21,30,1,0.5,0.0,0.0,0.0,0.0,0.0,0.0,0.0,0.0,0.0,0.0,0,1,high
2026-05-12 21:25:00,80617.9,80621.1,80580.0,80616.9,52.823,4257229.1307,0.0011517864511105813,0.0009071691176973928,0.001452362764979398,-2.9769989620120896e-05,-1.2404270046075137e-05,0.0005099220897446434,-0.03480731227369471,0.9204617730341973,0.7956729482432845,0.0020277829848893703,80577.54411429825,80652.44147068981,80629.39282465042,0.000488832172488074,-0.0004380061369939625,-0.00013245627009794703,5.1456018156651967e-05,-1.7877801504336024e-05,-9.239138014516263e-07,49.43276148312038,-22.26895478196093,-22.575028179640967,0.30607339768003783,8.597857456459533e-05,9.003474225175447e-07,8.507822714207778e-05,0.003096091441854276,107.66428571428489,0.0013355051572844514,57.3875,0.0,21,25,1,0.5,0.0,0.0,0.0,0.0,0.0,0.0,0.0,0.0,0.0,0.0,0,1,high
2026-05-12 21:20:00,80644.5,80644.5,80605.0,80617.9,40.983,3304016.4664,1.2404270044896748e-05,0.0010884398718715715,0.002186767641751075,-8.93062025006941e-05,-0.00032989711478002316,0.0004899240095638492,-0.25378935535058567,0.7234900809850608,0.7952484168789358,0.001927256747837447,80581.38753198413,80651.08690321178,80629.27846818624,0.00045349963848195785,-0.00040891159765799046,-0.0001188574527883901,4.7736804050770516e-05,-1.6690269286719054e-05,-7.912950567118415e-07,50.04189944134018,-16.506473622794147,-21.361317268271602,4.854843645477455,7.14953382471343e-05,1.5019345587440897e-05,5.647599265969341e-05,0.003074820730424788,104.34999999999854,0.001294377551387453,56.646249999999995,0.0,21,20,1,0.5,0.0,0.0,0.0,0.0,0.0,0.0,0.0,0.0,0.0,0.0,0,1,high
2026-05-12 21:15:00,80642.4,80688.1,80633.2,80644.5,53.134,4285766.235,0.0003298971147813745,0.0014940878359368526,0.001249470502523664,0.00033733965834414903,2.6040552582023082e-05,0.0006806293046164547,0.25965967808727486,0.9187615203986707,0.7954540669699561,0.00042354181799808543,80587.39824322374,80650.8285932819,80629.42992621424,0.0007087875386666553,-7.591587570487945e-05,0.00020893976485858445,7.460921459654234e-05,-3.098607166401659e-06,2.499136881975585e-06,51.824915824916225,-9.681663898416446,-19.025386594300574,9.343722695884129,8.46603761740034e-05,2.8947551704753397e-05,5.5712824469250004e-05,0.003124725752404114,106.07142857142857,0.001315296499717012,57.8322,0.0,21,15,1,0.5,0.0,0.0,0.0,0.0,0.0,0.0,0.0,0.0,0.0,0.0,0,0,high
2026-05-12 21:10:00,80680.8,80680.9,80642.4,80642.4,44.678,3603998.2911,-2.6040552581818588e-05,0.00031626083224445267,0.0013922964340711275,0.00031005867798761244,-0.0004760629683175283,0.0004773024198106917,-0.17333581421900268,0.760806818278572,0.7952370186640465,0.0007065835805040166,80592.63650577386,80650.49806021202,80629.55898167481,0.0006177234636002282,-9.795813698154632e-05,0.00018107931961708346,6.50235224843175e-05,-3.998291300339578e-06,2.2151598723855932e-06,51.831896551723915,-4.391779767916887,-16.098665229023837,11.70688546110695,6.561618597179138e-05,3.6281278558160994e-05,2.9334907413630388e-05,0.0031127181742608917,105.32857142857185,0.0013061190072290985,58.7245,0.0,21,10,1,0.5,0.0,0.0,0.0,0.0,0.0,0.0,0.0,0.0,0.0,0.0,0,0,high
2026-05-12 21:05:00,80660.7,80700.8,80655.1,80680.8,61.753,4982117.1476,0.0004760629683175921,0.000779919530517148,0.001944110251672626,0.0008134114127695824,0.00024916094252234577,0.0005664497080299955,0.32366134688219095,1.0114488813181772,0.795649272681139,0.0011723954379458945,80601.0330290335,80651.68637157626,80630.06884255366,0.000989616295543172,0.00036327719089079835,0.0006506035587001691,0.00010417013637320079,1.4827640449383233e-05,6.930063439004563e-06,52.15413433235192,2.8660129812633386,-12.305729586966404,15.171742568229742,9.000160345238407e-05,4.702534353700561e-05,4.297625991537846e-05,0.0032565782681377897,103.67142857142919,0.0012849578657057091,61.05400000000001,0.0,21,5,1,0.5,0.0,0.0,0.0,0.0,0.0,0.0,0.0,0.0,0.0,0.0,0,0,high
2026-05-12 21:00:00,80646.8,80692.9,80625.7,80660.7,54.549,4400043.9234,-0.0002491609425234742,0.0002008614732122993,0.0005431628580385706,0.00015002234865235664,0.00017234164604119795,0.000833133983149181,-0.12404317701855527,0.8667768894453877,0.7951691369596716,-0.0005038112836128761,80606.71559769698,80652.03984720072,80630.37363018995,0.0006699357955888274,0.00010964110137123839,0.00039744816228370894,7.051955743066031e-05,4.475146999467254e-06,4.38189422544756e-06,55.19682809402386,6.916237921686843,-8.461336085235756,15.377574006922599,5.0228708551539606e-05,4.766601653991241e-05,2.562692011627194e-06,0.0033229861460934754,103.27142857142879,0.0012803190224164778,62.93315,0.0,21,0,1,0.5,0.0,0.0,0.0,0.0,0.0,0.0,0.0,0.0,0.0,0.0,0,0,high
2026-05-12 20:55:00,80661.4,80675.9,80627.3,80646.8,55.622,4486320.7831,-0.00017234164604040814,5.4560379753709753e-05,0.0003584169419532657,0.000738057305508022,-0.000181019936244535,0.0006025919072976848,0.01947942614235343,0.8634898358853909,0.7950115568040435,-0.00023686007489231997,80610.53315982109,80651.83436299677,80630.53707665573,0.00045020423054431546,-6.0241699781471425e-05,0.0002228666504091592,4.738991900484427e-05,-2.458844884449427e-06,2.6234510387226284e-06,51.09564702398599,8.901841645143577,-4.988700539159889,13.890542184303467,2.4623236670022404e-05,4.3057460565934414e-05,-1.843422389591201e-05,0.003352548610109354,95.12142857142837,0.0011794817472166083,64.41534999999999,0.0,20,55,1,0.5,0.0,0.0,0.0,0.0,0.0,0.0,0.0,0.0,0.0,0.0,0,0,high
2026-05-12 20:50:00,80600.0,80661.4,80584.1,80661.4,42.016,3386911.7047,0.00018101993624419777,-0.00024048265231968458,0.00020953976341608893,0.000364553048365579,0.0007614965883595184,0.0009587865202022363,-0.2805283083273351,0.6513603596620418,0.7952407817666263,-0.00021328520332986045,80615.37762079052,80652.20948601651,80630.84417042034,0.0005711075794749831,0.00011604183503344245,0.00039986781464662613,6.0116587313354124e-05,4.736401434321051e-06,4.398540443752232e-06,45.46805349182689,11.520740953885252,-1.6868122405508612,13.207553194436112,3.246975117108123e-05,4.093991868696378e-05,-8.470167515882545e-06,0.0034147722143275656,85.91428571428489,0.0010651226697563506,64.505,0.0,20,50,1,0.5,0.0,0.0,0.0,0.0,0.0,0.0,0.0,0.0,0.0,0.0,0,0,high
2026-05-12 20:45:00,80661.6,80665.2,80589.2,80600.0,88.713,7153082.1787,-0.0007614965883604441,-0.0007528182981566545,-0.0005259162723625366,-0.001441888019368065,-0.00076397608601337,0.0009426100078789547,0.7473559418991358,1.315694438779861,0.7944084570965817,-0.0008285615674648028,80613.91308547714,80650.16205519234,80630.53726325199,-0.00017225672232434874,-0.000620142802215895,-0.00035803047745908145,-1.8132286560340942e-05,-2.5311951106650132e-05,-3.2223066090258406e-06,55.73770491803259,8.543288948450936,0.35920799724949837,8.184080951201437,-3.6939223774283784e-05,2.5364090194714266e-05,-6.230331396899805e-05,0.003411128296236963,75.75714285714223,0.0009399149237858838,67.42675,0.0,20,45,1,0.5,0.0,0.0,0.0,0.0,0.0,0.0,0.0,0.0,0.0,0.0,0,1,high
2026-05-12 20:40:00,80619.0,80661.7,80556.4,80661.6,149.737,12067483.2937,0.0007639760860147504,0.0001834994338985041,-0.00023800315466537825,0.0014676975853245011,0.000528271856512367,0.0013063051229850282,0.5234739818554601,2.042310527712025,0.7954504248901113,-0.0001988477910277453,80618.45469638407,80650.61060204754,80630.84634520968,0.0005353651385782143,0.00013819276286497484,0.000401906348768577,5.635422511347727e-05,5.640520937326357e-06,4.411508242952033e-06,65.78176849502395,11.027128101472044,2.4927920180940077,8.534336083378037,3.079161288562279e-05,2.6449594732895974e-05,4.342018152726816e-06,0.003471401829599853,76.02857142857101,0.0009425621538448407,73.31745,0.0,20,40,1,0.5,0.0,0.0,0.0,0.0,0.0,0.0,0.0,0.0,0.0,0.0,0,0,high
2026-05-12 20:35:00,80701.5,80701.5,80611.2,80619.0,139.516,11252484.8383,-0.0005282718565133848,-0.0005257923588590785,-0.0005171140686552889,0.0014784115543626797,-0.0010228087216714384,0.001119564788538398,-0.07070113185006743,1.7974071349524035,0.79469042918047,-0.0004787077792016703,80618.50663006178,80649.3709705947,80630.728471128,6.41773139165025e-06,-0.00037478187429051957,-0.00012510813950861177,6.755506728237427e-07,-1.5297219354858394e-05,-8.888237446732087e-07,67.834138486312,9.449200052113156,3.8840736248978374,5.5651264272153185,-1.95791243247931e-05,1.724385092135816e-05,-3.682297524615126e-05,0.003438680008620009,74.53571428571429,0.0009245427788203065,77.62069999999999,0.0,20,35,1,0.5,0.0,0.0,0.0,0.0,0.0,0.0,0.0,0.0,0.0,0.0,0,1,high
2026-05-12 20:30:00,80770.1,80770.2,80664.2,80701.5,65.841,5313235.528,0.0010228087216717086,0.0012585129511730742,0.0006780362990568278,0.0032232208827611686,-0.0008496850731303561,0.0013132271093852287,-0.7509365454360832,0.8479878625208966,0.7958682895274638,0.0008567327234203503,80626.41076053209,80651.41524625765,80631.43266544513,0.0009312048861058742,0.0006226140298366545,0.0008887682380613882,9.802156695843181e-05,2.5412817548144227e-05,9.29722148335049e-06,66.52000838047309,14.686445027095033,6.044547905337277,8.641897121757756,6.49126704148577e-05,2.677761482005807e-05,3.8135055594799624e-05,0.0035983251413282255,77.37142857142837,0.0009587359413570797,77.6438,0.0,20,30,1,0.5,0.0,0.0,0.0,0.0,0.0,0.0,0.0,0.0,0.0,0.0,0,1,high
2026-05-12 20:25:00,80747.3,80774.6,80737.6,80770.1,32.489,2623866.2468,0.0008496850731312122,0.001344221938289536,0.0013467014359438423,0.0028057117018835953,0.00028232252564056644,0.0004581697314167008,-0.7063411740826346,0.4327429608841068,0.7963443290660717,0.0011035472994453954,80640.09545000522,80656.06955032598,80632.81243991831,0.0016112813916908664,0.001414561883244403,0.0017211552682958597,0.00016960856754631566,5.7737219727872385e-05,1.7659289658951103e-05,72.53428517753217,24.094697414591792,9.654577807188181,14.440119607403611,0.00011655976646218142,4.473404514848274e-05,7.182572131369868e-05,0.004013445796837638,78.34285714285735,0.0009699487451774524,75.0769,0.0,20,25,1,0.5,0.0,0.0,0.0,0.0,0.0,0.0,0.0,0.0,0.0,0.0,0,0,high
2026-05-12 20:20:00,80748.0,80760.5,80714.9,80747.3,22.046,1779914.5651,-0.00028232252564208693,0.0015901712691608338,0.0018258754986621994,0.0026922556603707903,-8.668982936414129e-06,0.0005647919275897102,-0.3877703909650725,0.3420049782000138,0.7956152429332892,0.0012067858367075246,80650.30540714758,80659.64721501908,80633.95161962062,0.0012023913549974452,0.001087837814166548,0.0014245159989449974,0.00012656751105218208,4.440154343885437e-05,1.4674395974363662e-05,70.32786885245821,29.3724484599079,13.598151937732126,15.774296522175774,6.539309860324386e-05,4.8865855839434966e-05,1.6527242763808892e-05,0.004126737219681684,74.84285714285839,0.0009268775196552503,64.46105,0.0,20,20,1,0.5,0.0,0.0,0.0,0.0,0.0,0.0,0.0,0.0,0.0,0.0,0,0,high
2026-05-12 20:15:00,80720.1,80760.6,80694.8,80748.0,69.912,5643370.4102,8.66898293772067e-06,0.000576031530426846,0.0010705683955851697,0.0027766754925924175,0.000345579099248099,0.000815085821136177,1.154106128784119,1.0965994781458888,0.7955783119932889,0.0001278871031775708,80659.6096540859,80663.11203011638,80635.08642937565,0.0010957212581317322,0.0010535065305514735,0.0014189244347981855,0.00011533907980318576,4.3000266556456976e-05,1.4614640620765224e-05,64.34668417596839,33.2285502935847,17.524231608902642,15.704318684682061,4.7773030753140775e-05,4.864729082217613e-05,-8.74260069035357e-07,0.00427042201910703,72.61428571428716,0.0008992703932516863,63.75345,0.0,20,15,1,0.5,0.0,0.0,0.0,0.0,0.0,0.0,0.0,0.0,0.0,0.0,0,0,high
2026-05-12 20:10:00,80758.2,80758.3,80683.5,80720.1,231.403,18679293.9694,-0.00034557909924792796,-0.0006192326419522942,0.0012532611528506266,0.0012793099422339083,-0.0004718900398010737,0.0009266497939498482,1.1969234709138208,3.170199415835996,0.7951718269823456,0.000481397801875616,80665.37063941106,80665.34685246476,80635.93233555101,0.0006787000485140027,0.000680165571251834,0.001062665282459463,7.144211036974637e-05,2.7761860054324234e-05,1.1030623308638925e-05,60.56221579165027,33.645398735432536,20.74846503420862,12.896933701223915,5.16460601528016e-06,3.9950753860796936e-05,-3.4786147845516776e-05,0.0041103136115867205,75.13571428571595,0.0009308179039138448,72.99319999999999,0.0,20,10,1,0.5,0.0,0.0,0.0,0.0,0.0,0.0,0.0,0.0,0.0,0.0,0,1,high
2026-05-12 20:05:00,80830.1,80830.1,80755.3,80758.2,136.309,11013292.1213,0.0004718900398010817,0.0001349799234908744,0.0007023424709799997,0.0017387957119900932,-0.0008899159746728134,0.0009258262855793673,-0.5292364119021347,1.8081186196065115,0.7957368604394546,-0.00013142908800922726,80674.21153089571,80668.98815236811,80637.14892922713,0.0010410100799038702,0.001106876959637404,0.0015192861150730153,0.00010958000841082591,4.517865141694218e-05,1.5616289144384624e-05,61.47789218655324,36.62788228689169,23.924348484745238,12.703533802146453,3.6934294523540805e-05,3.934746199334571e-05,-2.413167469804902e-06,0.003612456369448934,77.97857142857227,0.0009655808503479804,75.38719999999999,0.0,20,5,1,0.5,0.0,0.0,0.0,0.0,0.0,0.0,0.0,0.0,0.0,0.0,0,1,high
2026-05-12 20:00:00,80791.6,80840.0,80753.8,80830.1,291.103,23518679.6182,0.0008899159746729168,0.0010162269152260706,0.0007425733725217043,0.0022988145718816355,0.0004764211826533341,0.0010668727163565762,0.7587527890984047,3.3394056125755833,0.79644445835374,0.00010012928766833795,80689.05805176278,80675.30626403996,80639.06884037911,0.001747028335094214,0.0019184873290427618,0.0023852299296471813,0.000183897719483406,7.830560527011765e-05,2.4315788502877487e-05,66.607680056628,44.28278669573774,27.996036126943736,16.286750568794005,9.47509707004323e-05,5.0428163734763024e-05,4.432280696566928e-05,0.0038600110070250663,81.38571428571491,0.0010068738537464992,87.1721,0.0,20,0,1,0.5,0.0,0.0,0.0,0.0,0.0,0.0,0.0,0.0,0.0,0.0,0,0,high
2026-05-12 19:55:00,80765.2,80800.0,80753.8,80791.6,92.902,7504226.6386,-0.0004764211826540077,0.0008853848318199908,0.0005484747155097836,0.0018484339418094464,0.0003268200439101275,0.0005719457079860772,-1.1421319823219802,1.04371193945927,0.7955493392350057,-6.590369828352038e-05,80698.8239515949,80679.86680270506,80640.58656336043,0.0011495969474459855,0.0013855145328047769,0.0018898156251321296,0.0001210102049941285,5.6551613586818617e-05,1.9333331078430868e-05,59.80184005661743,46.70434671183466,31.737698243921923,14.966648467912737,2.9973596514362596e-05,4.633725029068294e-05,-1.6363653776320345e-05,0.0037282254599419603,82.66428571428592,0.001023179213114803,89.01115,0.0,19,55,1,0.5,0.0,0.0,0.0,0.0,0.0,0.0,0.0,0.0,0.0,0.0,0,0,high
2026-05-12 19:50:00,80726.6,80830.0,80726.6,80765.2,162.299,13111544.5175,-0.0003268200439094926,8.667474810941656e-05,0.00021298568866257028,0.0010455509295823617,0.0004780428570996215,0.0012800469200090858,0.5578951389587585,1.7194257103931079,0.795266983791393,-0.000311328201895833,80705.14548001443,80683.21320259897,80641.82649805337,0.0007444171984385406,0.0010171770579567863,0.0015474433863840176,7.835970509854554e-05,4.151743093990446e-05,1.5889018889496307e-05,59.14260717410324,45.963354169303784,34.582829428998295,11.38052474030549,-9.185492951108062e-06,3.5232701642324744e-05,-4.4418194593432805e-05,0.003343818191749959,85.25,0.0010555288663929515,94.3914,0.0,19,50,1,0.5,0.0,0.0,0.0,0.0,0.0,0.0,0.0,0.0,0.0,0.0,0,0,high
2026-05-12 19:45:00,80714.2,80753.0,80702.8,80726.6,59.376,4793177.3569,-0.0004780428571002915,-0.0012812840836637918,8.052193081020675e-05,0.0008166690150055445,0.00015361668208268854,0.0006218420350044069,-1.0055502087538706,0.6268643952826808,0.7948907278316462,-0.0002810991506994043,80707.18876763209,80684.9146456343,80642.67001548568,0.00024100535645033005,0.000517991683175012,0.0010587597279965166,2.5368984889132487e-05,2.1142517683426185e-05,1.0974273854772054e-05,56.692385105669516,41.779803269397235,36.02222419707809,5.757579072319146,-5.182437158513191e-05,1.7821286996833414e-05,-6.964565858196532e-05,0.003234926160405732,86.2357142857145,0.0010682441015193813,94.71905,0.0,19,45,1,0.5,0.0,0.0,0.0,0.0,0.0,0.0,0.0,0.0,0.0,0.0,0,0,high
2026-05-12 19:40:00,80739.9,80764.2,80680.0,80714.2,138.885,11211190.2313,-0.00015361668208235812,-0.0009584795830921422,-0.0005449847910732331,0.0008353939789635945,-0.0003183567368937341,0.0010430849498999208,0.8497561482498783,1.3942296350468282,0.7949377152193087,-0.0007991452201459026,80707.85650404808,80686.06309090354,80643.38175662514,7.90659434759533e-05,0.000350085785363774,0.0008961366474462551,8.322730891847668e-06,1.42892157318268e-05,9.336552900173745e-06,54.44444444444458,37.036795547028305,36.225138467068135,0.8116570799601703,-5.8760158586596e-05,2.5049978801475333e-06,-6.126515646674352e-05,0.0030928722048414255,86.72857142857227,0.001074514415413549,99.61415,0.0,19,40,1,0.5,0.0,0.0,0.0,0.0,0.0,0.0,0.0,0.0,0.0,0.0,0,1,high
2026-05-12 19:35:00,80749.0,80765.1,80679.2,80739.9,283.283,22865489.6006,0.0003183567368925111,-0.0003133028022901385,-0.0011165440288536388,0.0009727307796119078,-0.00011270124460121496,0.0010641442046096996,0.7128001454082016,2.549306345480987,0.7953694992261973,-0.0010749591275427406,80710.9082655673,80688.17434224066,80644.34213715623,0.0003595729012850768,0.0006422290900101046,0.0012024088730520077,3.784977908238704e-05,2.6213432247932066e-05,1.2411380601590036e-05,62.52910621529552,34.94883456172829,35.96987768600017,-1.021043124271877,-2.587424707594044e-05,-3.1708511110700613e-06,-2.270339596487038e-05,0.003033543305880472,87.43571428571575,0.0010829306735048688,111.12159999999999,0.0,19,35,1,0.5,0.0,0.0,0.0,0.0,0.0,0.0,0.0,0.0,0.0,0.0,0,0,high
2026-05-12 19:30:00,80668.8,80750.0,80668.8,80749.0,364.737,29436587.9161,0.00011270124460160957,0.00027744129941176254,-0.0005274216015980215,0.0018469286125739615,0.0009936947052842124,0.0010060786828942278,0.25273014794152626,2.8691311001690862,0.7953946362355584,-0.00015470299944730925,80714.53604979898,80690.5596621528,80645.38350892582,0.00042729565580224005,0.000725325223449147,0.0013020244448416207,4.497849008421776e-05,2.9605111163762557e-05,1.3409289696117594e-05,58.639778568603326,33.64061630189826,35.50402540917979,-1.8634091072815266,-1.62196349118698e-05,-5.780607871230009e-06,-1.043902704063979e-05,0.0029586527445219645,85.71428571428676,0.0010614903678595,127.12455,0.0,19,30,1,0.5,0.0,0.0,0.0,0.0,0.0,0.0,0.0,0.0,0.0,0.0,0,0,high
2026-05-12 19:25:00,80715.3,80725.0,80668.8,80668.8,198.522,16020148.9343,-0.0009936947052846534,-0.0005626367237905328,-0.0011942962629731824,8.925782127455761e-05,-0.0005762649639811883,0.0006964332244672167,-0.6082766206976729,1.4819166486268596,0.7943372538806202,-0.0009297299107728918,80710.1802355324,80689.70634206838,80645.616508837,-0.0005124562828644486,-0.00025784518843074977,0.0003052617819481185,-5.3942766617579496e-05,-1.052429340284199e-05,3.3883544226770865e-06,54.58225984541794,25.8345693313604,33.570134193615914,-7.735564862255515,-9.673014691200785e-05,-2.3970515679385575e-05,-7.275963123262227e-05,0.0029793139225053385,84.99285714285777,0.0010536025965783274,133.963,0.0,19,25,1,0.5,0.0,0.0,0.0,0.0,0.0,0.0,0.0,0.0,0.0,0.0,0,1,high
2026-05-12 19:20:00,80724.4,80740.0,80684.5,80715.3,280.171,22611802.2554,0.0005762649639819983,-0.0003047284967010455,-0.00013998844189089255,0.0011937946417699408,-0.0001127355911789451,0.000687627989392584,0.3445002058247111,1.9289664778121796,0.7952877624046355,0.00039703457298934097,80710.66783214836,80690.71001492845,80646.30987690827,5.773166386902062e-05,0.00030593272552970063,0.0008727553355232232,6.077017249046961e-06,1.2487050024014493e-05,9.088619194411627e-06,51.35987386677205,23.13371122814715,31.48284960052216,-8.349138372375013,-3.346689754711806e-05,-2.5869792052932074e-05,-7.597105494185983e-06,0.002913657566083599,79.27857142857205,0.0009822000466896865,145.2441,0.0,19,20,1,0.5,0.0,0.0,0.0,0.0,0.0,0.0,0.0,0.0,0.0,0.0,0,1,high
2026-05-12 19:15:00,80767.6,80800.0,80724.4,80724.4,306.455,24746718.0336,0.00011273559117874754,-0.00030469415012390755,0.00012636383137021312,0.00028372151127697975,-0.0005350110349796647,0.0009360815520179027,0.08967079462909933,1.9422222855993014,0.7952746213912452,0.00033690617193649075,80711.97565765804,80692.03119081362,80647.08689305844,0.00015423227837629838,0.00040224995134607866,0.000975685046833874,1.6234976670923207e-05,1.641836536341579e-05,1.0119932348484623e-05,44.8984148247363,21.47994819880114,29.48226932017796,-8.00232112137682,-2.049698664386409e-05,-2.4795230971118478e-05,4.298244327254387e-06,0.0027973493878302694,80.10714285714286,0.0009923535245494903,157.78575,0.0,19,15,1,0.5,0.0,0.0,0.0,0.0,0.0,0.0,0.0,0.0,0.0,0.0,0,1,high
2026-05-12 19:10:00,80744.2,80798.0,80744.2,80767.6,354.864,28663073.3472,0.0005350110349802151,0.001224011590140961,0.0003430181294579171,-3.0952526874017394e-05,0.0002897621122882254,0.0006660798477312067,0.14666369180886907,2.0461730117054233,0.7957479330165107,0.00037843379031343716,80717.27321407155,80694.99467352682,80648.28602845091,0.0006236010930376068,0.0009005056535276168,0.001495664280005471,6.564222031942719e-05,3.675533279936871e-05,1.534272938959637e-05,52.16741405082242,23.385633025405696,28.26294206122351,-4.877309035817813,2.3583998744772344e-05,-1.5119385027940315e-05,3.870338377271266e-05,0.0027538017392468883,81.42142857142815,0.001008095183853775,173.42815000000002,0.0,19,10,1,0.5,0.0,0.0,0.0,0.0,0.0,0.0,0.0,0.0,0.0,0.0,0,0,high
2026-05-12 19:05:00,80687.6,80750.0,80664.0,80744.2,195.412,15771536.0742,-0.000289762112288372,0.0003579845138705906,-5.9445227432064485e-05,-3.839211352030247e-05,0.0007012249422883389,0.0010655830118517426,-0.596624467272636,1.0931338738251912,0.7952260011024954,-0.00016863513306297762,80719.83766987426,80696.92429417283,80649.24039632702,0.00030204479210560464,0.0005867928141327639,0.001193903141171404,3.1794188642493933e-05,2.3950727109653383e-05,1.23068603181738e-05,49.61303462321764,22.745521330856718,27.159457915150153,-4.413936584293435,-7.942249507719139e-06,-1.368395792389608e-05,5.741708416176941e-06,0.0023328422832229125,84.12142857142837,0.0010418262682821598,178.76309999999998,0.0,19,5,1,0.5,0.0,0.0,0.0,0.0,0.0,0.0,0.0,0.0,0.0,0.0,0,0,high
2026-05-12 19:00:00,80627.9,80738.0,80608.5,80687.6,197.328,15917357.326,-0.0007012249422881922,-0.00045597601959634915,0.00023302453556439673,-0.0007482860387462154,0.0007401644941189988,0.0016052412392950342,0.009757168613414358,1.089351403438119,0.7945670814940726,0.00022982761345247127,80716.76741560054,80696.55863557782,80649.62208392576,-0.0003611629930233562,-0.00010994459371893583,0.000487775928247558,-3.801715716042855e-05,-4.487534435360166e-06,5.207041386767172e-06,46.87319607465852,17.46970138407778,25.22150660893568,-7.7518052248579,-6.537503728948338e-05,-2.4022173797013542e-05,-4.1352863492469835e-05,0.0022459657045710885,88.47142857142795,0.0010964687085924967,181.14265,0.0,19,0,1,0.5,0.0,0.0,0.0,0.0,0.0,0.0,0.0,0.0,0.0,0.0,0,0,high
2026-05-12 18:55:00,80686.8,80720.0,80627.7,80627.9,118.03,9521631.4232,-0.0007401644941200658,-0.00173115154869663,-0.0010834049225376674,-0.0011428714336183532,-0.0007302496625223368,0.001144113118046961,-0.5139284893826552,0.6554733244348604,0.7941016944476882,-0.001186067956947312,80708.30385221001,80693.86614006497,80649.40594378719,-0.0009964391550347784,-0.0008167714765505707,-0.0002498772368593194,-0.00010488833210896544,-3.333761128574078e-05,-2.2095908073306675e-06,37.96416035470209,8.374746139335912,21.852154515015727,-13.477408375679815,-0.00011273351005905517,-4.176444104942187e-05,-7.09690690096333e-05,0.0021882793917095454,87.20714285714244,0.0010816000771090707,180.06835,0.0,18,55,1,0.5,0.0,0.0,0.0,0.0,0.0,0.0,0.0,0.0,0.0,0.0,0,1,high
2026-05-12 18:50:00,80600.7,80713.8,80600.7,80686.8,126.189,10180501.7013,0.000730249662522553,-0.000711139773885705,-0.000465890851193862,-0.0008845118108968819,0.0010676587854453771,0.001402230035513202,0.06684195363423662,0.6892344161137608,0.7952036215090921,-7.099988215308883e-05,80706.25586628524,80693.58903653301,80649.77802394853,-0.00024083811227271212,-8.312880171423842e-05,0.00047559260053198216,-2.535138023929702e-05,-3.3930123128665157e-06,5.078560967096035e-06,36.43763013439388,5.852205749411951,18.652164761894973,-12.799959012483022,-3.125501884937621e-05,-3.9662556609412736e-05,8.40753776003653e-06,0.0022230533690977103,89.12857142857163,0.0011046239462783457,183.08575000000002,0.0,18,50,1,0.5,0.0,0.0,0.0,0.0,0.0,0.0,0.0,0.0,0.0,0.0,0,0,high
2026-05-12 18:45:00,80613.2,80660.0,80571.3,80600.7,138.275,11146153.3472,-0.0010676587854447916,-0.0010775736170423045,-0.0020685606716188687,-0.0028420865710145904,-0.00015507347722554978,0.0011002827484305306,0.09146367280552781,0.7340409465053891,0.7939694276264504,-0.0017785053900603032,80696.20292663902,80689.946329218,80649.28968540179,-0.0011838781455537628,-0.001105658662172715,-0.0005861749790927462,-0.00012461875216362983,-4.512892498470672e-05,-5.5954424797884186e-06,33.42594200382044,-3.0592114307219163,14.309889523371595,-17.36910095409351,-0.00011048530769560539,-5.382710682665127e-05,-5.665820086895412e-05,0.002625204564093737,91.92857142857143,0.0011405430899306263,188.37505000000002,0.0,18,45,1,0.5,0.0,0.0,0.0,0.0,0.0,0.0,0.0,0.0,0.0,0.0,0,0,high
2026-05-12 18:40:00,80549.7,80648.0,80543.2,80613.2,136.314,10987104.5982,0.00015507347722554243,-0.00018233564569669625,-0.0016237250821049543,-0.0022105919111350403,0.0007880225943566726,0.0013003193073391004,-0.014283407852891727,0.7023292730711178,0.7945330140449283,-0.0006929870575671515,80688.29788600672,80686.93666924867,80648.93058405451,-0.0009308232713447495,-0.0009133073345584108,-0.00042681193468574463,-9.798139698370866e-05,-3.7277850388226365e-05,-3.996746761327415e-06,36.47686832740283,-9.009077182316105,9.646096182234055,-18.65517336455016,-7.376133290119298e-05,-5.781395204155961e-05,-1.594738085963337e-05,0.002889849337260708,92.02857142857205,0.001141606727292454,194.08845,0.0,18,40,1,0.5,0.0,0.0,0.0,0.0,0.0,0.0,0.0,0.0,0.0,0.0,0,0,high
2026-05-12 18:35:00,80525.0,80610.7,80504.5,80549.7,158.912,12803199.3632,-0.0007880225943566188,-0.001700607902575868,-0.0017105227341733809,-0.0026717944615821665,0.0003066900039993852,0.0013183115606822348,0.1533895418578517,0.8004091902601234,0.7938093777559185,-0.0007577037381540919,80675.09808733941,80681.55483908205,80647.94321505896,-0.0015551462594434184,-0.0016346111081730896,-0.0012027466232815698,-0.00016369960625731915,-6.671882073992803e-05,-1.1797998976205938e-05,34.92928948713602,-18.633512432934367,3.9901744592003716,-22.62368689213474,-0.000119381138041456,-7.012738924153889e-05,-4.9253748799917116e-05,0.0034196855276202127,95.33571428571511,0.0011835638653615733,198.53845,0.0,18,35,1,0.5,0.0,0.0,0.0,0.0,0.0,0.0,0.0,0.0,0.0,0.0,0,0,high
2026-05-12 18:30:00,80463.9,80529.1,80448.3,80525.0,60.928,4904393.1912,-0.0003066900039989662,-0.0009396391211300426,-0.0012770482440522812,-0.002500441608480841,0.0007590585802333381,0.0010038677079581442,-0.9586577507168013,0.3206488761132691,0.7938692759142381,-0.00023241853345012942,80660.80303140233,80675.41543362784,80646.71989948623,-0.0016845185240672578,-0.0018651716567923415,-0.0014944173573585573,-0.00017731773937557124,-7.612945537753736e-05,-1.4732247782402558e-05,34.212283044059674,-27.93204703173251,-2.3942698389862045,-25.537777192746304,-0.00011536578001123445,-7.9175067395478e-05,-3.619071261575645e-05,0.003976894002607301,96.56428571428634,0.0011991839269082439,190.0147,0.0,18,30,1,0.5,0.0,0.0,0.0,0.0,0.0,0.0,0.0,0.0,0.0,0.0,0,0,high
2026-05-12 18:25:00,80498.0,80536.8,80427.2,80463.9,161.811,13021148.7737,-0.0007590585802343952,-0.0018537711785899802,-0.0027663564868092294,-0.0031058835066328783,-0.0004237027583565329,0.0013617953944689812,0.9767361483114767,0.8458945537085616,0.793364197449403,-0.0018394240596890654,80642.05036174497,80667.12071074048,80644.90079600875,-0.0022108554753206278,-0.0025213192473394486,-0.002231053291447793,-0.0002327216289811735,-0.00010291098968564943,-2.2138479946103978e-05,28.254018279232213,-39.77298385949689,-9.870012643088343,-29.902971216408545,-0.0001469915166386879,-9.273835724411999e-05,-5.425315939456791e-05,0.004688337196002242,98.25714285714328,0.0012211332393426528,191.2898,0.0,18,25,1,0.5,0.0,0.0,0.0,0.0,0.0,0.0,0.0,0.0,0.0,0.0,0,0,high
2026-05-12 18:20:00,80475.3,80539.0,80475.3,80498.0,64.377,5183427.591,0.0004237027583560149,-0.0006420458258773465,-0.0012749949430084229,-0.0030005374851693745,0.0002820343516653403,0.0007912341117935306,-0.9216725610179113,0.35774241679100427,0.794206337333712,0.0002369097072616455,80628.33127967402,80660.48852600556,80643.43909654598,-0.0016169476963021623,-0.002015357018828823,-0.0017893669456992,-0.00017020502066334605,-8.225947015460378e-05,-1.7702248719217223e-05,30.973317161917322,-45.876589820196386,-17.071328078509953,-28.805261741686433,-7.574306656878322e-05,-8.933929910905265e-05,1.3596232540269426e-05,0.004800102107775118,97.8214285714296,0.001215203217116321,179.95350000000002,0.0,18,20,1,0.5,0.0,0.0,0.0,0.0,0.0,0.0,0.0,0.0,0.0,0.0,0,0,high
2026-05-12 18:15:00,80499.5,80527.6,80467.8,80475.3,67.219,5411702.6971,-0.0002820343516649615,-0.0006173901735433418,-0.0017121027718989268,-0.0033952730814359455,-0.0003006681813837746,0.000742878402117661,0.04319951919899356,0.37622009594818584,0.7939199090223177,-0.0006131050226105828,80613.75687208601,80653.22623086808,80641.7660707097,-0.0017181266148273977,-0.0022072975912585946,-0.0020507903391813187,-0.00018085543313969035,-9.009377923344133e-05,-2.0332418897781843e-05,33.93124065769898,-51.94663335267978,-24.046389133343922,-27.90024421933586,-7.53565795177531e-05,-8.654275519079275e-05,1.1186175673039657e-05,0.005022976972620364,96.36428571428716,0.0011974392852749497,178.66934999999998,0.0,18,15,1,0.5,0.0,0.0,0.0,0.0,0.0,0.0,0.0,0.0,0.0,0.0,0,0,high
2026-05-12 18:10:00,80488.6,80505.7,80448.6,80499.5,53.22,4282831.6722,0.0003006681813833012,0.0004423365880743546,-0.0006234119961590068,-0.002100910194767991,0.00013541373575622022,0.0007095181973444495,-0.2335216801119162,0.3072475080160309,0.794384865269528,0.0005754875136094739,80602.87526522069,80647.1977512262,80640.35048791657,-0.0012824623921634526,-0.0018318596290960443,-0.0017327080069744483,-0.00013499604128035784,-7.476978077788279e-05,-1.7138383074089476e-05,31.390134529148767,-54.17989670888346,-30.07309064845183,-24.10680606043163,-2.7711618883976272e-05,-7.477652792942946e-05,4.706490904545319e-05,0.0051132289437999115,95.3571428571439,0.0011845681384001626,173.2154,0.0,18,10,1,0.5,0.0,0.0,0.0,0.0,0.0,0.0,0.0,0.0,0.0,0.0,0,0,high
2026-05-12 18:05:00,80466.2,80499.2,80432.1,80488.6,54.807,4410826.2655,-0.00013541373575520765,-0.00011677990603686794,-0.00045213572791524825,-0.002812588894505197,0.00027833901374333536,0.0008338962512369871,0.029383657472999314,0.3168273676135686,0.7942090022912627,0.0003397263770246184,80591.99190662825,80640.97823157028,80638.84053281293,-0.001282840306211952,-0.0018901253897602999,-0.0018495334666823737,-0.00013503582170653402,-7.714797509071906e-05,-1.8315252254996127e-05,29.728335625861916,-56.18168541576597,-35.294809601914665,-20.886875813851304,-2.4854305579286e-05,-6.479208345940078e-05,3.993777788011478e-05,0.005264476113921147,94.1214285714294,0.00116937589387105,172.98694999999998,0.0,18,5,1,0.5,0.0,0.0,0.0,0.0,0.0,0.0,0.0,0.0,0.0,0.0,0,0,high
2026-05-12 18:00:00,80483.3,80514.1,80380.0,80466.2,236.068,18992039.8483,-0.00027833901374307857,-0.00011308456811498502,2.8583838576068388e-05,-0.003203663499427023,-0.00021248901132769915,0.0016669353450709306,1.4603019760932003,1.3273723742044385,0.7940053530566953,0.0006411556072922764,80580.01172504459,80634.12418327341,80637.12271656604,-0.0014124955751988466,-0.0020834265837592625,-0.0021066996199241572,-0.00014868374475763348,-8.503781974375277e-05,-2.0902553364330284e-05,23.127674750357386,-58.896685850893846,-40.0151848517105,-18.881500999183345,-3.373387652673166e-05,-5.858044207286696e-05,2.48465655461353e-05,0.005448730947854597,98.44285714285797,0.0012234063139909424,177.8461,0.0,18,0,1,0.5,0.0,0.0,0.0,0.0,0.0,0.0,0.0,0.0,0.0,0.0,0,1,high
2026-05-12 17:55:00,80525.9,80550.4,80453.1,80483.3,182.061,14654925.1504,0.00021248901132686626,-0.00020126373817141996,-0.00018262990845308025,-0.003526185523080372,-0.0005291623210852621,0.001208669523896085,-0.2597781033589692,1.053685215730532,0.7943703390958152,0.00016400176210318307,80570.80108456415,80628.20950941955,80635.59214227185,-0.0010857202244540787,-0.001797567471554018,-0.001875362741845521,-0.00011428633941625255,-7.337010087823831e-05,-1.8580249238049722e-05,26.47430117222899,-58.98853307669924,-43.80985449670825,-15.178678579990994,-1.1520013201281483e-06,-4.70947539223192e-05,4.594275260219105e-05,0.005428592709778684,97.99285714285672,0.001217555159180311,172.78500000000003,0.0,17,55,1,0.5,0.0,0.0,0.0,0.0,0.0,0.0,0.0,0.0,0.0,0.0,0,0,high
2026-05-12 17:50:00,80443.4,80550.8,80429.2,80525.9,172.803,13910892.8649,0.0005291623210865737,0.0004633123186703614,0.0006285667642984549,-0.002707261089705426,0.0010250402682203325,0.0015107469639443051,-0.052189578426409255,1.058917826829497,0.7948800864646106,0.000960177442292931,80566.52479079615,80624.19737179526,80634.50067816964,-0.000503552388760653,-0.0012186637720184024,-0.0013328053916961125,-5.3005514606459575e-05,-4.9741378448245686e-05,-1.3130074408948993e-05,35.04162812210889,-54.98996856043232,-46.04587730945306,-8.944091250979255,4.964992563248806e-05,-2.7745818011357747e-05,7.739574364384582e-05,0.005204780775131904,96.9857142857145,0.0012044039779215694,163.1883,0.0,17,50,1,0.5,0.0,0.0,0.0,0.0,0.0,0.0,0.0,0.0,0.0,0.0,0,0,high
2026-05-12 17:45:00,80472.4,80497.0,80420.5,80443.4,118.541,9537880.7811,-0.0010250402682210336,-0.0002833889358075936,-0.0006971416853058798,-0.0030310764156382675,-0.0003604369529152649,0.0009507978406712655,-0.37689332503527506,0.7446545542491092,0.7936625975735883,-0.0007222676959397489,80554.79862024412,80617.10727878369,80632.59917888438,-0.0013830124039362346,-0.002155715646503964,-0.002334384509072862,-0.00014558025304594281,-8.798839373345305e-05,-2.319883255633292e-05,33.623291319013475,-57.81172036608041,-48.39904592077853,-9.412674445301874,-3.509577890076977e-05,-2.9215810189240154e-05,-5.879968711529618e-06,0.005365132666991464,97.92142857142815,0.0012172711318943277,159.18925,0.0,17,45,1,0.5,0.0,0.0,0.0,0.0,0.0,0.0,0.0,0.0,0.0,0.0,0,0,high
2026-05-12 17:40:00,80437.0,80475.0,80398.5,80472.4,139.525,11223473.7198,0.00036043695291532174,-0.00013544099421913813,-0.00020129099663535044,-0.00193047496860288,0.00043999916190241704,0.0009510578904078395,0.1629849043794076,0.9169807885870479,0.7943905244072109,0.00018152211594824053,80546.95113260183,80611.43248353727,80631.00515720394,-0.0009251873128288679,-0.0017248756075662897,-0.0019543062869420424,-9.738813819248905e-05,-7.04030860217364e-05,-1.9381561059102528e-05,29.902512185976263,-57.05028123529337,-50.12929298368151,-6.92098825161186,9.430365147022627e-06,-2.1486575121987598e-05,3.091694026901022e-05,0.005243585201871809,95.30714285714203,0.0011843457242127987,152.15695,0.0,17,40,1,0.5,0.0,0.0,0.0,0.0,0.0,0.0,0.0,0.0,0.0,0.0,0,0,high
2026-05-12 17:35:00,80455.0,80467.4,80385.2,80437.0,136.182,10951669.3227,-0.0004399991619017385,-0.0011046024772074503,-0.00036295114479401036,-0.0031007237930271714,-0.00022375258030356664,0.001022053820149134,-0.024251570283109203,0.9480567489051002,0.7939149817869815,-9.037126971378484e-05,80536.47959616357,80604.59199398679,80629.07475762977,-0.0012351687152314383,-0.0020799777196849334,-0.002370481514029521,-0.00013001775949813185,-8.489704978173648e-05,-2.3566810818730747e-05,33.043298114771275,-58.62749808454828,-51.82893400385487,-6.79856408069341,-1.9644401412301812e-05,-2.1118140380050442e-05,1.4737389677486301e-06,0.0050951412378449955,93.28571428571324,0.0011597363686576233,143.6433,0.0,17,35,1,0.5,0.0,0.0,0.0,0.0,0.0,0.0,0.0,0.0,0.0,0.0,0,0,high
2026-05-12 17:30:00,80387.0,80462.6,80375.2,80455.0,237.1,19070959.779,0.00022375258030216116,0.00014419037131574441,-0.00035168757581871546,-0.0018093124272802186,0.0008455503419679877,0.0010868093023250018,0.5544897666799722,1.721170395869191,0.7943327873021566,-3.7551793658607835e-05,80528.71963462417,80598.72564128143,80627.34267048919,-0.0009150907887445214,-0.0017834319966620882,-0.002125368446824538,-9.632534618381823e-05,-7.279314271962286e-05,-2.1105921354841276e-05,33.79762392462126,-57.75919221904769,-53.014985646893436,-4.744206572154255,1.0748947828564793e-05,-1.4744722738327395e-05,2.549367056689219e-05,0.0045374665102595356,92.04285714285652,0.001144029049069126,137.7551,0.0,17,30,1,0.5,0.0,0.0,0.0,0.0,0.0,0.0,0.0,0.0,0.0,0.0,0,0,high
2026-05-12 17:25:00,80379.5,80410.0,80332.8,80387.0,151.278,12160157.2347,-0.0008455503419675381,-0.0010617969235671154,-0.0017264002388728272,-0.002809936246473299,9.330302028643541e-05,0.0009605407637000996,-0.44936278932679397,1.1160441583965581,0.7934700970064839,-0.0014099894581267591,80515.22252656473,80590.42267495667,80624.95120113109,-0.0015929610230251967,-0.002525884992016003,-0.0029413574078098748,-0.00016768010768702964,-0.00010309734661169797,-2.9309348425614383e-05,33.488938502131305,-61.84517261253495,-54.78102304002174,-7.064149572513209,-5.086161221026008e-05,-2.1968100632713934e-05,-2.8893511577546146e-05,0.0041390794685909026,93.00714285714223,0.0011569923352923014,135.5484,0.0,17,25,1,0.5,0.0,0.0,0.0,0.0,0.0,0.0,0.0,0.0,0.0,0.0,0,0,high
2026-05-12 17:20:00,80305.8,80433.5,80301.4,80379.5,452.397,36358041.2796,-9.330302028587312e-05,-0.00071510078195125,-0.0007946629909376668,-0.0021152166724025534,0.0009173210638195085,0.0016437006492279454,1.0954409091756778,3.050514878944531,0.793734152429808,7.155485621979096e-05,80502.2965716538,80582.1511975074,80622.50890062233,-0.0015256674677566195,-0.0025164747569181856,-0.0030044648019451614,-0.00016059657555358615,-0.00010271325538323424,-2.9946101379447806e-05,34.700315457413254,-64.93994160898728,-56.812806753814854,-8.127134855172429,-3.854404114116941e-05,-2.5283288734405032e-05,-1.326075240676438e-05,0.003922048515762111,95.2000000000002,0.001184381589833231,148.30185,0.0,17,20,1,0.5,0.0,0.0,0.0,0.0,0.0,0.0,0.0,0.0,0.0,0.0,0,0,high
2026-05-12 17:15:00,80175.9,80342.7,80175.8,80305.8,472.064,37891054.316,-0.0009173210638202534,-0.0018561744260736646,-0.002072421007673242,-0.0027258477322238406,0.0016188765244852185,0.0020795118337732406,0.04255445669372104,2.8436982221163345,0.7929756904437966,-0.0014148339634143525,80483.58261244868,80571.31389564436,80619.35756827783,-0.002210322957139965,-0.0032991371611021947,-0.0038827631208331326,-0.0002326655744361259,-0.00013465865963566636,-3.877570299577423e-05,33.80454824831037,-72.50376413774211,-59.95099823060031,-12.552765907141797,-9.418790726765954e-05,-3.9064212441055935e-05,-5.512369482660361e-05,0.00422114839412,101.92142857142815,0.0012691664683177075,166.00355,0.0,17,15,1,0.5,0.0,0.0,0.0,0.0,0.0,0.0,0.0,0.0,0.0,0.0,0,0,high
2026-05-12 17:10:00,80025.7,80180.0,80013.0,80175.9,187.17,14995502.6349,-0.0016188765244855574,-0.002629500608591684,-0.003251298370257061,-0.003585665676475003,0.0018751378764054148,0.0020849857421742063,-0.9250972748231598,1.1071701943655405,0.791807271716646,-0.0021077100703355,80454.27950650119,80555.80746836419,80614.94505516064,-0.0034645138167093137,-0.004725150403800171,-0.0054468969622814,-0.0003646856649170241,-0.00019286328178664245,-5.449809922950342e-05,22.41822229833798,-87.96597535954788,-65.55399365638982,-22.411981703158062,-0.0001926747005848751,-6.978631006981977e-05,-0.00012288839051505533,0.004861664604431113,117.47142857142795,0.0014651713117212026,169.0526,0.0,17,10,1,0.5,0.0,0.0,0.0,0.0,0.0,0.0,0.0,0.0,0.0,0.0,0,0,high
2026-05-12 17:05:00,80078.1,80107.8,80006.4,80025.7,198.407,15888247.139,-0.001875137876405475,-0.004411335464711286,-0.005350188826964697,-0.005884506311236493,-0.0006545753676176502,0.0012665961364583557,0.05830318169562787,1.1531321777620729,0.7907472253152346,-0.003585561986922059,80413.46241064393,80535.01894019304,80609.08192028342,-0.004831113436628343,-0.006341453445688927,-0.007249178770640796,-0.0005085382564873527,-0.00025883483451679274,-7.26139179078713e-05,18.400337362945635,-111.05954853493313,-74.65510463209849,-36.40444390283464,-0.00028808349606536653,-0.00011344574726892913,-0.0001746377487964374,0.006619237486205341,125.30714285714203,0.0015658362608154885,172.05919999999998,0.0,17,5,1,0.5,0.0,0.0,0.0,0.0,0.0,0.0,0.0,0.0,0.0,0.0,0,0,high
2026-05-12 17:00:00,79962.0,80096.4,79909.1,80078.1,319.843,25593085.3321,0.0006545753676174826,-0.0028394390332735497,-0.003850063117379676,-0.0049478965919540485,0.0014508866261215142,0.002341170591642065,0.47750977391151306,1.764790757226848,0.7924486826727861,-0.0010214143336977344,80381.52313343974,80517.10055038155,80603.79851809154,-0.003778772538629127,-0.00546386325147985,-0.006528985458714942,-0.0003977655303821303,-0.00022301482658995846,-6.537820362403693e-05,21.511627906977367,-123.70711101096822,-84.46550590787244,-39.24160510309578,-0.00015775048734807543,-0.0001223066952847584,-3.5443792063317027e-05,0.007363873241240306,134.6071428571418,0.0016809482599754715,181.23565000000002,0.0,17,0,1,0.5,0.0,0.0,0.0,0.0,0.0,0.0,0.0,0.0,0.0,0.0,0,0,high
2026-05-12 16:55:00,79943.7,80064.7,79888.3,79962.0,524.209,41928966.9388,-0.0014508866261202513,-0.0026714491349082436,-0.005207646723214054,-0.006699451399457601,0.00022888490003661956,0.0022056488032586555,0.49406020936343253,2.627607449605389,0.7911380762586617,-0.002596076171146322,80341.56854930261,80495.33190134699,80597.41246318516,-0.004731596387152592,-0.006643583215733884,-0.007900470372549151,-0.0004980627775952847,-0.00027116666186565623,-7.91643570817107e-05,18.832859848485143,-141.46794074562786,-95.86599287542353,-45.60194787020433,-0.0002217970870005234,-0.0001422047736279114,-7.9592313372612e-05,0.008668104744563919,143.3499999999996,0.0017927265451089217,199.5005,0.0,16,55,1,0.5,0.0,0.0,0.0,0.0,0.0,0.0,0.0,0.0,0.0,0.0,0,0,high
2026-05-12 16:50:00,79943.3,79951.5,79800.1,79943.7,452.456,36138577.6695,-0.00022888490003758477,-0.0010251961585403535,-0.004519210559431386,-0.006792922563739978,5.0035337456199345e-06,0.0018954432422329309,-0.14719993891833738,2.065283925416144,0.7916553115072613,-0.0013203789365352492,80303.67630651189,80473.69927776475,80590.90786156143,-0.004488054497935323,-0.0066029595622119075,-0.008048466165396562,-0.0004724267892564561,-0.00026950855355867303,-8.065411372803781e-05,18.92470560247456,-155.23077953211032,-107.7389502067609,-47.491829325349414,-0.0001719668255364392,-0.00014815718400961698,-2.3809641526822213e-05,0.009730176356995864,145.33571428571304,0.0018179758290611148,219.07689999999997,0.0,16,50,1,0.5,0.0,0.0,0.0,0.0,0.0,0.0,0.0,0.0,0.0,0.0,0,0,high
2026-05-12 16:45:00,80215.8,80246.6,79834.0,79943.3,1650.792,132012918.7055,-5.003533745551181e-06,-0.0016847750599033873,-0.0029053375686913796,-0.006519587083742451,-0.0034028695584775426,0.005154914632665109,1.2943199308884354,5.62400700857965,0.792046820131219,0.00023954841457296538,80269.35475351076,80452.8993060877,80584.46400224241,-0.004065147742949193,-0.006348827288272574,-0.007973335672286197,-0.000427910288731608,-0.00025913580768364866,-7.990137163865983e-05,17.233009708737868,-164.27652753253642,-119.04646567191602,-45.230061860620395,-0.00011310680428018311,-0.00014114710806373021,2.80403037835471e-05,0.010612983929699978,167.85714285714286,0.0020997024498255997,293.52595,0.0,16,45,1,0.5,0.0,0.0,0.0,0.0,0.0,0.0,0.0,0.0,0.0,0.0,0,1,high
2026-05-12 16:40:00,80249.4,80288.0,80164.6,80215.8,78.923,6331491.6597,0.0034028695584780166,0.0031689811246948807,0.002372669866192112,-0.0033292065365913004,-0.00041878239632083935,0.001538149264385355,-3.0405377581216424,0.26821453968647757,0.7956769801439485,0.004929754828713939,80264.25430079547,80443.60129408425,80580.79570371265,-0.0005992040716638058,-0.0028304299756864992,-0.004524988839044397,-6.307411280688188e-05,-0.0001155277541086814,-4.5246934523071016e-05,35.28797798652677,-147.7536631165567,-124.78790516084418,-22.965757955712533,0.00020615068758548946,-7.168754893388628e-05,0.00027783823651937573,0.010469183391714147,183.79285714285652,0.0022912301210342165,294.25325,0.0,16,40,1,0.5,0.0,0.0,0.0,0.0,0.0,0.0,0.0,0.0,0.0,0.0,0,1,high
2026-05-12 16:35:00,80235.0,80304.4,80228.2,80249.4,90.357,7252481.5148,0.00041878239631998326,0.0038166484210524487,0.0021368768948946126,-0.003439586461357891,0.0001794566953379156,0.000949339956157325,0.1352957969076103,0.30586965275228356,0.7948965907753074,0.002447908102521268,80262.83960548161,80435.98555706134,80577.49823402397,-0.00016323865864364961,-0.0023170731644892584,-0.004065348667175783,-1.7183016699561392e-05,-9.457441487618475e-05,-4.062972725100083e-05,40.34825870646766,-130.4442546639475,-125.91917506146484,-4.525079602482663,0.00021588506642393119,-1.417302586232279e-05,0.00023005809228625397,0.01030069419542644,182.5928571428563,0.0022753174122530054,295.41015,0.0,16,35,1,0.5,0.0,0.0,0.0,0.0,0.0,0.0,0.0,0.0,0.0,0.0,0,1,high
2026-05-12 16:30:00,80242.6,80279.1,80204.5,80235.0,100.394,8055930.4357,-0.0001794566953368104,0.0036421952594611895,0.0034083068256780535,-0.0025940028884736677,-9.471726902306837e-05,0.0009296900789017639,0.10533395399825185,0.33715413818470263,0.7942676503431283,0.0031295740844665687,80260.18821448335,80428.10377050993,80574.09029139686,-0.0003100577012205008,-0.0023986267280680096,-0.004202568493234082,-3.2637652760251775e-05,-9.79031317569936e-05,-4.20110901175263e-05,38.01494345718924,-116.54492605106498,-124.04432525938488,7.4993992083199,0.0001733287112914113,2.3327321568424024e-05,0.00015000138972298726,0.010040832851970815,182.45714285714243,0.002274034309928864,297.76885000000004,0.0,16,30,1,0.5,0.0,0.0,0.0,0.0,0.0,0.0,0.0,0.0,0.0,0.0,0,1,high
2026-05-12 16:25:00,80258.3,80293.9,80203.0,80242.6,88.091,7068200.7226,9.471726902177124e-05,0.0003340429700049441,0.0037319089947374096,-0.002859722572367218,-0.0001956375328745835,0.0011327322798054273,-0.13073207343208892,0.29419264172742454,0.7942692820160371,0.0026139705087757648,80258.51314643731,80420.82911284287,80570.79188053719,-0.0001948318196074439,-0.0022135600684958234,-0.004066977082679557,-2.05086125905353e-05,-9.034939054998321e-05,-4.065060893206065e-05,39.90234780802031,-103.72072356460558,-119.97960492042903,16.258881355823448,0.00015988300899919385,5.0638459054577986e-05,0.00010924454994461586,0.009756249365592915,182.72142857142794,0.0022771125134458245,299.43305,0.0,16,25,1,0.5,0.0,0.0,0.0,0.0,0.0,0.0,0.0,0.0,0.0,0.0,0,1,high
2026-05-12 16:20:00,80313.2,80372.5,80230.4,80258.3,117.991,9473872.9536,0.00019563753287599184,0.00011089810656095267,0.003932550061358953,-0.002224085877589488,-0.000683807551641823,0.0017695824556252107,0.2922379792868215,0.40197363669440717,0.7943674670845748,0.002320646953355876,80258.49284677661,80414.45542214315,80567.68250859155,7.289786729813841e-07,-0.0019387883185366661,-0.0038328187582639117,7.673459675299892e-08,-7.913421708229792e-05,-3.82994831429258e-05,39.75840883057396,-91.23884727391123,-114.23145339112547,22.992606117214237,0.00015557721760763146,7.162621076518868e-05,8.395100684244279e-05,0.009486076457969278,186.6285714285706,0.002325349171718945,293.52920000000006,0.0,16,20,1,0.5,0.0,0.0,0.0,0.0,0.0,0.0,0.0,0.0,0.0,0.0,0,1,high
2026-05-12 16:15:00,80336.8,80341.5,80159.8,80313.2,294.599,23643887.3809,0.0006838075516419906,0.0009741623535397537,0.0012134880545229265,-0.0017640309062496584,-0.00029380641356702836,0.0022641570831183253,0.9150067592192102,0.984766815719285,0.7949290601940859,-0.0007479199498625633,80263.70305184551,80410.4846212748,80565.15034432696,0.0006193425750478099,-0.0012057658348609834,-0.003117677761780513,6.519395526772801e-05,-4.921493203428661e-05,-3.111433851820027e-05,46.104307432432265,-76.04035334501532,-106.59323338190345,30.552880036888126,0.00018937311225816647,9.517559106378424e-05,9.419752119438223e-05,0.009149229901932728,190.8785714285706,0.0023766774506378853,299.1561,0.0,16,15,1,0.5,0.0,0.0,0.0,0.0,0.0,0.0,0.0,0.0,0.0,0.0,0,0,high
2026-05-12 16:10:00,80320.0,80381.1,80276.3,80336.8,116.437,9352669.5863,0.0002938064135662444,0.0011732514980842268,0.0010885120717691876,-0.000624674150715876,0.00020914147501046104,0.0013046397472493557,-0.9282647553862731,0.39291983675386666,0.794902591211061,6.0004357536058706e-06,80270.66466595547,80407.59502828363,80562.87820159734,0.0008261824182707045,-0.0008761963067343004,-0.0027957731258450025,8.696657034377718e-05,-3.5763114559755985e-05,-2.7881296208902312e-05,47.78366033426778,-61.38352359054261,-97.55129142363128,36.167767833088675,0.00018258207725458688,0.00011265688830194478,6.99251889526421e-05,0.008639763361736573,188.9285714285704,0.0023517064586661453,296.3378,0.0,16,10,1,0.5,0.0,0.0,0.0,0.0,0.0,0.0,0.0,0.0,0.0,0.0,0,0,high
2026-05-12 16:05:00,80289.4,80320.0,80243.6,80320.0,80.65,6474348.8732,-0.0002091414750111653,0.0007684724901970696,0.0010588272920948327,-0.0007405126054411681,0.0003810486854476668,0.0009516478923723156,-0.3672315496321481,0.27390677150860143,0.794469223381066,0.00020157303793766346,80275.36326919781,80404.15992913526,80560.46150307398,0.0005582751391397522,-0.0010427755157955687,-0.0029750149530869407,5.876580411949694e-05,-4.256226595000733e-05,-2.9684880077581546e-05,50.78331862312429,-50.540896021193475,-88.14921234314373,37.608316321950255,0.00013505955926264895,0.00011713742249408562,1.7922136768563335e-05,0.008371361203377501,181.03571428571325,0.002253930705748422,294.44325,0.0,16,5,1,0.5,0.0,0.0,0.0,0.0,0.0,0.0,0.0,0.0,0.0,0.0,0,0,high
2026-05-12 16:00:00,80292.0,80396.2,80165.1,80289.4,522.187,41912954.7117,-0.00038104868544763804,-0.000296383746892559,0.0005830613376254234,-0.00020424022706855283,-3.238233070864558e-05,0.0028786533191614986,1.8679069567075635,1.6652627023689766,0.7940792582098268,-0.00019002380621024884,80276.70010070279,80399.65953975741,80557.76437369017,0.0001603477438170131,-0.0013679879580568155,-0.003322669970490466,1.6878709875007894e-05,-5.5836243185208535e-05,-3.318103734494529e-05,57.03134679717502,-43.91102090534696,-79.30157405558438,35.39055315023742,8.257428126534195e-05,0.00011022479424833689,-2.7650512982994944e-05,0.007935841257776476,176.62857142856956,0.002199899008194974,313.57635,0.0,16,0,1,0.5,0.0,0.0,0.0,0.0,0.0,0.0,0.0,0.0,0.0,0.0,0,0,high
2026-05-12 15:55:00,80360.1,80410.3,80286.2,80292.0,146.126,11741059.7973,3.238233071023444e-05,-0.0005578078297485689,0.00041980613545966605,0.001447018628127239,-0.0008477947574783857,0.0015445267902001476,-1.2735564980540195,0.46526044615982465,0.794234781883528,-0.00013268520104681159,80278.15723396919,80395.43759702182,80555.11995206142,0.00017437482933502224,-0.001283228936078018,-0.0032575484592864967,1.8355245192648516e-05,-5.237669126774019e-05,-3.252866552350072e-05,70.1895375284304,-38.00885640256456,-71.04303052498042,33.03417412241586,7.349257151633806e-05,0.00010287834970193714,-2.938577818559908e-05,0.007593358633600846,173.38571428571282,0.0021594394744895236,314.07355,0.0,15,55,1,0.5,0.0,0.0,0.0,0.0,0.0,0.0,0.0,0.0,0.0,0.0,0,0,high
2026-05-12 15:50:00,80256.0,80391.3,80255.9,80360.1,124.977,10041892.7816,0.000847794757477871,0.0004991284027404674,0.0005837933412955465,0.004169951262010585,0.0012962587757577532,0.0016856818178200973,-0.15633954285253715,0.40515464519103156,0.7950930640700928,0.0001640038760069018,80285.96130692451,80394.05180890333,80553.17945502598,0.0009248201023535074,-0.00041835832845826815,-0.002385776053035471,9.73494844579078e-05,-1.707585014046132e-05,-2.3769228478710956e-05,70.88270142180059,-27.519025451358175,-62.33822951025598,34.8192040588978,0.0001305868948281683,0.00010842005872718338,2.216683610098492e-05,0.007277285262234535,169.67857142857142,0.0021114778531705586,308.4674,0.0,15,50,1,0.5,0.0,0.0,0.0,0.0,0.0,0.0,0.0,0.0,0.0,0.0,0,0,high
2026-05-12 15:45:00,80322.7,80374.3,80232.8,80256.0,348.282,27956992.4156,-0.001296258775758119,-0.0004160816875700135,-0.0010062718480288169,0.0022191171186349834,-0.0008307453458772674,0.001762064524066493,1.0248827760777317,1.0941336577053862,0.7934620787311317,-0.001440512479929268,80283.10784912217,80388.63801247576,80550.22244552324,-0.0003360635616527219,-0.0016473772177771906,-0.0036453976663182175,-3.537511175314235e-05,-6.723988643919299e-05,-3.643081601382945e-05,72.1652593486124,-27.291163304951624,-55.32881626919511,28.037652964243485,2.7951352863817163e-06,8.729507403902305e-05,-8.449993875264133e-05,0.0070161392584379995,166.22857142857123,0.002071229209387102,318.31759999999997,0.0,15,45,1,0.5,0.0,0.0,0.0,0.0,0.0,0.0,0.0,0.0,0.0,0.0,0,1,high
2026-05-12 15:40:00,80339.7,80357.8,80227.6,80322.7,212.96,17101765.3108,0.0008307453458780145,0.00038228132759776656,3.361497286036297e-05,0.004500749090633249,-0.00021162387793837654,0.0016215674467276989,-0.49190814180315456,0.6951622472320899,0.79471196059969,0.00024273721862400066,80286.87853015815,80386.05220806495,80547.95854059266,0.0004475692333461012,-0.0007846070926085247,-0.002786645829688794,4.71125508783964e-05,-3.2024779289498576e-05,-2.7802197487542442e-05,76.63012928611558,-21.480830702450476,-48.559219155846186,27.07838845339571,7.23170754307547e-05,8.429947431736938e-05,-1.1982398886614678e-05,0.006862754841283941,163.96428571428572,0.002041319399301639,306.34575,0.0,15,40,1,0.5,0.0,0.0,0.0,0.0,0.0,0.0,0.0,0.0,0.0,0.0,0,0,high
2026-05-12 15:35:00,80397.5,80406.7,80318.2,80339.7,185.762,14926585.2064,0.0002116238779379387,-0.0002538895519421658,0.0006262875362459397,0.004941257868608773,-0.0007191863798961407,0.0011012607124872111,-0.13663807017464524,0.636104463692424,0.7946947753111306,0.0006155171013038085,80291.90914633356,80384.23447441535,80545.88631630816,0.0005964128149713588,-0.0005505132846845839,-0.0025493998427776887,6.278029631263852e-05,-2.246992998646182e-05,-2.5419848478333676e-05,77.21779730843092,-15.327654666849412,-41.91290625804684,26.585251591197427,7.657309860926585e-05,8.275419917574869e-05,-6.181100566482836e-06,0.006936963073099986,140.8142857142853,0.001752736016120116,292.03065000000004,0.0,15,35,1,0.5,0.0,0.0,0.0,0.0,0.0,0.0,0.0,0.0,0.0,0.0,0,0,high
2026-05-12 15:30:00,80176.8,80434.0,80176.8,80397.5,654.484,52565563.7279,0.0007191863798965414,0.0017615556037124946,0.0013130915854322467,0.005665447782250865,0.0027488849582304542,0.0032027761502748187,1.259380854436893,2.075115961234174,0.7952798401902257,0.0010450583066976549,80301.96541811133,80384.75469110496,80544.40983554887,0.0011903040334519943,0.00016205846402783664,-0.0018120023836498689,0.00012529516141586737,6.6146311854206595e-06,-1.8010831280573726e-05,67.69230769230691,-5.721289913388318,-34.67458298911514,28.95329307572682,0.00011952427819471996,9.010821497954295e-05,2.9416063215177007e-05,0.0072354784029507145,134.5642857142853,0.0016737371897669118,315.39635000000004,0.0,15,30,1,0.5,0.0,0.0,0.0,0.0,0.0,0.0,0.0,0.0,0.0,0.0,0,0,high
2026-05-12 15:25:00,80195.6,80247.5,80133.7,80176.8,601.855,48261310.7076,-0.0027488849582315567,-0.0018180747003970765,-0.002283588130277181,-0.000486306734458708,-0.00023445430867311353,0.0014191191872672427,-0.08383058639994445,1.793537091877596,0.7921961036742395,-0.0028969603958532986,80290.04490210072,80376.59960517928,80540.75202623992,-0.0014101446462291278,-0.0024853823179604717,-0.004515505378281048,-0.00014843627855055393,-0.0001014441762426961,-4.518370816565813e-05,44.81872680559598,-15.735433882466168,-30.886753167785344,15.151319285319175,-0.0001248418762051825,4.711819674259786e-05,-0.00017196007294778038,0.006894538600095638,147.07857142857185,0.0018344280568515063,335.56875,0.0,15,25,1,0.5,0.0,0.0,0.0,0.0,0.0,0.0,0.0,0.0,0.0,0.0,0,1,high
2026-05-12 15:20:00,80518.5,80520.0,80115.0,80195.6,1076.168,86354249.3856,0.00023445430867319317,-0.001795244269661822,-0.0007528750458458688,-0.0006706348221054981,-0.004018321161443514,0.005042498311747312,0.5811453098540031,2.882193982082836,0.7934182062662192,-4.3872464912553255e-05,80281.05014951971,80369.50158144676,80537.31767772012,-0.0010637198292187122,-0.0021626563226480044,-0.00423845354652741,-0.0001119705083387685,-8.827168663815142e-05,-4.240124033641584e-05,47.20567375886578,-21.90223689090635,-29.089849912409544,7.187613021503193,-7.688696304797295e-05,2.23171647844837e-05,-9.920412783245665e-05,0.006684136244366439,170.67857142857142,0.0021282785019199483,373.38500000000005,0.0,15,20,1,0.5,0.0,0.0,0.0,0.0,0.0,0.0,0.0,0.0,0.0,0.0,0,1,high
2026-05-12 15:15:00,80564.6,80564.7,80462.0,80518.5,148.317,11940080.1865,0.004018321161444405,0.0015038905118860413,0.0024347007697205214,0.003527143034675717,-0.0005723753920627475,0.0012755650326930178,-1.9818099872873391,0.4182769753495866,0.7976103996315693,0.002898439031879363,80303.66442099401,80375.34465668414,80537.1304371458,0.0026732107291564944,0.0017828936686470342,-0.00021794201309255357,0.00028139060306915274,7.27711701493998e-05,-1.99604230874599e-06,63.520533176516196,-0.725775009879726,-23.41703493190358,22.691259922023853,0.00026340768324267794,7.053526847612256e-05,0.00019287241476655538,0.006614438373095893,190.54999999999978,0.002366536882828167,354.59039999999993,0.0,15,15,1,0.5,0.0,0.0,0.0,0.0,0.0,0.0,0.0,0.0,0.0,0.0,0,0,high
2026-05-12 15:10:00,80602.6,80624.0,80553.5,80564.6,92.101,7422884.0036,0.0005723753920623409,0.004825150862179939,0.0027954522838449236,0.004004801157716287,-0.00047155997875706333,0.0008748119867366201,-0.47646607411015207,0.27364374378013184,0.7966824332441877,0.0019876579330571076,80328.5154285184,80382.76643485339,80537.40376612943,0.0029364826811040246,0.0022629055681324672,0.0003509066786815396,0.00030910344011612304,9.236349257735828e-05,3.7190963417125854e-06,64.57599695441112,19.55123387137428,-14.823381171248009,34.37461504262229,0.00025212824009242295,0.00010685386279938265,0.0001452743772930403,0.006340205526654308,187.93571428571366,0.0023327331642646228,336.57265,0.0,15,10,1,0.5,0.0,0.0,0.0,0.0,0.0,0.0,0.0,0.0,0.0,0.0,0,0,high
2026-05-12 15:05:00,80452.3,80610.0,80420.4,80602.6,246.269,19828218.0192,0.0004715599787576963,0.005062256532264442,0.0025478258827060785,0.004280723603597991,0.0018664448412595601,0.0023548359516587384,0.983538633470511,0.9246188705314319,0.7965131719017045,0.001233331711478769,80354.61872104045,80391.38735897679,80538.05248487441,0.003083467168446319,0.002627231603874236,0.0008142829096033921,0.00032457549141532045,0.0001072339430158029,8.374229500080583e-06,63.99690462371831,38.24631223849428,-4.20944248929955,42.45575472779383,0.00023237555804336341,0.00013195820184817882,0.00010041735619518459,0.005844595646592855,188.5,0.0023386342376052385,266.3465,0.0,15,5,1,0.5,0.0,0.0,0.0,0.0,0.0,0.0,0.0,0.0,0.0,0.0,0,0,high
2026-05-12 15:00:00,80503.2,80503.3,80380.0,80452.3,397.215,31945306.7947,-0.0018664448412604173,-0.0008225094704403801,0.003430265999677218,0.0017304712106955833,-0.0006324729716816417,0.0015327883520600677,0.47805326137228743,1.4072608659145733,0.7941830311540095,0.0019869274797699177,80363.92169998898,80393.77608999731,80537.19922631845,0.001101115438883582,0.000730951987607753,-0.0010416926587062392,0.00011590688830334542,2.9834775004970734e-05,-1.0280686626889545e-05,54.976303317535425,40.4678544094495,4.726016890450261,35.74183751899924,2.7744148481619778e-05,0.00011111539117486702,-8.337124269324724e-05,0.005863806847415162,196.9142857142859,0.0024475905066018737,282.2611,0.0,15,0,1,0.5,0.0,0.0,0.0,0.0,0.0,0.0,0.0,0.0,0.0,0.0,0,1,high
2026-05-12 14:55:00,80531.7,80558.3,80453.4,80503.2,240.128,19328204.7495,0.0006324729716808974,-0.0007624118908218236,0.003828284662684922,0.0020691377688102364,-0.00035396054268438187,0.0013030110835665347,-0.5033055813047653,0.8287430200519654,0.7953409760218282,0.0019227697556090106,80377.18629999003,80398.0672237229,80536.86092555906,0.0015684847524148893,0.0013099573138255494,-0.00040514784934408965,0.00016510365814882656,5.346764546285021e-05,-3.885127837757336e-06,57.66783860706487,45.80760563274089,12.942334638908388,32.865270993832496,6.644809303703534e-05,0.00010218193154730069,-3.573383851026535e-05,0.006050726816110767,197.82857142857185,0.0024574000962517247,289.74965000000003,0.0,14,55,1,0.5,0.0,0.0,0.0,0.0,0.0,0.0,0.0,0.0,0.0,0.0,0,1,high
2026-05-12 14:50:00,80577.2,80577.2,80422.9,80531.7,273.387,22006905.7707,0.00035396054268588273,-0.0008800113268936371,0.00016392404392640003,0.0026322397865072844,-0.000564835353102053,0.0019167695826473503,0.1297162592774912,0.9161784226705626,0.7955232508329662,-0.0020871487986031667,80391.90189046718,80403.30772475338,80536.80957306593,0.0017393552669950907,0.0015986661758642384,-5.067798022473369e-05,0.00018309002810473667,6.525168064806717e-05,-3.2447439971116676e-07,60.15932914046121,51.74265168365673,20.702398047858058,31.040253635798674,7.379693739239355e-05,9.650493271631927e-05,-2.270799532392572e-05,0.006220421533683237,192.34285714285838,0.002388411732806564,298.3993,0.0,14,50,1,0.5,0.0,0.0,0.0,0.0,0.0,0.0,0.0,0.0,0.0,0.0,0,1,high
2026-05-12 14:45:00,80753.0,80753.0,80539.0,80577.2,214.177,17273986.4112,0.0005648353531011452,0.0015512688674679254,0.00015638400496520433,0.0035781238250560676,-0.002179382032417845,0.0026535739599309084,-0.24408559781658568,0.7029027553333799,0.7958874318399474,-0.0007950014042403808,80409.5493294703,80410.12702966502,80537.21146786129,0.0020847438943718544,0.0020786583317509155,0.0005090413791162263,0.00021944672572344226,8.484319721485454e-05,5.29900647094412e-06,61.54282013922596,59.432586319730035,28.448435702232455,30.98415061749758,9.553551044020345e-05,9.631104826109611e-05,-7.755378208926575e-07,0.006479143144173814,199.28571428571533,0.0024732270950804363,304.70359999999994,0.0,14,45,1,0.5,0.0,0.0,0.0,0.0,0.0,0.0,0.0,0.0,0.0,0.0,0,1,high
2026-05-12 14:40:00,80749.2,80854.6,80700.0,80753.0,279.565,22584598.2921,0.0021793820324180757,0.0030981779282051036,0.0018642060586255838,0.005725123526763909,4.705818249782263e-05,0.0019139046141929035,0.2664320477326809,0.8938005763113834,0.7977571336831009,0.0012439617813964077,80442.2589171398,80423.57302850169,80539.35861743482,0.0038580186956664875,0.004091058389102287,0.002661672929827219,0.0004061072311229312,0.00016698197506596126,2.69316733957912e-05,64.62661008115526,78.80410107655916,38.519568777097795,40.28453229946137,0.00024027417872299827,0.00012510367435347654,0.00011517050436952173,0.007516646846104174,209.42857142857247,0.0025934463292827817,312.78229999999996,0.0,14,40,1,0.5,0.0,0.0,0.0,0.0,0.0,0.0,0.0,0.0,0.0,0.0,0,0,high
2026-05-12 14:35:00,80472.5,80779.7,80406.7,80749.2,368.266,29696038.1839,-4.7058182497394796e-05,0.002697159203021826,0.0036835927173886063,0.004830270586788643,0.003432543778926111,0.004628190291603791,0.2755706794456936,1.1636839574848015,0.7967150268997152,0.0025319957457057285,80471.49140122172,80436.3427136585,80541.44659139069,0.0034480118928676973,0.0038854119632070194,0.002588598680191012,0.00036294862030194776,0.00015858824339681004,2.6195455924217212e-05,69.84229159961362,92.78002744073456,49.37166050982515,43.40836693090941,0.00017332748654420448,0.00013474843679162215,3.857904975258233e-05,0.00833918290061903,225.96428571428675,0.002798347051293223,316.46565,0.0,14,35,1,0.5,0.0,0.0,0.0,0.0,0.0,0.0,0.0,0.0,0.0,0.0,0,0,high
2026-05-12 14:30:00,80603.8,80639.9,80359.3,80472.5,488.34,39289973.1656,-0.0034325437789259894,-0.0013002199290053085,-0.00038142403321828056,0.0026939855836207727,-0.0016302836491902974,0.003485735135523674,0.28220638142407495,1.4574668239316566,0.7929615973988735,-0.0023793786229546754,80471.58745824822,80437.76064645621,80540.76055565546,1.399496023246627e-05,0.0004351086476432897,-0.0008355476350665469,1.4731537088109154e-06,1.7759536639053213e-05,-8.219859845436582e-06,55.15556167400891,80.59957057570864,55.61724252300185,24.98232805270679,-0.0001511660946391168,7.756553050547437e-05,-0.00022873162514459118,0.008283887475627633,244.51428571428656,0.003038482533962367,335.0608,0.0,14,30,1,0.5,0.0,0.0,0.0,0.0,0.0,0.0,0.0,0.0,0.0,0.0,0,1,high
2026-05-12 14:25:00,80760.0,80799.9,80503.9,80603.8,175.949,14193437.5253,0.0016302836491899342,-0.00184931831223345,0.0008948990732857709,0.0034935238869326923,-0.0019359986414256777,0.0036700974465626716,-1.0208177042483548,0.51776241205971,0.7957738229937767,0.0002505721608105915,80484.17912889125,80444.27199365401,80541.38781380815,0.0014876806466190828,0.0019843965204877634,0.0007868281930871746,0.00015659796280225122,8.099577634693091e-05,8.083657657402927e-06,58.42639269989167,80.61203803958779,60.61620162631904,19.995836413268748,1.9600661555269267e-07,6.209162572749004e-05,-6.189561911193735e-05,0.008375862749820606,261.5785714285718,0.003245238703740665,339.82575,0.0,14,25,1,0.5,0.0,0.0,0.0,0.0,0.0,0.0,0.0,0.0,0.0,0.0,0,0,high
2026-05-12 14:20:00,80765.1,80809.0,80725.7,80760.0,165.308,13350940.6643,0.0019359986414251296,0.00013373851168907436,0.0022660623616097553,0.005217898650419883,-6.314808041223568e-05,0.001031357440647048,-0.062383779808556916,0.5134079006950082,0.7973371383787544,0.0014497065388070496,80510.44778328255,80456.65348409895,80543.56305944189,0.0030976145939458632,0.0037666541751715243,0.0026957340301869692,0.0003260646940996682,0.00015374098674215438,2.726689132673354e-05,60.88261783248274,92.16354915186821,66.92567113142887,25.23787802043934,0.000143169834539078,7.830726748980764e-05,6.486256704927035e-05,0.008835812613996939,257.86428571428615,0.0031929703530743704,321.9818,0.0,14,20,1,0.5,0.0,0.0,0.0,0.0,0.0,0.0,0.0,0.0,0.0,0.0,0,0,high
2026-05-12 14:15:00,80668.5,80765.1,80594.8,80765.1,209.643,16914648.0212,6.314808041274489e-05,0.0036294303710278086,0.00014982840960442445,0.004561860350936087,0.001196777022005501,0.0021108102227535798,0.2375956835676183,0.644742634841899,0.7965498317641053,-0.0012073019189955403,80534.70037535088,80468.74942589899,80545.76740710915,0.0028597376577526035,0.003679613931835135,0.002731430547308733,0.00030102501660567545,0.0001501883237488442,2.7623918083808283e-05,70.28760604179597,100.57041912128625,73.65462072940035,26.9157983918859,0.0001041536169677571,8.347653738539755e-05,2.067707958235956e-05,0.009142921235102058,251.1857142857147,0.0031100774255924243,325.15765,0.0,14,15,1,0.5,0.0,0.0,0.0,0.0,0.0,0.0,0.0,0.0,0.0,0.0,0,0,high
2026-05-12 14:10:00,80586.1,80688.0,80550.3,80668.5,187.92,15153565.43,-0.0011967770220060459,0.0008023696998318286,-0.0009998904299042266,0.0061139682871615975,0.001021986438488392,0.0017080313235357946,-0.10938974372705434,0.5723949208174842,0.7950546118913522,-0.0016604150083630032,80547.44319674604,80476.5827817461,80546.98862693891,0.0015045834323412777,0.002385470756502528,0.0015193833409696822,0.00015837720340455917,9.736615332708382e-05,1.5440824152565954e-05,65.47751521895628,98.30491360877932,78.58467930527615,19.72023430350316,-2.810842624509309e-05,6.115954465929942e-05,-8.926797090439251e-05,0.009191371272215228,237.60000000000062,0.002945387604827171,328.3048,0.0,14,10,1,0.5,0.0,0.0,0.0,0.0,0.0,0.0,0.0,0.0,0.0,0.0,0,0,high
2026-05-12 14:05:00,80522.3,80680.0,80490.6,80586.1,336.4,27115958.4304,-0.001021986438487943,-0.002155615380081244,0.0014106669105338199,0.004857527540000461,0.0007920133690740135,0.002350305665997594,0.582284587748136,1.0265151549827332,0.7943496702014627,0.0013880728025892353,80551.12479705595,80480.8775746188,80547.37779483007,0.00043663537539018193,0.0013100143447584145,0.0004924476795711286,4.596161846241613e-05,5.34699732559063e-05,5.1181648228096475e-06,52.6258545680549,88.83644161341363,80.63503176690365,8.201409846509975,-0.00011746880185776132,2.543387535588727e-05,-0.00014290267721364858,0.00872169730028427,224.76428571428656,0.0027891197826211537,327.7107,0.0,14,5,1,0.5,0.0,0.0,0.0,0.0,0.0,0.0,0.0,0.0,0.0,0.0,0,0,high
2026-05-12 14:00:00,80431.3,80576.1,80350.1,80522.3,569.666,45837613.4806,-0.0007920133690735298,-0.0030107768295675186,-0.0010116301077296441,4.7193009482526804e-05,0.0011307607869125052,0.002808742747629995,0.5267492960729889,1.6485967136068715,0.7940008311351612,-0.001772991858615569,80548.37957828872,80482.50198345729,80547.12826453327,-0.0003215324704743949,0.0004976872119311082,-0.0002965849363736339,-3.384552320767396e-05,2.031376375279116e-05,-2.8134922308852725e-06,48.37918614453204,75.31628330804233,79.57128207513139,-4.254998767089063,-0.0001677963863091834,-1.3212176977126864e-05,-0.00015458420933205655,0.008388857544638487,234.0857142857151,0.0029070917532871654,345.546,0.0,14,0,1,0.5,0.0,0.0,0.0,0.0,0.0,0.0,0.0,0.0,0.0,0.0,0,0,high
2026-05-12 13:55:00,80625.7,80647.2,80350.0,80431.3,1089.375,87675973.8474,-0.001130760786914209,-0.0029447605944756816,-0.004078389536068983,-0.001655943169494023,-0.00241405334022086,0.003691993868090434,0.648309192102503,2.7880744761075293,0.7933042165480124,-0.004032921830741998,80537.22914226122,80480.4940625374,80545.97574448817,-0.0013139796138279536,-0.0006082471602777417,-0.0014131432782793496,-0.00013831364356067729,-2.4826414704738254e-05,-1.4036848396888492e-05,43.69246630827006,56.60600220487686,74.9782261010805,-18.372223896203636,-0.0002323372064756887,-5.703718287683923e-05,-0.00017530002359884947,0.008167449423603151,241.77142857142877,0.003005937098759174,390.72665,0.0,13,55,1,0.5,0.0,0.0,0.0,0.0,0.0,0.0,0.0,0.0,0.0,0.0,0,1,high
2026-05-12 13:50:00,80703.0,80728.1,80608.1,80625.7,406.648,32799898.6488,0.002414053340221045,0.0004912791842333064,-0.0017274842762606823,0.00028655019196932585,-0.0009582920573405864,0.0014875771479539114,-0.985411469907949,1.0748362198195593,0.7963157656667583,-0.00023406609734699657,80545.65493823634,80486.18841302613,80546.76902066242,0.0009953048000710396,0.001734990251316404,0.0009909507578438337,0.00010476892632329626,7.081592862568461e-05,1.0123252982394429e-05,56.18402282453617,56.809559720015386,71.34449282486747,-14.534933104852087,2.5215366579321756e-06,-4.512543896988495e-05,4.7646975627817125e-05,0.008035800248827815,247.07142857142858,0.003064425221380138,378.33485,0.0,13,50,1,0.5,0.0,0.0,0.0,0.0,0.0,0.0,0.0,0.0,0.0,0.0,0,1,high
2026-05-12 13:45:00,80738.0,80856.0,80640.0,80703.0,605.453,48880673.0891,0.0009582920573407705,0.0022415846106476067,0.000427584803086134,0.0031112870905705137,-0.00043359494240429933,0.002674990449303055,0.39802899181391815,1.599549291011777,0.7965195552749567,0.0014649433836044778,80560.64018221384,80494.69082820158,80548.32355777027,0.0017675400138479347,0.0025876633945927097,0.0019298473642876957,0.0001860568435630557,0.0001056189140654919,1.9557768448646928e-05,56.99383926071135,62.488021480079624,69.57319855590991,-7.085177075830288,7.036983379316383e-05,-2.2026384417275195e-05,9.239621821043902e-05,0.006877456444230619,255.95000000000022,0.003171505396329755,378.51475,0.0,13,45,1,0.5,0.0,0.0,0.0,0.0,0.0,0.0,0.0,0.0,0.0,0.0,0,0,high
2026-05-12 13:40:00,80746.7,80791.9,80671.1,80738.0,258.323,20858229.4073,0.0004335949424039143,0.00380594033996573,0.0018831661839779912,0.0029124090612935305,-0.00010775014609332186,0.0014963183210883568,-0.8517661982950386,0.7651237698909282,0.7963980950577962,0.0020484248563334972,80577.53159343157,80504.23236435054,80550.21088555365,0.0019915030556578728,0.002902777617899588,0.002339925467818915,0.00020963190059551843,0.0001184807190983712,2.367754132382372e-05,57.188654261621075,69.01686734359828,69.46193231344759,-0.4450649698493123,8.08692160119219e-05,-1.447264331435773e-06,8.231648034335768e-05,0.005435300842802494,253.55714285714203,0.0031404932356157204,337.62250000000006,0.0,13,40,1,0.5,0.0,0.0,0.0,0.0,0.0,0.0,0.0,0.0,0.0,0.0,0,0,high
2026-05-12 13:35:00,80614.1,80749.1,80541.2,80746.7,388.811,31345762.2237,0.0001077501460944319,0.0014996371458391167,0.002782929699145953,0.0026661986647020797,0.0016435222166456688,0.0025779617886505972,0.40888262448192236,1.1120094769813686,0.7961398585550832,0.0021390274199220016,80593.64287024761,80513.7408990819,80552.16600112028,0.0018993243253948577,0.0028924678516801805,0.002423320632679804,0.00019992887635731973,0.000118059912313903,2.4514084654874547e-05,56.06179815463841,74.03956005896907,70.37745786255189,3.6621021964171803,6.218032412999962e-05,1.1278253360851306e-05,5.0902070769148315e-05,0.005544758373256576,252.5999999999996,0.003128301218501804,349.6472,0.0,13,35,1,0.5,0.0,0.0,0.0,0.0,0.0,0.0,0.0,0.0,0.0,0.0,0,0,high
2026-05-12 13:30:00,80620.8,80692.6,80564.0,80614.1,322.849,26026524.536,-0.0016435222166464314,-0.0011021771281480852,0.0022701682694137304,0.0004578410949545031,-8.310855781043377e-05,0.0015949738151813094,-0.1859086427131187,0.893861476928972,0.7942939136263423,0.0009896970783298542,80595.59116831927,80517.67655009829,80552.7822598156,0.00023144000315333813,0.001199967374835964,0.0007720392278134369,2.436210559505773e-05,4.897826019781145e-05,7.916708522523248e-06,44.874160454646294,66.5531847213424,69.61260323431,-3.0594185129675964,-9.287321638507959e-05,-9.552040588334874e-06,-8.332117579674471e-05,0.005510095653396685,245.83571428571304,0.003049537416974363,361.1846,0.0,13,30,1,0.5,0.0,0.0,0.0,0.0,0.0,0.0,0.0,0.0,0.0,0.0,0,1,high
2026-05-12 13:25:00,80661.7,80661.7,80569.5,80620.8,505.732,40764868.5216,8.310855780990778e-05,-0.0014526635127420917,-6.077651299740694e-05,-0.0016384323796536648,-0.0005071846093251047,0.001143699359059227,0.4488221630536007,1.3516544826346644,0.7949221591157158,-0.001393606551042481,80597.99200943172,80521.72060695718,80553.45905325028,0.0002845915551556999,0.0012327592294045786,0.0008466388524315249,2.995700580599583e-05,5.0316703241423066e-05,8.664886127372844e-06,45.271763146266196,60.463823021244025,67.78284719169682,-7.319024170452792,-7.555859841165786e-05,-2.2753352152999473e-05,-5.280524625865838e-05,0.005506150658479766,225.77857142856996,0.00280050026083306,374.15774999999996,0.0,13,25,1,0.5,0.0,0.0,0.0,0.0,0.0,0.0,0.0,0.0,0.0,0.0,0,1,high
2026-05-12 13:20:00,80667.8,80673.0,80608.0,80661.7,550.282,44375366.1715,0.0005071846093258614,-0.0010532290495106622,-0.000511883961012316,-0.0010841895878304086,-7.562163154184043e-05,0.0008060466331343554,0.08442398939190898,1.4412414935029392,0.7955156710982063,-0.001003884176750347,80604.0594371049,80527.20999491964,80554.53607759606,0.0007163689107212434,0.0016717107470149983,0.001340352581539861,7.540725376026873e-05,6.823309171532261e-05,1.36252813830792e-05,58.43137254901959,58.266587238860666,65.87959520112959,-7.613007962268924,-2.7302519269822193e-05,-2.366318557636402e-05,-3.639333693458174e-06,0.005151887916985229,202.57142857142753,0.0025113706823861577,381.8111,0.0,13,20,1,0.5,0.0,0.0,0.0,0.0,0.0,0.0,0.0,0.0,0.0,0.0,0,1,high
2026-05-12 13:15:00,80754.6,80774.5,80667.4,80667.8,380.51,30710551.3681,7.562163154162249e-05,0.0006659147986773917,-0.0008698572718746078,0.0024239758226372032,-0.0010754394478816086,0.001326793301012895,-0.36891841593419805,0.9786019707316973,0.7954249624553693,-0.0009731326024269293,80610.12996690444,80532.72332845221,80555.66308179908,0.0007165628715721795,0.0016788095401807368,0.0014018849174295411,7.542767069182624e-05,6.852283837517751e-05,1.4242160489134359e-05,53.210272873194256,56.36770920721756,63.977218002347186,-7.609508795129628,-2.3610586326444982e-05,-2.3652665726380215e-05,4.207939993523227e-08,0.004938801863298042,187.24285714285674,0.002321159832583221,388.8302,0.0,13,15,1,0.5,0.0,0.0,0.0,0.0,0.0,0.0,0.0,0.0,0.0,0.0,0,1,high
2026-05-12 13:10:00,80851.7,80886.9,80751.3,80754.6,193.309,15621154.4195,0.0010754394478826867,0.0016582456887501706,9.783202991364703e-05,0.0018691316213299558,-0.001201685969974576,0.001677821601706237,-0.6772225132832359,0.5023279334078777,0.7964254122707679,0.00028555371568472765,80623.88901767545,80541.42437439527,80557.64255362199,0.0016213354318868056,0.0026462392238251198,0.002452674371626884,0.00017066688756714628,0.00010800976423821709,2.480133747812493e-05,49.70886348932531,61.161833721373114,63.414141146152375,-2.2523074247792607,5.930856684245619e-05,-7.060419212612933e-06,6.636898605506912e-05,0.004924381975709255,188.23571428571344,0.0023309596516571615,384.8263,0.0,13,10,1,0.5,0.0,0.0,0.0,0.0,0.0,0.0,0.0,0.0,0.0,0.0,0,1,high
2026-05-12 13:05:00,80855.6,80893.7,80845.0,80851.7,43.537,3520671.9902,0.0012016859699741644,0.0023527470493984737,0.002943040216534243,0.0011348189498789907,-4.823529921982187e-05,0.000602205921919297,-1.4906787936084909,0.11569933427107452,0.7971620262373662,0.002868112611023932,80645.58530170636,80553.5920459876,80560.56849836207,0.0025541622207310155,0.0036970261665913995,0.003617998547156276,0.00026885918112971944,0.00015089902720825425,3.651163232883179e-05,54.24759662546561,71.96678217296721,65.12466935151534,6.842112821451877,0.0001336687818642208,2.1085421002753816e-05,0.00011258336086146699,0.005315723437629458,186.0071428571412,0.0023005965595917117,376.2943,0.0,13,5,1,0.5,0.0,0.0,0.0,0.0,0.0,0.0,0.0,0.0,0.0,0.0,0,0,high
2026-05-12 13:00:00,80849.4,80898.0,80823.0,80855.6,68.251,5519214.2621,4.823529921971215e-05,0.0023253607170765633,0.0029081669579440472,0.001119906168685958,7.66828484343988e-05,0.0009275233937073953,0.44958093469877713,0.18661652383762167,0.7965767600608089,0.0016546009450930654,80665.58670154386,80565.43549516457,80563.50413519431,0.0023545501370971778,0.0035983884671502153,0.0036297539076048935,0.0002478473828525759,0.00014687299865968396,3.66282857307311e-05,60.09496061292809,79.92317446782545,68.08437037477736,11.838804093048083,9.839175970582681e-05,3.654668874336842e-05,6.184507096245839e-05,0.005647083050880931,176.0214285714267,0.002176985002540661,365.72860000000003,0.0,13,0,1,0.5,0.0,0.0,0.0,0.0,0.0,0.0,0.0,0.0,0.0,0.0,0,0,high
2026-05-12 12:55:00,80868.0,80868.1,80823.0,80849.4,90.179,7290256.1344,-7.668284843553863e-05,0.001173238420758338,0.002324299500182647,0.002240000342256465,-0.0002300309067796866,0.0005578538481043356,0.27860449802583,0.25631831802384286,0.7962493146648377,0.0007336435666314145,80683.09272996825,80576.57135809929,80566.3488701675,0.002060927546883917,0.0033835995160185206,0.003517717118281638,0.00021693974177751737,0.00013810610269516542,3.550081175892742e-05,65.47912992357368,84.75142285304901,71.4177808704317,13.333641982617308,5.966681307697017e-05,4.117071361008877e-05,1.8496099466881394e-05,0.005930868974151729,165.71428571428467,0.0020496662401240416,351.82425,0.0,12,55,1,0.5,0.0,0.0,0.0,0.0,0.0,0.0,0.0,0.0,0.0,0.0,0,0,high
2026-05-12 12:50:00,80935.3,80935.3,80859.4,80868.0,187.555,15170484.6847,0.00023003090678130889,0.0002015833575654824,0.0024787087754223336,0.003492017687525717,-0.0008318743051724808,0.0009382261046585525,0.7322755517317772,0.5568983179179596,0.7963670004414602,0.0009420379860909378,80700.70294616175,80587.99993229148,80569.35037394693,0.0020727719342694684,0.0034719194258272523,0.0037104569999382164,0.0002181865193969261,0.0001417109969730534,3.743643459497102e-05,71.46405066434843,89.0521710425819,74.94465890486174,14.107512137720164,5.3113985643432545e-05,4.355936801675753e-05,9.554617626675013e-06,0.005802351309534909,154.99285714285674,0.0019166154367964675,336.78499999999997,0.0,12,50,1,0.5,0.0,0.0,0.0,0.0,0.0,0.0,0.0,0.0,0.0,0.0,0,0,high
2026-05-12 12:45:00,80815.9,80949.0,80812.0,80935.3,376.92,30486056.6003,0.0008318743051720645,0.0009852223635178348,0.0022351436327117113,0.005115905361771311,0.0014763417110584978,0.001693857391536426,0.6979608276085667,1.0867460774772224,0.7970174982110443,0.0005920859402763767,80723.04552271777,80601.61954278986,80572.99166375841,0.0026280132642568788,0.004135017506254002,0.004497133978691892,0.0002766329751850345,0.00016877622474556364,4.534128902857394e-05,82.24155578300898,96.77552451252996,79.31083202639539,17.464692486134567,9.538501603700687e-05,5.39244976208074e-05,4.146051841619947e-05,0.006273548028999155,143.54999999999978,0.001773638943699471,346.83354999999995,0.0,12,45,1,0.5,0.0,0.0,0.0,0.0,0.0,0.0,0.0,0.0,0.0,0.0,0,0,high
2026-05-12 12:40:00,80938.5,80968.0,80815.9,80815.9,662.753,53626871.4201,-0.0014763417110597032,-0.00041443649910632985,-0.00044288404832215633,0.004770324437625817,-0.0015158786836928177,0.0018802865404057316,0.5643694084140733,1.7830041931011031,0.7951112135955896,-0.002050812641776645,80731.88880626847,80610.02269797458,80575.40866212898,0.0010419885481312008,0.002554413999304117,0.002990734633128156,0.0001096830050664881,0.00010426179589045513,3.0200164649586112e-05,63.4588168695154,92.19894361846673,81.88845434480966,10.310489273657069,-5.671485621485814e-05,3.179662685367429e-05,-8.851148306853243e-05,0.006359433862558732,133.21428571428572,0.0016483672855748155,371.7058,0.0,12,40,1,0.5,0.0,0.0,0.0,0.0,0.0,0.0,0.0,0.0,0.0,0.0,0,0,high
2026-05-12 12:35:00,80733.2,81000.0,80726.6,80938.5,770.309,62320406.9747,0.0015158786836941829,0.0008714112778065441,0.0010247593361523144,0.0038721497810989547,0.002539716108031818,0.0033810178466949087,0.15038936129761105,1.9270294049293653,0.7970468364828172,0.0004700764220082476,80751.56606281432,80622.90416079911,80579.02151126202,0.0023142608287933797,0.003910673362096162,0.004461771393271974,0.00024360640303103048,0.00015961932090236602,4.4983035485850755e-05,65.6603271711659,97.34266008474515,84.97929549279675,12.363364591948397,6.34605443797441e-05,3.8129410358888255e-05,2.5331134020855847e-05,0.006812618894181905,136.29285714285652,0.0016839063874776099,399.73909999999995,0.0,12,35,1,0.5,0.0,0.0,0.0,0.0,0.0,0.0,0.0,0.0,0.0,0.0,0,0,high
2026-05-12 12:30:00,80779.5,80906.9,80575.0,80733.2,1026.528,82852799.6328,-0.002539716108032053,-0.0025001791353975733,-0.0014382739234442,0.00037414161572613125,-0.000573329543351886,0.0041106832079945725,0.287145780192116,2.3241994296640356,0.7939682983057352,-0.0022810163591024946,80749.81691397486,80627.2294878266,80580.55562557782,-0.0002039833478821862,0.0013171942244927237,0.0019029303570281542,-2.1471931355929836e-05,5.3763029571604504e-05,1.9264636047861668e-05,49.73975276512672,83.88611133227823,84.76065866069305,-0.8745473284148204,-0.00016663136782064898,-2.8227452770191903e-06,-0.00016380862254362978,0.006783421685221817,153.62857142857163,0.0019029169093826535,441.6695000000001,0.0,12,30,1,0.5,0.0,0.0,0.0,0.0,0.0,0.0,0.0,0.0,0.0,0.0,0,0,high
2026-05-12 12:25:00,80780.3,80792.4,80698.7,80779.5,181.173,14629276.8618,0.0005733295433518748,-0.00045050788098599526,-0.001094975286873634,0.0005138762166740918,-9.903453705813626e-06,0.0011604355969435359,-1.7344851373585826,0.4175376747360011,0.7953885439075865,-0.0009784565338737394,80752.64387454868,80633.20088046085,80582.53517159198,0.0003341703673296337,0.0018163855808701612,0.002451620498385765,3.517582814005156e-05,7.413818697475236e-05,2.477771970262797e-05,51.708689310273066,76.08071146829752,83.02466922221394,-6.943957753916422,-9.666975000035129e-05,-2.159214622168561e-05,-7.507760377866568e-05,0.006603344443881989,145.47142857142794,0.001800845865243384,433.90815000000003,0.0,12,25,1,0.5,0.0,0.0,0.0,0.0,0.0,0.0,0.0,0.0,0.0,0.0,0,0,high
2026-05-12 12:20:00,80792.9,80817.3,80767.6,80780.3,80.247,6482757.7236,9.903453705106813e-06,-0.0019564831109750713,-0.0019169461383405917,0.0004160295242847667,-0.00015596646010025735,0.0006151565098876779,-0.8143429977499865,0.1959934270750191,0.7953733173121016,-0.0016441808989426931,80755.27779125833,80638.96947338396,80584.50298082987,0.0003113048856970835,0.0017546698567496577,0.0024370311764485564,3.276893533672349e-05,7.161917782692313e-05,2.4629717055886467e-05,60.036231884057266,69.16217070343555,80.25216951845827,-11.089998815022724,-8.570053806167961e-05,-3.4413824589684414e-05,-5.12867134719952e-05,0.00612689321576849,135.97142857142794,0.001683225100320597,409.43719999999996,0.0,12,20,1,0.5,0.0,0.0,0.0,0.0,0.0,0.0,0.0,0.0,0.0,0.0,0,0,high
2026-05-12 12:15:00,80790.5,80816.7,80762.9,80792.9,265.789,21473113.2388,0.00015596646010074267,0.0007391994571577243,-0.0002846379671801458,0.0022155182010319407,2.9706021784134744e-05,0.0006659256736391149,1.197593382789373,0.721746906176351,0.7955463243184511,0.0004351107228615092,80758.86085875754,80645.00596462381,80586.57658301067,0.0004227693128644461,0.0018357094024636922,0.002567196665040683,4.4502032933296744e-05,7.492691438668076e-05,2.593655032001439e-05,60.31898309149679,63.95861687680008,76.99345899012664,-13.034842113326562,-6.447803203757924e-05,-4.042666607926338e-05,-2.405136595831586e-05,0.0048927092045183565,133.22857142857123,0.001649013359200762,368.25789999999995,0.0,12,15,1,0.5,0.0,0.0,0.0,0.0,0.0,0.0,0.0,0.0,0.0,0.0,0,0,high
2026-05-12 12:10:00,80760.0,80817.1,80760.0,80790.5,188.765,15250424.1257,-2.9706021784647874e-05,0.0001361638920212016,-0.0018302226726589765,0.002102703621437385,0.0003775909125923814,0.000706783354534697,-0.34219990575293924,0.5282152988376689,0.7954645764516179,-0.0015822600311992119,80761.87411030444,80650.71161306993,80588.60567173694,0.0003556286919295104,0.0017351797186915263,0.002512241980138441,3.743459915063535e-05,7.082366198780513e-05,2.5382892886137154e-05,58.096555192355844,58.96143234735064,73.38705366157144,-14.425621314220805,-6.192740015157643e-05,-4.472681289372599e-05,-1.720058725785044e-05,0.004611762604706728,132.6642857142859,0.0016420777902635324,357.36375,0.0,12,10,1,0.5,0.0,0.0,0.0,0.0,0.0,0.0,0.0,0.0,0.0,0.0,0,0,high
2026-05-12 12:05:00,80712.0,80760.0,80651.0,80760.0,179.316,14470569.3211,-0.0003775909125920407,-0.0002513304742759459,0.0003319025227810357,0.001217928099519483,0.0005945303385586768,0.001350589694244375,-0.051353242622964146,0.5335882108059677,0.7950840420305347,0.0011157437247995006,80761.69562360877,80654.99743216523,80590.31108793856,-1.987058059960134e-05,0.001304350029389667,0.002113410758415313,-2.0916400629528454e-06,5.3238776710164116e-05,2.1373203279389117e-05,55.62332276164879,51.94128569497843,69.09790006825284,-17.156614373274408,-8.697481773946796e-05,-5.3176413862874385e-05,-3.379840387659358e-05,0.004539573907166715,134.57142857142858,0.0016663128847378477,336.0569,0.0,12,5,1,0.5,0.0,0.0,0.0,0.0,0.0,0.0,0.0,0.0,0.0,0.0,0,0,high
2026-05-12 12:00:00,80738.0,80770.1,80712.0,80712.0,125.261,10114609.4492,-0.0005945303385583856,-0.0010018272729350741,-0.0008359573591292246,0.000547776129419475,-0.00032208114245602803,0.000719584430807333,-0.35875005208731725,0.3802658014266988,0.7946340215777319,-0.0007545223298546233,80756.9627070746,80657.23282698228,80591.52192288445,-0.000555886545903661,0.0006819836245242072,0.001503767181846527,-5.8514373252994047e-05,2.7836066307475897e-05,1.5244809828266983e-05,47.272727272727,42.02018748362025,63.68235755132633,-21.66217006770608,-0.00012291340603795786,-6.712381229789107e-05,-5.578959374006679e-05,0.0045779777794186455,123.0714285714296,0.0015248219418603133,329.4038,0.0,12,0,1,0.5,0.0,0.0,0.0,0.0,0.0,0.0,0.0,0.0,0.0,0.0,0,0,high
2026-05-12 11:55:00,80725.0,80750.0,80715.7,80738.0,67.439,5444445.4569,0.00032208114245513286,-0.0006500401086952934,-0.0005237796703791986,-0.00020558217600807893,0.00016102760419520174,0.00042485804125511176,-0.6191760748715298,0.21522956884512176,0.7952320053483746,-0.00014131196372701993,80755.15673497226,80660.40016710061,80592.97941618909,-0.0002115382221674622,0.0009646896780779457,0.0018076806792830524,-2.2267181280791487e-05,3.937508890150166e-05,1.8297907665350227e-05,41.99182983518869,35.84245882817777,58.11437780669662,-22.271918978518855,-7.654969290278512e-05,-6.900898841886988e-05,-7.54070448391524e-06,0.004586299155548571,115.85000000000166,0.0014348881567539653,313.3352,0.0,11,55,1,0.5,0.0,0.0,0.0,0.0,0.0,0.0,0.0,0.0,0.0,0.0,0,0,high
2026-05-12 11:50:00,80702.2,80747.6,80680.3,80725.0,111.742,9018804.8731,-0.00016102760419478557,-0.00043347680029803826,-0.0008407737346747268,-0.001568295750177029,0.000282480277816965,0.0008338088260967198,0.5049691569758092,0.36905362097246563,0.7950302173823705,-0.0005161069360806181,80752.2846649749,80662.93349388098,80594.29305383895,-0.00033708336670734695,0.000772145914121225,0.0016302684673750178,-3.548245965355283e-05,3.151615976047079e-05,1.6513574214005594e-05,40.91794158553543,29.556859923453885,52.402874230048084,-22.8460143065942,-7.789107473302464e-05,-7.078540568170083e-05,-7.105669051323804e-06,0.004231470817137414,115.30000000000187,0.0014283059770827113,302.77985,0.0,11,50,1,0.5,0.0,0.0,0.0,0.0,0.0,0.0,0.0,0.0,0.0,0.0,0,0,high
2026-05-12 11:45:00,80691.8,80731.1,80664.6,80702.2,156.837,12656110.2631,-0.0002824802778160773,-0.00012142673955573002,-0.0010935479907061563,-0.0018990113272128184,0.0001288771579413916,0.0008240616542227241,0.33901440690344753,0.5496589799151944,0.7948196882402296,-0.0006448882113883059,80747.51469688205,80664.47335686604,80595.36675479579,-0.000560557583140664,0.0004704630623315609,0.001334377361802197,-5.900606138331706e-05,1.9202573973155178e-05,1.3538511009726164e-05,39.99456226209945,22.476611665653763,46.41762171716922,-23.941010051515455,-8.774289970675668e-05,-7.4176904486712e-05,-1.3565995220044677e-05,0.0039165396600187785,116.82857142857289,0.0014476503915453716,285.3351,0.0,11,45,1,0.5,0.0,0.0,0.0,0.0,0.0,0.0,0.0,0.0,0.0,0.0,0,0,high
2026-05-12 11:40:00,80651.1,80700.0,80651.0,80691.8,125.291,10108976.8199,-0.00012887715794107635,-0.0005723850399519392,-0.0008448342360551919,-0.0019512056367183561,0.0005045155487264337,0.0006073715255106842,-0.22456801775909696,0.47443337963777266,0.794830885513262,-0.0002531565172727568,80742.20853527423,80665.54498993012,80596.32628957395,-0.0006237742895507381,0.0003281903787275553,0.0011935051769569327,-6.566045153167508e-05,1.3395525662793157e-05,1.2121439676882358e-05,37.88836953533167,15.843635262339376,40.30282442620325,-24.459189163863876,-8.220840657983147e-05,-7.578320490533589e-05,-6.4252016744955785e-06,0.0038062238645600864,114.35000000000062,0.0014171204509008427,264.08555,0.0,11,40,1,0.5,0.0,0.0,0.0,0.0,0.0,0.0,0.0,0.0,0.0,0.0,0,0,high
2026-05-12 11:35:00,80630.9,80655.4,80618.9,80651.1,97.576,7867761.7503,-0.0005045155487266584,-0.000915872984483812,-0.0007548194462234648,-0.0026857520922263234,0.0002504929267448298,0.0004526449734792343,-0.25000747016763203,0.3903994917156735,0.7944277501987571,-0.0002062713789747761,80733.53153191478,80664.97851973679,80596.871301618,-0.0010208336632029358,-0.00016941045745078043,0.0006821340100398032,-0.00010745617507405444,-6.914712548557884e-06,6.9807731256033475e-06,29.723173515982026,7.219580983262858,33.68617573761517,-26.466594754352315,-0.00010690087297804384,-8.200673851987748e-05,-2.4894134458166358e-05,0.003877628756617307,109.77142857142982,0.0013610654854233832,249.93885000000006,0.0,11,35,1,0.5,0.0,0.0,0.0,0.0,0.0,0.0,0.0,0.0,0.0,0.0,0,0,high
2026-05-12 11:30:00,80599.5,80647.7,80599.5,80630.9,99.6,8030274.3389,-0.0002504929267459488,-0.0008838856334136835,-0.0013273935154245464,-0.0037681193241443367,0.00038950471371367485,0.0005978398562654801,0.020530603049615515,0.4061105778757807,0.7944230261519785,-0.000808979196396109,80723.75710030385,80663.64210719809,80597.20989563175,-0.0011502478670983862,-0.0004034365848166743,0.0004273461471413498,-0.00012107872285233008,-1.6466799379828117e-05,4.418845763697356e-06,34.62433510638313,-1.2308271383371903,26.7027751624247,-27.93360230076189,-0.00010476466600407332,-8.655832401671665e-05,-1.8206341987356668e-05,0.0042338565306525855,102.59285714285839,0.0012723764356203193,245.2534,0.0,11,30,1,0.5,0.0,0.0,0.0,0.0,0.0,0.0,0.0,0.0,0.0,0.0,0,0,high
2026-05-12 11:25:00,80553.5,80629.6,80553.5,80599.5,103.2,8318484.8291,-0.00038950471371279605,-0.0011445131891854032,-0.001555870624942557,-0.0026812823267974295,0.0005708860678897745,0.000944267800464225,0.03550668845690996,0.41573249386522654,0.7942213706523589,-0.0008088467300115809,80711.9230907511,80661.12673044522,80597.2326827399,-0.0013931094778758535,-0.0007618455613336295,3.7464901751604884e-05,-0.00014664310293427922,-3.109573719680725e-05,4.99208355971054e-07,16.7907523510968,-10.34233404682891,19.29375332057398,-29.63608736740289,-0.00011298635960297228,-9.184393113396778e-05,-2.1142428469004507e-05,0.004590055965631823,88.59285714285839,0.0010991737807661138,248.23655,0.0,11,25,1,0.5,0.0,0.0,0.0,0.0,0.0,0.0,0.0,0.0,0.0,0.0,0,0,high
2026-05-12 11:20:00,80509.7,80571.0,80485.3,80553.5,130.236,10488271.7343,-0.0005708860678907968,-0.0012108837083495416,-0.0018442764150172763,-0.004768047078382409,0.0005438858917458325,0.001064224225795057,0.2326793362044155,0.5181752858128448,0.7938873568368621,-0.00093233140336757,80696.83517734623,80656.90607434933,80596.79753166786,-0.0017769483509333384,-0.0012804676437649931,-0.0005281134928445397,-0.00018704719483489992,-5.2263985459316645e-05,-5.186217278325143e-06,24.409000284818916,-21.032633373484714,11.22847598176224,-32.26110935524696,-0.0001326094314498935,-9.999703119715293e-05,-3.261240025274057e-05,0.00503957864129824,70.78571428571533,0.0008787416348850804,251.33579999999998,0.0,11,20,1,0.5,0.0,0.0,0.0,0.0,0.0,0.0,0.0,0.0,0.0,0.0,0,0,high
2026-05-12 11:15:00,80552.2,80552.3,80460.0,80509.7,362.762,29197679.9188,-0.0005438858917461431,-0.001504276673349736,-0.002259285148822343,-0.0027722168620964993,-0.0005277474186808714,0.0011464963870505313,1.024398782599313,1.3690942896409506,0.7936692691780447,-0.0011616163352172748,80679.01277950374,80651.13328711996,80595.93088956173,-0.002099802410043594,-0.0017528102596102713,-0.0010613327240474035,-0.0002210318326359707,-7.154327590193729e-05,-1.0546413044174078e-05,11.302352266206299,-32.662552978436,2.450270189722593,-35.11282316815859,-0.00014431855424206863,-0.00010886133580613607,-3.545721843593256e-05,0.005572677703142396,70.77142857142982,0.000879042259149268,264.96495,0.0,11,15,1,0.5,0.0,0.0,0.0,0.0,0.0,0.0,0.0,0.0,0.0,0.0,0,1,high
2026-05-12 11:10:00,80595.8,80672.8,80545.5,80552.2,174.041,14029278.3953,0.0005277474186815567,-0.0005870245409553831,-0.001227022181414128,-0.0028177989867668174,-0.0005411174952699102,0.001579225515424612,-0.7344560682096564,0.6585247035208582,0.7945439184369398,0.00011616823818272337,80666.93537193196,80647.25355037017,80595.49575633225,-0.0014223354683746692,-0.0011770211608919112,-0.0005282759988460839,-0.00014971952298668237,-4.8041680035917914e-05,-5.190255514564816e-06,20.778888034843376,-38.01177713640209,-5.642139275502344,-32.36963786089974,-6.636129458082726e-05,-0.00010036132756107432,3.400003298024706e-05,0.005699723124517058,78.87142857143044,0.000979134382070638,264.28925000000004,0.0,11,10,1,0.5,0.0,0.0,0.0,0.0,0.0,0.0,0.0,0.0,0.0,0.0,0,0,high
2026-05-12 11:05:00,80629.4,80629.4,80500.0,80595.8,309.655,24943781.851,0.0005411174952705267,0.0005249790222059403,-0.00043541175939765253,-0.0022865849452013975,-0.0004168082965495937,0.001606162845742543,0.5761678708752083,1.186754098863279,0.7950191493013357,0.0005961231493571972,80660.1605746051,80645.23576408114,80595.49878363243,-0.0007972924518551139,-0.0006109662669704363,1.2713720339618817e-05,-8.392552124790055e-05,-2.493739865135146e-05,2.4564250319728704e-07,26.608117730834337,-38.291519401056576,-12.17201530061319,-26.119504100443386,-3.4608566045997907e-06,-8.098123336977942e-05,7.752037676517963e-05,0.005265099228072511,84.27142857142982,0.0010456057086278667,260.92600000000004,0.0,11,5,1,0.5,0.0,0.0,0.0,0.0,0.0,0.0,0.0,0.0,0.0,0.0,0,1,high
2026-05-12 11:00:00,80644.0,80661.3,80570.0,80629.4,117.466,9469175.6172,0.00041680829654922036,0.0014856732105013037,0.0003709012508643639,-0.00202574310875292,-0.00018105899720459294,0.0011325345607052595,-0.9693098445078316,0.5027183536536698,0.7952478466417361,0.001026475989377218,80657.23099607129,80644.61475372502,80595.83610916843,-0.0003442475690871305,-0.00018654393236516853,0.00042524816597477866,-3.623658621960332e-05,-7.6140380552506065e-06,4.390544533505974e-06,32.198895027623664,-35.39397821921739,-16.81640788433403,-18.577570334883358,3.594314996430156e-05,-5.759635670296322e-05,9.353950666726478e-05,0.005151385400995147,86.71428571428676,0.0010754673321925596,233.66164999999995,0.0,11,0,1,0.5,0.0,0.0,0.0,0.0,0.0,0.0,0.0,0.0,0.0,0.0,0,0,high
2026-05-12 10:55:00,80633.8,80644.1,80606.7,80644.0,66.733,5380862.4928,0.00018105899720488594,0.001138984789024633,0.0011228463159600466,-0.001814978089763386,0.00012648982083822966,0.0004638736759216313,-0.5654493468133701,0.3362154463219367,0.7952295722072709,0.0013422153704087947,80655.97090120736,80644.5906457358,80596.31535186329,-0.00014764680313206213,-5.2698396633132916e-06,0.0006002742560831109,-1.5541768750604345e-05,-2.150954960295653e-07,6.148439584962491e-06,36.71552908841061,-31.55580232781358,-19.76428677302994,-11.79151555478364,4.759941442284658e-05,-3.6557202477801265e-05,8.415661690064785e-05,0.004303656223995934,79.42142857143024,0.000984839895980237,198.48284999999998,0.0,10,55,1,0.5,0.0,0.0,0.0,0.0,0.0,0.0,0.0,0.0,0.0,0.0,0,0,high
2026-05-12 10:50:00,80616.1,80675.3,80574.4,80633.8,222.781,17959169.036,-0.00012648982083796056,0.00047137747291614573,0.0015402423868682291,-0.001563876998009306,0.00021953502074847271,0.001251475359880436,1.2054896429447082,1.4073741830942763,0.7949752292677186,0.0013059600896738743,80653.85938680665,80644.16748315794,80596.6883334368,-0.00024802837406667777,-0.00012659261499159413,0.000469070162257168,-2.6108249901781128e-05,-5.167045509438624e-06,4.828655899162262e-06,40.19558676028129,-29.002749394916464,-21.611979297407245,-7.390770097509218,3.1655563035977034e-05,-2.2914649375045606e-05,5.457021241102264e-05,0.004281720728133112,82.4785714285733,0.0010228783888217262,158.2955,0.0,10,50,1,0.5,0.0,0.0,0.0,0.0,0.0,0.0,0.0,0.0,0.0,0.0,0,1,high
2026-05-12 10:45:00,80656.3,80678.9,80604.1,80616.1,69.398,5596970.0453,-0.00021953502074900655,-0.00016496584438208117,0.0007929599474376658,-0.001188881680199927,-0.0004985354075786791,0.0009275621778236859,-1.166331177486554,0.4544527337527647,0.794760791467283,0.00021687303034312322,80650.26325472983,80643.06679754391,80596.88148434789,-0.00042303354769046564,-0.0003325540029663898,0.0002470522047772761,-4.45298471253264e-05,-1.3573632773735404e-05,2.5961815046531205e-06,34.391805377721624,-28.083944397396408,-22.90637231740508,-5.177572079991329,1.1380785312209741e-05,-1.605556243759454e-05,2.743634774980428e-05,0.004140143293134419,85.1071428571439,0.0010557090067262482,152.70675,0.0,10,45,1,0.5,0.0,0.0,0.0,0.0,0.0,0.0,0.0,0.0,0.0,0.0,0,1,high
2026-05-12 10:40:00,80660.4,80685.0,80618.8,80656.3,135.192,10903309.163,0.0004985354075781601,0.00015251056599119295,0.0007503778597452992,-0.0010124274150768997,-5.083168699677507e-05,0.0008208114590820871,0.6668379416068273,0.8696591917866379,0.7953392386956644,0.0003200893943287042,80650.8381828508,80643.58574665984,80597.47271335936,6.831120656514145e-05,0.00015947232992097327,0.0007381688301428824,7.190653322624689e-06,6.5090746910448104e-06,7.530900172051199e-06,41.77639454153728,-23.837200374880922,-23.09253792890025,-0.7446624459806728,5.264826388165653e-05,-2.314797173744325e-06,5.4963061055400856e-05,0.003917515182550028,85.22142857142899,0.0010565997767245582,155.454,0.0,10,40,1,0.5,0.0,0.0,0.0,0.0,0.0,0.0,0.0,0.0,0.0,0.0,0,0,high
2026-05-12 10:35:00,80618.2,80710.0,80600.0,80660.4,90.849,7327615.5514,5.0831686996488656e-05,0.00032983207382564217,0.00038440125019256755,-0.0008005681238856255,0.0005233180466978427,0.0013638338236984294,-0.3974972026335717,0.6192547049561371,0.7952120138661858,-3.5832775550304063e-05,80651.74883210311,80644.24512914376,80598.09885551498,0.0001077959513171578,0.0002020568005676182,0.0007811497657250754,1.1346942243945065e-05,8.247216350081824e-06,7.961753772294359e-06,44.761904761904205,-19.911264740439947,-22.45628329120819,2.545018550768244,4.8666096858250375e-05,7.881381632654614e-06,4.078471522559576e-05,0.003594862895589691,88.32857142857185,0.001095067361785608,146.707,0.0,10,35,1,0.5,0.0,0.0,0.0,0.0,0.0,0.0,0.0,0.0,0.0,0.0,0,0,high
2026-05-12 10:30:00,80693.0,80718.3,80594.2,80618.2,215.569,17384250.7245,-0.0005233180466976961,2.6049047876952613e-05,-0.0003199757937100145,-0.0010414058927672443,-0.0009274000238186581,0.0015386287421327418,0.8640822562832255,1.4560829249050302,0.7946200254277311,-0.0006095467795397269,80648.55370523615,80643.22375153028,80598.29886690289,-0.00037594856248546193,-0.0003086627658905883,0.0002552662292867325,-3.9573532893354086e-05,-1.2598480240027113e-05,2.675387598463608e-06,41.45775301764069,-19.974862009868957,-21.959999034940346,1.9851370250713885,-8.095523221110802e-07,6.1431948417014756e-06,-6.952747163812556e-06,0.003228763667603372,93.53571428571533,0.0011602307454857009,148.0472,0.0,10,30,1,0.5,0.0,0.0,0.0,0.0,0.0,0.0,0.0,0.0,0.0,0.0,0,1,high
2026-05-12 10:25:00,80733.0,80742.5,80640.0,80693.0,318.203,25668869.6615,0.0009274000238193025,0.0004549136641180951,0.0007339140509472486,1.4871288993134613e-05,-0.0004955831256263199,0.0012702742091961427,0.38940849998175064,2.0530345041390965,0.7957269221253505,0.0007516928576318804,80652.78668568985,80645.1757612742,80599.2411667347,0.0004989322745405644,0.0005944730517359886,0.001170898429691647,5.251918679356559e-05,2.4264206193672085e-05,1.1876627759864991e-05,54.50634545063398,-13.830103608299396,-20.334019949612156,6.50391634131276,7.616349798890036e-05,2.0147255471141253e-05,5.60162425177591e-05,0.0029941682819446765,97.20714285714348,0.001204653970693164,154.99155,0.0,10,25,1,0.5,0.0,0.0,0.0,0.0,0.0,0.0,0.0,0.0,0.0,0.0,0,1,high
2026-05-12 10:20:00,80800.9,80800.9,80695.4,80733.0,62.503,5045781.2539,0.0004955831256268084,0.0008996651027484148,0.0014490321973230635,0.0010149699633466014,-0.0008406904556762291,0.0013065316667637194,-1.6274749883015343,0.4116002480019414,0.7958968982217645,0.0011361067544815029,80660.42604895748,80648.61984906737,80600.57210039903,0.0008997996477706494,0.0010473088762896765,0.0016498996492959606,9.471575239673158e-05,4.274730107340292e-05,1.6689627738640547e-05,60.532288013205026,-5.667342996152001,-17.400684558920126,11.733341562768125,0.00010115512674725564,3.634882972636413e-05,6.480629702089151e-05,0.003067106292605012,101.22857142857121,0.0012538685720655891,151.85365,0.0,10,20,1,0.5,0.0,0.0,0.0,0.0,0.0,0.0,0.0,0.0,0.0,0.0,0,1,high
2026-05-12 10:15:00,80767.9,80800.9,80718.4,80800.9,102.758,8297025.4815,0.0008406904556750305,0.0022636736051211415,0.001791187245419934,0.0021061533457675807,0.00040849471505503615,0.0010215498355244021,0.4971621536358848,0.6689120398699124,0.7964500793861138,0.0011108406904494217,80673.80452048534,80654.59161969219,80602.56541283288,0.0015747291412111508,0.001813960142474258,0.002465808113877088,0.00016576096223276004,7.403918948915302e-05,2.4888640951937958e-05,69.32079815809679,6.209091591663309,-12.67872932880344,18.88782092046675,0.00014711262715440352,5.850158921197201e-05,8.86110379424315e-05,0.0033855267460813376,101.59285714285735,0.0012573233360378086,153.6196,0.0,10,15,1,0.5,0.0,0.0,0.0,0.0,0.0,0.0,0.0,0.0,0.0,0.0,0,1,high
2026-05-12 10:10:00,80792.9,80821.9,80760.0,80767.9,89.706,7247366.2242,-0.00040849471505488566,0.0009277788662469533,0.0013318608433685597,0.002087163344425491,-0.0003094810151909908,0.0007661749617755702,-0.13583905276643193,0.5881674139018528,0.7956002189495681,0.0003882050833823314,80682.76599472483,80659.03508558661,80604.21053310319,0.001055164480808557,0.0013503491361479547,0.002036842618734269,0.00011106994534822235,5.5116291271739745e-05,2.0576368752865087e-05,71.09405745769398,12.81075297424104,-7.580832868194545,20.391585842435585,8.17926195273676e-05,6.315979527505113e-05,1.8632824252316473e-05,0.0035465559333413095,97.85714285714286,0.0012115845881487926,152.5178,0.0,10,10,1,0.5,0.0,0.0,0.0,0.0,0.0,0.0,0.0,0.0,0.0,0.0,0,1,high
2026-05-12 10:05:00,80751.4,80808.7,80743.4,80792.9,66.004,5331617.7802,0.0003094810151917926,0.0007416767558119375,0.0021646599052580484,0.0029675304275080805,0.0005137909652391564,0.0008084079817749453,-0.3068223102092871,0.4460448524981897,0.7959117917161755,0.001291766288444407,80693.25494760819,80664.28469007341,80606.0880402365,0.0012346792582853539,0.0015947387728552087,0.0023229771301060964,0.00012996623771427667,6.509137848429084e-05,2.3451041851759888e-05,78.93338782182354,19.831305305619026,-2.0984052334318304,21.929710539050856,8.69582829785432e-05,6.791949281574955e-05,1.903879016279365e-05,0.0038581209727073036,95.84285714285735,0.0011862782143339,147.97615000000002,0.0,10,5,1,0.5,0.0,0.0,0.0,0.0,0.0,0.0,0.0,0.0,0.0,0.0,0,1,high
2026-05-12 10:00:00,80802.2,80817.0,80740.2,80751.4,103.865,8390116.4084,-0.0005137909652397354,-0.0006128046651028285,0.0007234689161990104,0.002997625354014488,-0.0006288934653800858,0.0009507469278384788,0.45337663273608975,0.7070222664534221,0.7952286358482183,-0.0004982862771321095,80698.7925716455,80667.70097673721,80607.5339303834,0.0006522322651374424,0.0010385576975124877,0.0017911843124789328,6.865602790913266e-05,4.239011010295649e-05,1.810535023890919e-05,70.39312039312094,21.795198952051578,2.6803156036648517,19.114883348386726,2.4340359517222234e-05,5.920366615604409e-05,-3.486330663882186e-05,0.003992792099747416,89.67857142857143,0.0011105512898670665,146.90484999999998,0.0,10,0,1,0.5,0.0,0.0,0.0,0.0,0.0,0.0,0.0,0.0,0.0,0.0,0,1,high
2026-05-12 09:55:00,80792.3,80824.4,80775.0,80802.2,192.882,15585351.1199,0.0006288934653806422,0.00042458351533269933,0.0008567792559528442,0.0030987714007135736,0.00012252892285788102,0.0006113884276647715,0.6189866239739432,1.271720242908707,0.7959870772831863,9.017906142183563e-05,80708.64089815546,80672.9754482377,80609.4709062005,0.001159113756182606,0.0016020609212112902,0.0023959974019600594,0.00012201197433499071,6.539024168247358e-05,2.418284392191151e-05,70.8232445520585,27.13790538215835,7.571833559363553,19.566071822794797,6.615766341305818e-05,6.0594465607446915e-05,5.563197805611267e-06,0.004314355474156118,85.65000000000042,0.0010599958912009873,151.67014999999998,0.0,9,55,1,0.5,0.0,0.0,0.0,0.0,0.0,0.0,0.0,0.0,0.0,0.0,0,1,high
2026-05-12 09:50:00,80875.0,80875.0,80783.9,80792.3,77.569,6268542.5559,-0.00012252892285857797,-7.426422717671244e-06,-0.0001064401225807643,0.002435124982584469,-0.0010230888647683493,0.0011270645741559874,-0.9109107401227057,0.5151738144606511,0.7956234012393892,-0.0008266781467245465,80716.60843166447,80677.65484242445,80611.29010116369,0.0009378624682465642,0.0014215111356730148,0.002250846902194681,9.872236507846036e-05,5.8020862680863706e-05,2.2723025346981268e-05,67.26001271455985,30.22477901962702,12.102422651416248,18.122356368210774,3.822404816235872e-05,5.612038211842928e-05,-1.789633395607056e-05,0.0045289000413374254,85.63571428571491,0.001059948959068066,150.5686,0.0,9,50,1,0.5,0.0,0.0,0.0,0.0,0.0,0.0,0.0,0.0,0.0,0.0,0,1,high
2026-05-12 09:45:00,80887.9,80922.8,80825.1,80875.0,76.165,6158954.1303,0.0010230888647697611,0.0015294534072918253,0.0013251434572438825,0.0030414055508050097,-0.00015949268994734013,0.00120805292534723,-0.018265823249221214,0.5104316302079827,0.7966143786671687,0.001014159717600549,80731.69334293452,80685.39386821173,80613.91408025658,0.0017741940632038933,0.0023487333337577354,0.003241359291671131,0.0001867572698109652,9.586666668434988e-05,3.2676914296461664e-05,71.38888888889005,38.8959788322245,17.4611338875779,21.4348449446466,0.00010729144892304734,6.63545954793529e-05,4.0936853443694434e-05,0.004979701749464055,92.28571428571429,0.0011410907485096048,149.21685,0.0,9,45,1,0.5,0.0,0.0,0.0,0.0,0.0,0.0,0.0,0.0,0.0,0.0,0,0,high
2026-05-12 09:40:00,80918.2,80939.8,80886.3,80887.9,170.527,13798362.2387,0.0001594926899457505,0.0010600526318569337,0.0011751551319978404,0.0030198392435458743,-0.00037452234933268844,0.0006612036247446038,0.8059916023688993,1.1275899052709955,0.7963298309417741,0.00041803922559857654,80746.57016741695,80693.3352851446,80616.64030831373,0.001749526109993127,0.0024098642188530306,0.003367012658415547,0.00018416064315713521,9.836180485146364e-05,3.393876281038494e-05,73.41072415699338,46.275454710106715,23.223998052083665,23.05145665802305,9.129052732311822e-05,7.134178184810597e-05,1.9948745475012252e-05,0.005219828355406913,89.70714285714244,0.0011090304341828932,151.23139999999998,0.0,9,40,1,0.5,0.0,0.0,0.0,0.0,0.0,0.0,0.0,0.0,0.0,0.0,0,0,high
2026-05-12 09:35:00,80917.0,80934.6,80865.5,80918.2,158.814,12847912.8741,0.0003745223493343275,0.0015571039040498391,0.0020634684465719033,0.0035208514137181623,1.4829901035252735e-05,0.0008541404387393798,-0.07115993582143165,1.1260688911893584,0.7964896859855415,0.0012610501373231386,80762.91586575819,80702.15350925658,80619.64090226086,0.0019217581298676123,0.00267519493806212,0.0037043058036925203,0.00020229032945972495,0.00010919163012530143,3.732765421858338e-05,77.20151269584059,53.94683376303874,29.36856519427468,24.57826856876406,9.486720798866576e-05,7.604686707621794e-05,1.882034091244782e-05,0.0052499516299674386,89.30000000000084,0.001103583619012791,141.03400000000002,0.0,9,35,1,0.5,0.0,0.0,0.0,0.0,0.0,0.0,0.0,0.0,0.0,0.0,0,0,high
2026-05-12 09:30:00,80702.3,80929.5,80702.3,80917.0,420.136,33965354.0425,-1.4829901036961246e-05,0.0005191851382431167,0.0014197450801543,0.0037255565334302077,0.0026568624699622955,0.0028113298205057037,0.9728447622501024,2.739920600630956,0.7962173097960488,0.0002302325128624716,80777.59054520978,80710.57886183474,80622.59969925329,0.001725316016560896,0.0025560369963564256,0.0036527646996429297,0.00018161221226956436,0.00010432804066795779,3.680867356927447e-05,75.24694944799634,59.24666824880114,35.344185805179976,23.902482443621167,6.552890411594446e-05,7.394327448416324e-05,-8.414370368218778e-06,0.005288434469096385,100.6071428571439,0.0012433375292848709,153.33875,0.0,9,30,1,0.5,0.0,0.0,0.0,0.0,0.0,0.0,0.0,0.0,0.0,0.0,0,0,high
2026-05-12 09:25:00,80718.2,80718.2,80677.7,80702.3,133.884,10803013.4314,-0.002656862469962107,-0.0022971700216647406,-0.001114588466949229,0.0005701586558899407,-0.0001970010011295734,0.0005018714954974175,-1.143604714987192,0.926211101748735,0.7934490074970064,-0.0021743937423828186,80770.42001709457,80710.25420058632,80623.39273707167,-0.0008428277435541531,-9.687153346504829e-05,0.0009859927547584135,-8.871870984773766e-05,-3.953940141064344e-06,1.0005975623688588e-05,52.88210207731531,45.5967189912335,37.394692442390685,8.202026548842817,-0.00016896414748338948,2.5361790090652696e-05,-0.0001943259375740422,0.005040642178999646,109.84285714285839,0.001361087071159786,144.5502,0.0,9,25,1,0.5,0.0,0.0,0.0,0.0,0.0,0.0,0.0,0.0,0.0,0.0,0,1,high
2026-05-12 09:20:00,80729.6,80750.0,80671.6,80718.2,202.442,16338867.6011,0.00019700100112984842,-0.0024746913698692197,-0.0019406763305891417,0.0007163279700233005,-0.00014122211660925894,0.0009713694594102895,0.41347967236849303,1.3605064550164987,0.7946323214873665,-0.0019820571798021547,80765.44668213317,80710.56580056333,80624.3360929217,-0.0005843194336208057,9.620282187405849e-05,0.0011712226737383702,-6.150730880225328e-05,3.926645791128312e-06,1.1866622643650378e-05,57.13673993719692,35.651069641375216,37.0459678821876,-1.3948982408123811,-0.00012309963297999497,-4.330494523476836e-06,-0.00011876913845651813,0.0048713651644682,106.57857142857185,0.0013203784453638939,148.799,0.0,9,20,1,0.5,0.0,0.0,0.0,0.0,0.0,0.0,0.0,0.0,0.0,0.0,0,1,high
2026-05-12 09:15:00,80742.0,80771.5,80716.4,80729.6,153.433,12387973.5611,0.0001412221166088301,-0.0023186393522234283,-0.001958946903926062,0.0013808681333298267,-0.00015358738037359195,0.0006824040951457063,-0.27718943611100766,1.0019525382997896,0.7949557923673805,-0.0013740385743936656,80762.03271240622,80711.31223975692,80625.38349498219,-0.00040089757253447544,0.0002281141565809719,0.0012993856382053082,-4.219974447738819e-05,9.310781901626422e-06,1.3153741986587491e-05,52.87193973634705,28.36201593831356,35.30917749341279,-6.947161555099228,-9.021264935103497e-05,-2.1506925488988465e-05,-6.870572386204652e-05,0.004722726935258723,101.63571428571491,0.0012589646707739776,153.13400000000001,0.0,9,15,1,0.5,0.0,0.0,0.0,0.0,0.0,0.0,0.0,0.0,0.0,0.0,0,1,high
2026-05-12 09:10:00,80788.4,80820.0,80738.1,80742.0,108.017,8724369.7966,0.00015358738037463127,0.0004918104981133098,-0.0021798818728857583,0.0006070554898851555,-0.0005745048768059957,0.0010138768284070198,-0.350975367512147,0.7328363494753583,0.7951530829576559,-0.00133660302788563,80760.1248350342,80712.51568133509,80626.5438582162,-0.00022375684052455824,0.0003667328492316102,0.001438515575609145,-2.3553351634338722e-05,1.49686877240972e-05,1.455109162228942e-05,50.738188976377984,23.317178809826146,32.91077775669547,-9.59359894686932,-6.24320268985832e-05,-2.9691945770907412e-05,-3.2740081127675787e-05,0.004516346972216574,100.38571428571491,0.0012432899146133972,147.39579999999998,0.0,9,10,1,0.5,0.0,0.0,0.0,0.0,0.0,0.0,0.0,0.0,0.0,0.0,0,1,high
2026-05-12 09:05:00,80848.8,80864.2,80731.0,80788.4,188.755,15248068.3978,0.0005745048768055483,0.0008693143737890097,-0.0015905470950432488,0.0006859772410638953,-0.0007473527481459247,0.001648564192094457,0.5581612557001225,1.230767525420789,0.7957086374160713,-0.0005086723799774262,80762.81770788808,80715.49153696901,80628.15436708968,0.00031734346139700165,0.0009043264426633613,0.001992990398161254,3.340457488374575e-05,3.691128337435018e-05,2.012277107684921e-05,48.93725556878078,22.800372754078126,30.888696756172,-8.088324002093874,-6.377641764440056e-06,-2.5029084969613943e-05,1.8651443205173887e-05,0.004205768047524298,104.00714285714328,0.0012874019395995376,153.36365,0.0,9,5,1,0.5,0.0,0.0,0.0,0.0,0.0,0.0,0.0,0.0,0.0,0.0,0,1,high
2026-05-12 09:00:00,80795.4,80848.8,80764.8,80848.8,130.172,10518246.2912,0.0007473527481458575,0.001475445005326037,0.0018136681230647156,0.0005926395335347223,0.0006607103990443711,0.0010395165699440673,-0.37159322496085245,0.8501714260709353,0.7962372875446491,0.002788280047642644,80771.00649761302,80720.71931983298,80630.34984602412,0.0009632965705392849,0.0015869074578347409,0.0027130760503233375,0.00010139963900394687,6.477173297323283e-05,2.735889025166521e-05,56.571892770106466,26.953868035125197,30.10173101196264,-3.1478629768374446,5.1400725405006614e-05,-9.743122894689831e-06,6.114384829969645e-05,0.004087727314524622,105.58571428571511,0.0013059651384524583,153.11265,0.0,9,0,1,0.5,0.0,0.0,0.0,0.0,0.0,0.0,0.0,0.0,0.0,0.0,0,0,high
2026-05-12 08:55:00,80819.5,80841.1,80795.4,80795.4,80.174,6479394.2401,-0.0006607103990443619,0.0006611472259070439,0.0009559567228905053,0.00034042384954524607,-0.00029823983034534777,0.0005654663546628242,-0.4846573800981515,0.5254592869656289,0.7952196449106435,0.000587323423276942,80773.32968831655,80723.64797395718,80631.99213611345,0.00027376844087712016,0.0008898756055035761,0.0020319441025087315,2.8817730618393644e-05,3.6321453286268336e-05,2.0512429661654992e-05,50.19412952321789,25.641035357490182,29.20959188106815,-3.5685565235779677,-1.6241212063222257e-05,-1.1042740728396318e-05,-5.198471334825939e-06,0.0038573530410528534,104.73571428571553,0.0012963078874009602,152.5789,0.0,8,55,1,0.5,0.0,0.0,0.0,0.0,0.0,0.0,0.0,0.0,0.0,0.0,0,1,high
2026-05-12 08:50:00,80884.2,80911.1,80802.9,80819.5,89.852,7265439.3863,0.0002982398303448264,0.00038488217944632197,0.0011129744366265015,0.00032918266469827984,-0.0008002291036339283,0.0013381651081048921,0.11396459951742433,0.6141918566876554,0.7956643313311407,0.0007085389637602191,80777.72686085783,80727.40687693925,80633.85788600288,0.0005175312930099096,0.0011415226736577466,0.002306998023074769,5.447697821138723e-05,4.6592762190525514e-05,2.327588638487063e-05,55.43495610534764,26.242764338167035,28.61622637248793,-2.3734620343208945,7.445507217083222e-06,-7.345091139300411e-06,1.4790598356383632e-05,0.003353260977120284,107.51428571428758,0.0013303012975122042,146.29305,0.0,8,50,1,0.5,0.0,0.0,0.0,0.0,0.0,0.0,0.0,0.0,0.0,0.0,0,1,high
2026-05-12 08:45:00,80918.0,80931.5,80882.0,80884.2,88.588,7167219.1401,0.0008002291036337539,0.00043775853493421835,0.0017596161598856241,0.0016432027335717692,-0.0004177940780985214,0.0006118154732957031,-0.014167464045325318,0.6571210490437445,0.7963592861753206,0.0012062032176647364,80787.86715982374,80733.5556268632,80636.3488523113,0.0011922594064870395,0.0018656046487706135,0.003076309443855507,0.00012550099015637452,7.61471285216325e-05,3.1006764168441606e-05,56.40224859462842,31.57639514254697,29.208260126499738,2.3681350160472334,6.596335743162922e-05,7.316598574885515e-06,5.8646758856743706e-05,0.003278677923139709,110.30000000000187,0.0013636779494635772,134.8123,0.0,8,45,1,0.5,0.0,0.0,0.0,0.0,0.0,0.0,0.0,0.0,0.0,0.0,0,0,high
2026-05-12 08:40:00,80906.4,80931.9,80870.1,80918.0,128.297,10378711.2117,0.00041779407809983127,0.0015162630120784115,0.0016029053611799071,0.0014321033462909583,0.00014336527766969356,0.0007638966515272592,0.3703514803938077,0.9290017523279894,0.7964199633614548,0.0007113259453834786,80800.26076365005,80740.78873953524,80639.15135129329,0.0014567150574826826,0.0021938536787580176,0.003459336322730877,0.0001533384271033704,8.954504811293442e-05,3.485539415780867e-05,59.461086858346874,38.09161705317092,30.984931511833977,7.106685541336944,8.055131943824972e-05,2.1963542747558356e-05,5.858777669069136e-05,0.0034034024597086924,108.20714285714348,0.00133724440615368,138.102,0.0,8,40,1,0.5,0.0,0.0,0.0,0.0,0.0,0.0,0.0,0.0,0.0,0.0,0,0,high
2026-05-12 08:35:00,80868.9,80919.0,80868.9,80906.4,118.515,9588140.9777,-0.00014336527767078167,0.0010746579040628035,0.000712187335363268,0.0014112669914787546,0.0004636060099614835,0.0006193294010419098,-0.07930835380860035,0.8533020951495016,0.7959897589077389,-0.0002475286369101326,80810.36926235004,80747.28329876917,80641.81054182768,0.0011882688484003978,0.0019700770912400856,0.0032829763082933283,0.000125080931410594,8.041130984690634e-05,3.308205413961374e-05,52.64666217127391,41.83668701672286,33.15528261281175,8.68140440391111,4.6297821753037396e-05,2.6830398548654164e-05,1.946742320438323e-05,0.0035533753968557745,102.46428571428676,0.0012664546403533808,138.88985,0.0,8,35,1,0.5,0.0,0.0,0.0,0.0,0.0,0.0,0.0,0.0,0.0,0.0,0,0,high
2026-05-12 08:30:00,80829.3,80869.0,80800.0,80868.9,72.733,5879140.6218,-0.00046360600996031565,-0.00018917720953126604,0.0009092917244473142,-7.542788325132221e-05,0.0004898013804938038,0.0008535959793107872,-0.48824433307386794,0.5268934202252661,0.7954644237641109,0.0002447788534674089,80815.94361831671,80752.05258117037,80644.07013842642,0.0006556473300172172,0.0014473937839731832,0.0027913168625275375,6.901550842288833e-05,5.907729730544666e-05,2.8139884347574645e-05,48.462285529297546,41.302634287130786,34.78475294767556,6.517881339455229,-6.6128439294483346e-06,2.0141750053033665e-05,-2.6754593982482e-05,0.0035457986104611787,105.4357142857147,0.0013037856862862572,138.0412,0.0,8,30,1,0.5,0.0,0.0,0.0,0.0,0.0,0.0,0.0,0.0,0.0,0.0,0,0,high
2026-05-12 08:25:00,80830.3,80854.4,80800.0,80829.3,88.239,7131919.272,-0.0004898013804943702,-0.0010967726681254675,0.00012125051360811767,-0.0007247219536914429,-1.237167480323862e-05,0.0006730407839629114,0.19325384038317228,0.6341151948269872,0.7951028673742631,-0.000561463956877617,80817.2156546675,80755.0818917127,80645.91322162616,0.00015005109718835286,0.0009200397602047161,0.002278614830471426,1.579485233553038e-05,3.7552643274081296e-05,2.2986239921286637e-05,42.9118162972418,37.25455725641223,35.27871380942289,1.9758434469893373,-5.008136832238083e-05,6.097126377950766e-06,-5.61784947003316e-05,0.0035288190128352818,105.42142857142815,0.0013042476994286497,139.15295,0.0,8,25,1,0.5,0.0,0.0,0.0,0.0,0.0,0.0,0.0,0.0,0.0,0.0,0,0,high
2026-05-12 08:20:00,80815.5,80894.0,80806.9,80830.3,125.405,10138043.4545,1.2371674802835742e-05,-0.0009410357156518501,-0.0006666069152228005,-0.0010868726282229346,0.00018311641924951627,0.0010772977568315378,0.35149945766012003,0.8942811432222575,0.7953224193780244,-0.0010368667972961987,80818.4617827944,80758.03162144947,80647.74791593834,0.00014695393656438682,0.0008958462806933909,0.002268190619648891,1.54688354276547e-05,3.656515431442461e-05,2.288062235791897e-05,43.08502153453535,33.738205653920886,34.97061217832249,-1.232406524401604,-4.350778765698239e-05,-3.823856429035866e-06,-3.968393122794653e-05,0.0034236991810632634,95.41428571428592,0.001180427212496872,140.22995,0.0,8,20,1,0.5,0.0,0.0,0.0,0.0,0.0,0.0,0.0,0.0,0.0,0.0,0,0,high
2026-05-12 08:15:00,80780.9,80830.0,80711.0,80815.5,420.011,33921152.6808,-0.0001831164192491741,-0.0006605461249407085,-0.0012675174125718058,-0.0012551591464351475,0.0004282273680447367,0.0014733104478187444,1.2087324015984091,2.770769673268842,0.7951872818793397,-0.0012326814821150833,80818.17970824256,80760.28528335341,80649.41709090413,-3.2718436715484245e-05,0.0006847796707987186,0.0020643271934304153,-3.444045970138518e-06,2.7950190645263873e-05,2.083090055088322e-05,63.255269320842295,29.418121570444782,33.86011405674695,-4.441992486302169,-5.345622298417264e-05,-1.3750329740063222e-05,-3.9705893244109416e-05,0.0034135529527048714,86.84285714285735,0.0010745816971107938,151.5864,0.0,8,15,1,0.5,0.0,0.0,0.0,0.0,0.0,0.0,0.0,0.0,0.0,0.0,0,0,high
2026-05-12 08:10:00,80862.8,80862.8,80750.0,80780.9,119.378,9644477.0025,-0.0004282273680438209,-0.0005989721124901592,-0.001552379502944845,0.0009734759554831385,-0.0010133399199388578,0.0013959292620017744,-1.2579859720354687,0.7768118620338718,0.7948520759055064,-0.0011376830022324924,80814.6292598385,80761.09370361407,80650.72537855683,-0.0004170462043067147,0.00024649142813792935,0.00161982022513385,-4.389960045334636e-05,1.0060874618240942e-05,1.636265907232895e-05,57.03387929100218,22.93807709966495,31.675706665330555,-8.737629565665603,-8.019440358044254e-05,-2.7039144508139087e-05,-5.3155259072303454e-05,0.0034318119644917732,89.30000000000084,0.0011054593350656014,153.67685,0.0,8,10,1,0.5,0.0,0.0,0.0,0.0,0.0,0.0,0.0,0.0,0.0,0.0,0,1,high
2026-05-12 08:05:00,80816.2,80871.5,80782.0,80862.8,110.948,8967555.4574,0.0010133399199379056,0.00040199613264491063,-7.543357304662379e-05,0.0017898148742911957,0.0005764508846594328,0.0011073067906959173,-0.0732333062969408,0.7138775930406136,0.796067151031119,0.0006027272670081629,80819.21694937769,80765.08218582527,80652.83557379508,0.0005395038379507611,0.0012104261971703778,0.0026069595466129414,5.678987767915383e-05,4.940515090528662e-05,2.6282830822235184e-05,62.90197597830205,24.13304992626945,30.167175317518335,-6.034125391248885,1.4767596458975963e-05,-1.867779631471608e-05,3.3445392773692045e-05,0.0034132686731078348,91.83571428571511,0.0011356979264348392,155.416,0.0,8,5,1,0.5,0.0,0.0,0.0,0.0,0.0,0.0,0.0,0.0,0.0,0.0,0,0,high
2026-05-12 08:00:00,80816.1,80896.2,80770.7,80816.2,204.488,16528173.5243,-0.0005764508846599625,8.661667234122206e-06,-0.00016208307721221615,0.001072141873022403,1.2373764400368215e-06,0.0015525753906299187,0.6114476709763039,1.301525866082632,0.7951516320111516,4.876463688852084e-05,80818.92962086553,80767.08680598899,80654.46109047373,-3.342828035535206e-05,0.0006091135355479338,0.002010304595664536,-3.5187663531429617e-06,2.4861776961551362e-05,2.028548041942725e-05,56.740552325580666,21.07688276846602,28.349116807707873,-7.272234039241852,-3.782118674255148e-05,-2.250647440028316e-05,-1.5314712342268318e-05,0.0033432103470813672,94.34285714285839,0.0011673755650829709,157.11405000000002,0.0,8,0,1,0.5,0.0,0.0,0.0,0.0,0.0,0.0,0.0,0.0,0.0,0.0,0,1,high
2026-05-12 07:55:00,80915.5,80927.1,80816.0,80816.1,128.416,10385902.3602,-1.2373764395334774e-06,0.0004356516588384096,-0.00017569212845458537,0.0009173171162082383,-0.0012291971700705612,0.0013737837035779953,-0.4652342999700281,0.8253266591321076,0.7952947235029377,-2.7695875086664046e-05,80818.66013316406,80769.00889202864,80656.06943783221,-3.136416567173228e-05,0.0005840378783581457,0.0019890765006245203,-3.3014911232753917e-06,2.3838280749744112e-05,2.00713226397361e-05,52.74747073993352,18.434280205881805,26.36614948734266,-7.931869281460855,-3.270623632453958e-05,-2.4546426785134446e-05,-8.159809539405137e-06,0.0031608469869012727,92.76428571428758,0.001147844126532802,155.59414999999998,0.0,7,55,1,0.5,0.0,0.0,0.0,0.0,0.0,0.0,0.0,0.0,0.0,0.0,0,1,high
2026-05-12 07:50:00,80843.4,80929.1,80843.4,80915.5,132.989,10758629.0813,0.0012291971700708615,0.0006515089089713655,0.0012366214608654502,0.0015720094094735515,0.0008914502358106068,0.0010595126862353852,0.03499142394993715,0.9416030383016325,0.796550781726264,0.0013634998469242987,80827.88297762461,80774.75364136085,80658.65083646074,0.0010837536706453932,0.0017421277916263023,0.0031862510471061256,0.00011407933375235669,7.110725680155265e-05,3.2102425599249784e-05,56.140673909040196,24.08313255479152,25.909546100832433,-1.8264135460409143,6.98282469020772e-05,-5.6714920476921185e-06,7.549973894976932e-05,0.0031549221149114494,94.83571428571615,0.00117203396488579,141.2368,0.0,7,50,1,0.5,0.0,0.0,0.0,0.0,0.0,0.0,0.0,0.0,0.0,0.0,0,0,high
2026-05-12 07:45:00,80900.1,80933.6,80760.0,80843.4,483.113,39051090.498,-0.0008914502358106091,0.0003365095578207189,0.000773398593098662,-6.679357448291512e-05,-0.0007011101196970306,0.002147271960084628,1.2899841627064008,3.044223865102482,0.7951774307479429,0.00032535484243645385,80829.36078927941,80777.44565542512,80660.48913659547,0.00017398882199337606,0.0008173176516663716,0.0022719669723763047,1.831461284159804e-05,3.335990415009532e-05,2.2912846878753675e-05,54.27198291206822,22.482852969973464,25.22420747466064,-2.741354504687177,-1.9802686046554904e-05,-8.497730847464677e-06,-1.1304955199090227e-05,0.0028512499187481693,103.42142857143024,0.0012792810368122845,158.69825,0.0,7,45,1,0.5,0.0,0.0,0.0,0.0,0.0,0.0,0.0,0.0,0.0,0.0,0,1,high
2026-05-12 07:40:00,80935.9,80949.2,80900.0,80900.1,185.278,14994036.0591,0.0007011101196976455,0.0010388570539578978,0.00046116879285840184,0.0012950269442590923,-0.0004424232010670683,0.00060797336675718,-0.958393180887704,1.1738338907013777,0.7960918966405472,2.4745609428222792e-05,80836.09785696708,80782.25562972217,80662.87332429104,0.0007917561853396649,0.0014588815842522251,0.0029434942354367166,8.33427563516978e-05,5.954618711274435e-05,2.966107844909091e-05,56.779946164199416,25.495934742881218,25.27855292830476,0.21738181457645922,3.7241171895164516e-05,6.500497010611612e-07,3.6591122194103356e-05,0.002665063270044664,102.71428571428676,0.0012696434950548484,157.84005,0.0,7,40,1,0.5,0.0,0.0,0.0,0.0,0.0,0.0,0.0,0.0,0.0,0.0,0,1,high
2026-05-12 07:35:00,81022.8,81022.8,80925.0,80935.9,166.102,13446922.0484,0.0004424232010666884,0.0002520830849537248,0.0014800428785850528,0.0014392103149809543,-0.0010731131867483161,0.0012077967331325067,-0.10925534236718892,1.0481373857458818,0.7962839271745743,0.0011322951634227252,80845.60282297022,80788.28089914483,80665.59000763144,0.0011166384924621298,0.001826743813344578,0.0033522267157426455,0.00011754089394360167,7.456097197368333e-05,3.3768164246280936e-05,54.57117595048592,30.42189983856224,26.307222310356256,4.114677528205984,6.0873258860194115e-05,1.2694691532887752e-05,4.817856732730636e-05,0.002583976947873432,103.47857142857227,0.0012785249985305936,158.4735,0.0,7,35,1,0.5,0.0,0.0,0.0,0.0,0.0,0.0,0.0,0.0,0.0,0.0,0,1,high
2026-05-12 07:30:00,80986.0,81059.1,80957.3,81022.8,153.247,12413481.0945,0.001073113186748742,0.002216646507513076,0.0025543934417733283,0.0017120943980959424,0.0004542963176433626,0.0012566630711077153,-0.08055105871768298,0.9534140044172085,0.797102214608902,0.0018074911059642318,80862.4787445921,80797.47772662935,80669.14433591372,0.001981203900239592,0.0027861371177362315,0.004381306669630547,0.00020854777897266264,0.00011371988235701897,4.410990576371836e-05,58.47074038150659,40.86677961620444,29.219133771525897,11.647645844678543,0.00012900616620788603,3.595698646788741e-05,9.304917973999862e-05,0.002967893977704394,107.86428571428821,0.0013312831167805632,160.735,0.0,7,30,1,0.5,0.0,0.0,0.0,0.0,0.0,0.0,0.0,0.0,0.0,0.0,0,0,high
2026-05-12 07:25:00,81069.1,81077.7,80984.3,80986.0,532.857,43166411.8812,-0.0004542963176437098,0.0010612400701717206,0.000870899954058757,0.0008400040023524014,-0.0010255771929890034,0.0011526454115198684,1.2462020967177292,2.9945863804729798,0.7961204885932194,-0.0004302931330446569,80874.24267367857,80804.87075695762,80672.29712859119,0.0013814878128250996,0.0022403960628327724,0.003887935622115535,0.00014541976977110337,9.144473725895117e-05,3.915063985916684e-05,56.18204411307888,45.64875916147139,32.505058849514995,13.143700311956394,5.907186060331358e-05,4.0579961294972645e-05,1.8491899308340934e-05,0.003153263050987206,110.95714285714452,0.0013700780734589252,177.94009999999997,0.0,7,25,1,0.5,0.0,0.0,0.0,0.0,0.0,0.0,0.0,0.0,0.0,0.0,0,1,high
2026-05-12 07:20:00,81000.0,81097.6,80988.7,81069.1,108.395,8783880.9965,0.0010255771929887914,0.0016443940620938235,0.0027879273828581574,0.0020089464730119744,0.0008527227483474019,0.0013437288208305361,-1.5924711330055175,0.6129162219662004,0.7971390118831803,0.001961581135237367,80892.80051428062,80815.23268805732,80676.2454158689,0.002177820719545309,0.003137895873241092,0.004864622140326347,0.00022924428626802602,0.00012807738258169,4.896582944254619e-05,64.51987235277088,55.504170381696895,37.104881155951375,18.39928922574552,0.00012165942987408097,5.6795855010794317e-05,6.486357486328666e-05,0.0038320207999450974,111.32857142857392,0.0013732553023109164,176.85125,0.0,7,20,1,0.5,0.0,0.0,0.0,0.0,0.0,0.0,0.0,0.0,0.0,0.0,0,0,high
2026-05-12 07:15:00,81026.0,81026.1,80847.9,81000.0,249.839,20221263.8482,-0.0008527227483483557,-0.00028144187300327417,0.0012340945148121563,0.0016198297346239343,-0.0003209361488053045,0.002201713332419072,0.835034747924694,1.3480436723869544,0.7958190932544777,-0.00027280338606949783,80903.00998911103,80822.47846499627,80679.46685451698,0.0011988981644162067,0.0021955584925432703,0.003971979995043284,0.0001261998067807516,8.961463234913921e-05,3.999380379288548e-05,61.87230491027877,57.080869538505794,41.10007883246226,15.980790706043535,1.94729497388234e-05,4.933127395640013e-05,-2.9858324217576734e-05,0.003911586199826134,122.2071428571466,0.0015087301587302048,185.3345,0.0,7,15,1,0.5,0.0,0.0,0.0,0.0,0.0,0.0,0.0,0.0,0.0,0.0,0,0,high
2026-05-12 07:10:00,80930.7,81064.1,80925.0,81026.0,146.882,11898090.4475,0.0003209361488067941,0.0004937905934472298,0.001112607462552262,0.0024305672639250986,0.0011768579008977578,0.0017173999261578818,-0.531187167067964,0.7805150223714835,0.7963093938300734,2.5466655499073454e-05,80914.7233234814,80830.45970166309,80682.91494551682,0.0013750881881549049,0.002417808576982594,0.004250200560329986,0.00014474612506894613,9.868606436708646e-05,4.278925001192935e-05,63.15364968409647,59.739754980008,44.82801406197141,14.911740918036593,3.281561436615412e-05,4.602814203835093e-05,-1.3212527672196812e-05,0.004087421567827509,125.92142857143232,0.0015540866952759894,188.186,0.0,7,10,1,0.5,0.0,0.0,0.0,0.0,0.0,0.0,0.0,0.0,0.0,0.0,0,0,high
2026-05-12 07:05:00,80876.9,80950.0,80832.0,80930.7,223.787,18102647.8657,-0.001176857900897943,-0.0017086445004395046,-0.001137363625094423,0.0012413376882243199,0.0006649873304167233,0.001458753395618189,0.421065163275272,1.1479438275070604,0.7950007112472601,-0.002101503361641832,80916.24491172128,80834.39069375473,80685.38046844701,0.00017935121227985462,0.0011922859436879207,0.0030427621354576218,1.887907497686145e-05,4.866473239590883e-05,3.065345746556246e-05,56.98689956331829,53.539853203634266,46.570381890303985,6.969471313330281,-7.658684454176987e-05,2.1505144722326772e-05,-9.809198926409663e-05,0.00409449541635904,131.2571428571464,0.001621846133261499,194.94594999999998,0.0,7,5,1,0.5,0.0,0.0,0.0,0.0,0.0,0.0,0.0,0.0,0.0,0.0,0,1,high
2026-05-12 07:00:00,80981.9,80981.9,80861.4,80876.9,276.236,22352631.2209,-0.0006649873304169773,-0.0015209090825081262,-0.0013480546378676905,0.0007594667770565167,-0.0012974273221971987,0.001489094973550673,0.2105608662022389,1.3651875109035208,0.7947462081067176,-0.0013742804865017888,80912.49777727164,80836.05772537219,80687.28613542764,-0.0004393850592681048,0.0005066202362797867,0.002354115354243902,-4.6251058870170804e-05,2.067837699148193e-05,2.373165858115908e-05,55.689900426742305,43.78050163293665,46.01240583883052,-2.231904205893869,-0.00012059525721426267,-6.914935664991116e-06,-0.00011368032154927155,0.004101332097052034,131.80714285714618,0.001629725457542836,202.3429,0.0,7,0,1,0.5,0.0,0.0,0.0,0.0,0.0,0.0,0.0,0.0,0.0,0.0,0,1,high
2026-05-12 06:55:00,80996.4,81009.2,80966.7,80981.9,105.551,8548158.9544,0.0012974273221963983,-0.000544417909118522,-0.0010762045086600835,0.002485121467296736,-0.00017903632818387644,0.0005247694376177321,-0.962061324382419,0.5233206425354757,0.79640636734098,-0.0007326445422002337,80919.10751276958,80841.77703025955,80690.21761666717,0.0007763239521736409,0.001733300595399001,0.0036152089184664504,8.171831075521672e-05,7.074696307794923e-05,3.6405247273848026e-05,56.870889581169244,44.011431295395596,45.61221093014353,-1.600779634747937,2.8454203273215367e-06,-4.962864466528586e-06,7.808284793850123e-06,0.004196247924091164,134.7857142857174,0.0016643930839572473,201.69469999999998,0.0,6,55,1,0.5,0.0,0.0,0.0,0.0,0.0,0.0,0.0,0.0,0.0,0.0,0,1,high
2026-05-12 06:50:00,81060.5,81060.5,80983.4,80996.4,414.147,33547135.7245,0.00017903632818416781,0.0008114763199635888,-4.4445432127560025e-05,0.001650817875542998,-0.0007910802112451462,0.0009515940534390947,1.3670267348334715,1.893110153616614,0.7961852017206876,0.00036610846620988013,80926.46870202963,80847.84067613172,80693.26420754612,0.0008643735869906521,0.0018373433187370836,0.003756491562603159,9.098669336749778e-05,7.499360484682056e-05,3.7824462009274095e-05,60.79559070213232,44.84749947770615,45.45926863965606,-0.6117691619499084,1.0309399843799915e-05,-1.9084116044628857e-06,1.22178114482628e-05,0.0042888805704991385,131.4357142857178,0.0016227352608970006,218.7654,0.0,6,50,1,0.5,0.0,0.0,0.0,0.0,0.0,0.0,0.0,0.0,0.0,0.0,0,1,high
2026-05-12 06:45:00,81052.4,81090.3,81041.8,81060.5,70.607,5723832.9001,0.0007910802112451876,0.0022675438616257537,0.00042569863031083344,0.003018348971448148,9.993035726023432e-05,0.0005982775952036547,-1.769091693539984,0.3240580529621752,0.7968096913651301,0.0005002975350567596,80939.23358755061,80856.1802574599,80696.91829503322,0.0014977915317384571,0.002525348097433877,0.004502322303460815,0.00015766226649870633,0.0001030754325487173,4.531954409122348e-05,63.59893167148813,50.104846350164735,46.3883841817578,3.7164621684069346,6.486377446877117e-05,1.1446025610183924e-05,5.341774885858725e-05,0.004473737448879301,130.2071428571466,0.0016062958266621426,217.8838,0.0,6,45,1,0.5,0.0,0.0,0.0,0.0,0.0,0.0,0.0,0.0,0.0,0.0,0,1,high
2026-05-12 06:40:00,81084.2,81100.0,81035.0,81052.4,112.528,9121680.2087,-9.993035726019173e-05,0.0008701861821691637,0.0015026261739485847,0.00291965599062749,-0.0003922618385701259,0.0008018010112842634,0.4660727898398731,0.5179894397876634,0.7963248448346096,0.0013241335873495075,80950.01134111722,80863.87514932422,80700.45542642592,0.0012647315388143454,0.00233030331899009,0.004358587051212837,0.00013312963566452558,9.511442118366204e-05,4.3874271440960645e-05,58.4788802180098,53.006701063903165,47.712047558186875,5.2946535057162905,3.578885140849022e-05,1.6314590769845187e-05,1.9474260638645036e-05,0.00455188485101047,126.77857142857518,0.0015641556749531808,217.23995,0.0,6,40,1,0.5,0.0,0.0,0.0,0.0,0.0,0.0,0.0,0.0,0.0,0.0,0,1,high
2026-05-12 06:35:00,81095.1,81163.5,81074.0,81084.2,91.301,7406064.128,0.0003922618385701071,0.001083411692555103,0.002559875342935669,0.0020827206591267355,-0.0001344191276743606,0.0011033208608263673,-0.2090403391222031,0.4546761787400628,0.7966198423846205,0.0018736342779028803,80962.79121339177,80872.5153395468,80704.27378039183,0.0014991844843006419,0.0026157978964782558,0.004703576761526662,0.00015780889308410477,0.0001067672610811697,4.7340814397469564e-05,65.69752281616618,57.21292112664378,49.61222227187826,7.600698854765518,5.186469823480688e-05,2.3424612262837527e-05,2.844008597196935e-05,0.004616501178380294,122.31428571428945,0.0015084848307597468,200.80445,0.0,6,35,1,0.5,0.0,0.0,0.0,0.0,0.0,0.0,0.0,0.0,0.0,0.0,0,1,high
2026-05-12 06:30:00,81168.0,81189.8,81078.4,81095.1,178.196,14456097.1023,0.00013441912767397923,0.0004267506089838946,0.00139686714841325,0.003108590022611324,-0.0008985407637940639,0.001373035721123352,0.6687223276522056,0.8746015553238394,0.7965279048524359,0.00012153751145582703,80975.3920502116,80881.24414976065,80708.16259849738,0.0014780223155970162,0.0026423653761451504,0.004789856626620903,0.00015558129637837856,0.00010785164800637791,4.82072652758428e-05,63.51913477537361,60.72590925412078,51.83495966832677,8.890949585794012,4.330003492770222e-05,2.7399696795810466e-05,1.5900338131891752e-05,0.004457723523957086,122.71428571428987,0.0015132145556795646,203.74534999999997,0.0,6,30,1,0.5,0.0,0.0,0.0,0.0,0.0,0.0,0.0,0.0,0.0,0.0,0,1,high
2026-05-12 06:25:00,81234.4,81254.4,81168.0,81168.0,62.494,5075536.6844,0.0008985407637940312,0.0014252217300381176,0.0021163715840231134,0.0033060206667077097,-0.0008177219511530048,0.0010638927653998276,-1.0478135159616038,0.31041713388930653,0.7972746175292063,0.0010894158085186234,80993.73566447715,80892.48947722102,80712.73809502975,0.002150223738496493,0.0034020470756281895,0.005631796421354807,0.00022633934089415502,0.00013885906431177609,5.666829511184468e-05,65.30396940524803,68.60160184114648,55.18828810289071,13.413313738255766,9.705195305361925e-05,4.1330148047372226e-05,5.572180500624702e-05,0.0048297114606998945,125.32857142857496,0.0015440638112134703,201.32265,0.0,6,25,1,0.5,0.0,0.0,0.0,0.0,0.0,0.0,0.0,0.0,0.0,0.0,0,1,high
2026-05-12 06:20:00,81246.4,81264.3,81201.2,81234.4,94.675,7691444.9257,0.000817721951154482,0.0018506818426224925,0.002143013323932408,0.0036813194167955032,-0.00014770976043714776,0.00077678034010698,0.4153794216537978,0.4834501000857878,0.79765168174597,0.0008419903808398743,81016.65607738409,80905.89773301629,80717.92876075086,0.002685284195397486,0.0040542878884775035,0.006385344060344522,0.0002826614942522814,0.00016548113830560767,6.424096830629879e-05,64.33992952019396,79.28709772168077,60.008050026648725,19.27904769503204,0.00013161218928867713,5.9386556295633206e-05,7.222563299304392e-05,0.005213171473929141,123.40714285714577,0.0015191488194305095,195.832,0.0,6,20,1,0.5,0.0,0.0,0.0,0.0,0.0,0.0,0.0,0.0,0.0,0.0,0,0,high
2026-05-12 06:15:00,81224.1,81278.0,81220.0,81246.4,92.888,7547877.6865,0.0001477097604354327,0.001863972475383946,0.0023906534416280323,0.002755915990482194,0.0002745113745574732,0.0007138549700674457,-0.019055507463153987,0.4786669387536356,0.7973067061815442,0.000981861346934565,81038.53645096657,80919.25076309408,80723.1871810419,0.0025631850076592855,0.004037213427386277,0.006468048310125596,0.00026980894817448626,0.00016478422152638514,6.507150355136479e-05,68.26086956521624,87.71263326656481,65.54896667463194,22.163666591932866,0.00010374117751475354,6.825748053945727e-05,3.548369697529627e-05,0.005426830674418015,120.87857142857476,0.0014878021848177244,194.0556,0.0,6,15,1,0.5,0.0,0.0,0.0,0.0,0.0,0.0,0.0,0.0,0.0,0.0,0,0,high
2026-05-12 06:10:00,81214.0,81237.9,81213.9,81224.1,28.353,2302993.5165,-0.00027451137455614116,0.0006909203370337735,0.001723880228501784,0.0029357009335697626,0.00012435506218089564,0.00029547225915142587,-1.186661621643676,0.15015585958973393,0.7967721990592551,0.00015235667463464608,81056.20916992213,80931.2056351296,80728.17138819571,0.002070704715663396,0.0036151451095811638,0.006131909702380867,0.00021796891743823606,0.00014755694324863902,6.169256944084234e-05,61.88285801901236,91.53534478160145,70.74624229602584,20.78910248557561,4.704122102571634e-05,6.40142286367091e-05,-1.6973007610992757e-05,0.005715630447802851,115.22857142857434,0.0014186500241747748,188.8238,0.0,6,10,1,0.5,0.0,0.0,0.0,0.0,0.0,0.0,0.0,0.0,0.0,0.0,0,0,high
2026-05-12 06:05:00,81205.0,81223.8,81181.8,81214.0,37.223,3022678.4156,-0.00012435506218189118,-0.00025115667630259964,0.0014651060386459136,0.00178576867839908,0.0001108244726196679,0.0005172235555463505,0.27219400511189784,0.22352222701950947,0.7966129250309759,8.502017854006283e-05,81071.23686802479,80942.29561022257,80733.00550373606,0.001760983019815754,0.0033538963200498983,0.005947777977112878,0.00018536663366489062,0.00013689372734940254,5.984134922569078e-05,68.0377612946726,92.68151084288547,75.13329600539777,17.548214837487706,1.4060377230533714e-05,5.4023458355474026e-05,-3.996308112494031e-05,0.005568827186801824,102.45000000000229,0.0012614820104908302,166.5293,0.0,6,5,1,0.5,0.0,0.0,0.0,0.0,0.0,0.0,0.0,0.0,0.0,0.0,0,0,high
2026-05-12 06:00:00,81178.3,81228.0,81140.3,81205.0,74.98,6087116.6616,-0.00011082447261934192,-0.0005096909093573743,0.00045574080223254043,0.002527666954128094,0.0003288515535847757,0.0010802602297190144,0.700294561514839,0.4656726354909872,0.7964826614139398,-0.0007919561152665011,81083.97621392719,80952.59774315503,80737.70196638546,0.0014930005903206478,0.003115892559295119,0.005778874365145015,0.0001571579568759161,0.00012717928813494198,5.814318184414816e-05,65.53280111072513,91.80535592403612,78.46770798912544,13.337647934910677,-1.0860184150793858e-05,4.104672985422045e-05,-5.190691400501431e-05,0.00549491114310538,98.77857142857309,0.001216409967718405,161.0144,0.0,6,0,1,0.5,0.0,0.0,0.0,0.0,0.0,0.0,0.0,0.0,0.0,0.0,0,0,high
2026-05-12 05:55:00,81199.3,81242.0,81178.3,81178.3,37.937,3080994.1104,-0.00032885155358464147,-0.0005640310883858746,-0.000690832702506583,0.0018778792517366583,-0.0002586563678374657,0.0007843847507485489,-0.681294522146564,0.2453783371489426,0.796151794316371,-0.001499887429599056,81092.95943164841,80961.4488120509,80742.08602642143,0.0010532776999045979,0.002677745279996202,0.005395793728858678,0.00011087133683205346,0.00010929572571456616,5.4292487959284586e-05,74.38928289992148,87.94278035029129,80.36272246135862,7.5800578889326715,-4.7653551416578156e-05,2.3306673600060726e-05,-7.096022501663888e-05,0.005383050036346845,89.47142857143002,0.0011021594264899613,154.60615,0.0,5,55,1,0.5,0.0,0.0,0.0,0.0,0.0,0.0,0.0,0.0,0.0,0.0,0,1,high
2026-05-12 05:50:00,81225.0,81226.0,81172.0,81199.3,57.017,4628823.815,0.00025865636783706236,-0.00018101965836692102,-0.0005798860951049534,0.0033133935204716636,-0.0003164551143451907,0.0006650328451116078,0.40742257982100183,0.3806344218568554,0.7965105805940027,-0.0007961255875414963,81103.08710482475,80970.77630961755,80746.63541919336,0.001186987966052655,0.002821248642035812,0.005598186911653258,0.00012494610168967336,0.00011515300579780131,5.632595940085452e-05,83.95113732097796,85.58956267454778,81.40809050399645,4.181472170551331,-2.9070474472466082e-05,1.2831243985555368e-05,-4.1901718458021447e-05,0.005482435200693776,84.72142857143002,0.0010433763415624276,149.79465,0.0,5,50,1,0.5,0.0,0.0,0.0,0.0,0.0,0.0,0.0,0.0,0.0,0.0,0,0,high
2026-05-12 05:45:00,81216.6,81235.2,81215.2,81225.0,38.727,3145527.3911,0.0003164551143459704,0.0002462599285983913,1.1080393797158195e-05,0.004294835965234611,0.00010342178367455634,0.0002462290040659098,-0.38681243778952146,0.30959767172190167,0.7967295677275068,-4.2631331748310686e-05,81114.6978567462,80980.74586610314,80751.39526576856,0.0013602580251230734,0.0030146565502491285,0.005855789866535233,0.00014318505527598737,0.00012304720613302364,5.891430920130343e-05,80.73324905183387,84.82063643090078,82.09059968937731,2.730036741523463,-9.569070028676586e-06,8.351181182708978e-06,-1.7920251211385564e-05,0.005526599946587758,77.83571428571511,0.0009582728751703922,125.08815000000001,0.0,5,45,1,0.5,0.0,0.0,0.0,0.0,0.0,0.0,0.0,0.0,0.0,0.0,0,0,high
2026-05-12 05:40:00,81230.4,81247.4,81207.5,81216.6,66.899,5433687.8528,-0.00010342178367572785,0.0004716896985073049,3.201367230332153e-05,0.002893986859362485,-0.00016990156830450076,0.0004912132635246758,0.5466469881466742,0.54383528291848,0.7964577979551226,-0.00015512707585330077,81124.40282277038,80989.99504782459,80756.02416859673,0.0011371375517850169,0.0027970686972960124,0.005695130589497666,0.00011969868966153829,0.00011416606927777849,5.7299024695064314e-05,78.2742681047785,82.58149893024529,82.18877953755091,0.3927193926943744,-2.767559607554478e-05,1.1458257310582263e-06,-2.8821421806603007e-05,0.005647008913742233,75.07142857142857,0.000924336017161868,123.01334999999999,0.0,5,40,1,0.5,0.0,0.0,0.0,0.0,0.0,0.0,0.0,0.0,0.0,0.0,0,0,high
2026-05-12 05:35:00,81159.0,81248.0,81159.0,81230.4,100.239,8139277.1464,0.00016990156830587466,0.0003829348989761172,0.0003127397132285381,0.002884852099484192,0.0008793677986500115,0.0010960119811240512,0.40437331514123365,0.8676196094028261,0.7965987478828058,0.00011608646886607232,81134.49779203035,80999.42269300795,80760.74432612314,0.0011825592038920973,0.0028506184904806275,0.005806673628869774,0.00012447991619909414,0.00011635177512201757,5.8419448014574865e-05,75.05160719551841,80.98694392056495,81.94841241415372,-0.9614684935887681,-1.9742657110022552e-05,-3.03187083715793e-06,-1.671078627286462e-05,0.005639310140347864,74.72142857142795,0.000919870252656985,115.53335,0.0,5,35,1,0.5,0.0,0.0,0.0,0.0,0.0,0.0,0.0,0.0,0.0,0.0,0,0,high
2026-05-12 05:30:00,81246.0,81278.6,81143.8,81159.0,157.73,12812195.488,-0.000879367798651387,-0.0008128880140212402,-0.00023777653183820746,0.0012144040895876174,-0.001071395687598196,0.001659869955741669,0.4533273760187928,1.358854024204022,0.7956155485696677,-0.000536245746703301,81136.83133564651,81005.68062661547,80764.7070691468,0.0002743160333125161,0.0018939467431309254,0.004878277911508633,2.887537192761975e-05,7.730394869953111e-05,4.908823162983893e-05,63.245526838968075,73.11899405348231,80.18252874201946,-7.063534688537146,-9.700480363664542e-05,-2.182645739705543e-05,-7.517834623959e-05,0.00553804593290809,79.70714285714244,0.0009821109532786561,116.07575,0.0,5,30,1,0.5,0.0,0.0,0.0,0.0,0.0,0.0,0.0,0.0,0.0,0.0,0,1,high
2026-05-12 05:25:00,81211.2,81254.1,81205.2,81246.0,48.832,3967229.3802,0.001071395687599619,0.0003619294572541065,0.0005749627879243491,0.002385730134447428,0.0004284205382374589,0.0006019969491040861,-1.1724988748373906,0.45497912939773405,0.7969865590517173,0.000475978457714632,81147.22835129923,81015.1049157678,80769.49605353341,0.0012175486998735607,0.002849054492269687,0.005890472866777685,0.0001281630210392387,0.00011628793846031886,5.926044512207555e-05,67.67919580419758,73.06155191769358,78.75833337715429,-5.696781459460709,-8.158961302253212e-07,-1.762434514368941e-05,1.6808449013464087e-05,0.00517199909160028,78.5642857142853,0.0009669926607375785,107.328,0.0,5,25,1,0.5,0.0,0.0,0.0,0.0,0.0,0.0,0.0,0.0,0.0,0.0,0,0,high
2026-05-12 05:20:00,81185.2,81224.2,81185.1,81211.2,39.882,3238895.732,-0.0004284205382383277,-0.00023639264929009585,-0.00016991286465994904,0.0015650477576389932,0.00032020414519224265,0.00048149952934238,-0.20246074137449233,0.4175675293659427,0.7961960133098387,-0.000533554417668114,81153.32088927072,81022.79491907104,80773.89111767735,0.0007139730986214232,0.0023257071323037337,0.005407703549149545,7.51550630128038e-05,9.49268217270386e-05,5.440789802396209e-05,62.05607476635533,69.4078687410074,76.88824044992492,-7.480371708917517,-4.508837810935944e-05,-2.3117151736823416e-05,-2.1971226372536025e-05,0.004173929502869612,74.9571428571414,0.0009229902138761822,95.5103,0.0,5,20,1,0.5,0.0,0.0,0.0,0.0,0.0,0.0,0.0,0.0,0.0,0.0,0,0,high
2026-05-12 05:15:00,81188.3,81232.6,81183.0,81185.2,76.804,6237109.8004,-0.0003202041451917381,0.00032277100416955307,-0.0003866952261759593,0.0011104244847732758,-3.818357059963886e-05,0.0006107787865446017,0.6553316278431707,0.8164302278178798,0.7959424215238524,-0.0005153764312701981,81156.35699505446,81029.16374577413,80777.98374337211,0.0003562671483408053,0.0019268558111473766,0.0050368775193394555,3.750180508856173e-05,7.864717596551796e-05,5.068041500689045e-05,51.978831109065645,63.680249514378374,74.24664226281561,-10.566392748437238,-7.062832120485784e-05,-3.2619385630430306e-05,-3.800893557442753e-05,0.0036203687249555224,67.12142857142837,0.0008267692704018512,94.07294999999999,0.0,5,15,1,0.5,0.0,0.0,0.0,0.0,0.0,0.0,0.0,0.0,0.0,0.0,0,1,high
2026-05-12 05:10:00,81170.3,81188.3,81151.3,81188.3,48.462,3933364.0388,3.8183570598704364e-05,-0.0007104411128313615,-0.0005184132238831296,0.00025006729157794894,0.0002217314028791019,0.0004558345670516947,-0.46047673644245624,0.6394356942393788,0.7960998191848869,-0.0004989286979188989,81159.39918600165,81035.40438319476,80782.0664921943,0.00035688398380351316,0.0018879790138335295,0.00502456296963949,3.756673513714674e-05,7.706036791191743e-05,5.055606829636123e-05,43.79208187449575,58.71439115147223,71.14019204054694,-12.425800889074708,-6.124403352483002e-05,-3.834431520931025e-05,-2.289971831551977e-05,0.0029972338341332206,62.88571428571387,0.0007745662156457749,75.78869999999999,0.0,5,10,1,0.5,0.0,0.0,0.0,0.0,0.0,0.0,0.0,0.0,0.0,0.0,0,1,high
2026-05-12 05:05:00,81217.6,81241.8,81170.3,81170.3,36.336,2950858.58,-0.0002217314028793993,-0.0005037519774724331,0.00013922317188885813,-0.0007893860624559323,-0.0005825557364519611,0.0008804763268147922,-0.28797100032501133,0.4905288750680897,0.7958852304962836,0.0002696819266159167,81160.43735876339,81040.6944073832,80785.92951217246,0.0001222809065506425,0.0016009045673861522,0.004755042197935211,1.2871674373666169e-05,6.534304356715992e-05,4.784674022496063e-05,39.91518685396282,52.71875407338666,67.45590444711489,-14.737150373728227,-7.39276916766247e-05,-4.546099050277314e-05,-2.8466701173851567e-05,0.0026570515439509152,63.84999999999958,0.0007866177653649128,74.07515,0.0,5,5,1,0.5,0.0,0.0,0.0,0.0,0.0,0.0,0.0,0.0,0.0,0.0,0,1,high
2026-05-12 05:00:00,81180.7,81217.6,81172.6,81217.6,78.346,6360793.1727,0.0005825557364520506,0.0003990079041713557,-0.00034961677925871015,-0.00035454008643931445,0.0004544382624084338,0.0005542206506531996,0.7683259291681259,1.0826347437783326,0.7965554485450621,-0.0004311105066552301,81165.88141983355,81047.63188160346,80790.22474090707,0.000637709343669357,0.0020978344095698986,0.005284487507179136,6.71272993335123e-05,8.562589426852817e-05,5.316722774960829e-05,49.19214516529951,51.1937534672179,64.20347425113549,-13.009720783917587,-1.8862892029207156e-05,-4.0141370808059944e-05,2.1278478778852788e-05,0.0021688596136582986,64.90714285714265,0.0007991758295879544,72.36605,0.0,5,0,1,0.5,0.0,0.0,0.0,0.0,0.0,0.0,0.0,0.0,0.0,0.0,0,0,high
2026-05-12 04:55:00,81181.3,81200.0,81163.6,81180.7,52.327,4248146.2247,-0.0004544382624072085,-9.361392883455721e-05,-0.00037563450342759097,-0.0005344669742903818,-7.390891957537423e-06,0.0004483763677304564,-0.4036224242828137,0.743098114314157,0.7958889342607272,-0.00030707904911153605,81167.29271318273,81052.85023918764,80794.11006686819,0.00016581669257043075,0.0015789492394304716,0.004781989053281421,1.7454388691538895e-05,6.444690773222478e-05,4.811642685252554e-05,46.119785597762345,46.47195808099059,60.65717101710651,-14.185212936115924,-5.82291612511519e-05,-4.3758928896678336e-05,-1.4470232354473561e-05,0.001761831100270326,65.74285714285672,0.0008098335828941697,70.41735,0.0,4,55,1,0.5,0.0,0.0,0.0,0.0,0.0,0.0,0.0,0.0,0.0,0.0,0,1,high
2026-05-12 04:50:00,81260.0,81260.0,81167.4,81181.3,76.034,6175155.5449,7.3908919571152865e-06,0.00013550836600195737,-4.8039466278737564e-05,-0.00040272102015137534,-0.00096896548054685,0.0011402018382629144,0.37366811841945147,1.1642148700222406,0.7960145139697534,7.209244590100639e-05,81168.62674049867,81057.88748470969,80797.96270301875,0.00015671162409525152,0.0015241307144684413,0.004741724423395155,1.64959604311176e-05,6.22094169175146e-05,4.7711197649586135e-05,47.183265985262985,42.29081402532756,56.983899618750726,-14.693085593423163,-5.156702754411237e-05,-4.532054862616515e-05,-6.246478917947225e-06,0.0013043268409002036,66.09285714285735,0.0008141389352333278,65.30924999999999,0.0,4,50,1,0.5,0.0,0.0,0.0,0.0,0.0,0.0,0.0,0.0,0.0,0.0,0,1,high
2026-05-12 04:45:00,81200.4,81260.0,81200.4,81260.0,95.559,7762959.0848,0.000968965480547368,0.0005219181100972747,0.000882742443669926,0.0006770689330153346,0.0007337172957073376,0.0007337172957073376,0.22856324910533576,1.427052454732126,0.7969980779455703,0.0008982587606833903,81177.32895568927,81065.81346570147,80802.56008905837,0.0010184697613446758,0.0023953277167798603,0.00565386711882887,0.00010720734329933192,9.776847823633237e-05,5.687790693215113e-05,58.64184472181062,44.81110498998896,54.54934069299837,-9.738235703009408,3.0947056103008416e-05,-3.0067027680330435e-05,6.101408378333885e-05,0.0013713849781672612,67.16428571428592,0.0008265356351745745,66.9625,0.0,4,45,1,0.5,0.0,0.0,0.0,0.0,0.0,0.0,0.0,0.0,0.0,0.0,0,0,high
2026-05-12 04:40:00,81237.9,81237.9,81199.0,81200.4,52.909,4297360.7081,-0.0007337172957075921,0.00024263907679689112,0.0003707565508417332,0.00027220319089238387,-0.0004617137789078604,0.0004789552219185285,-0.5911704010547694,0.8155630435519821,0.7958779868757784,-7.243620505192894e-06,81179.52619800458,81071.09136900729,80806.51869513739,0.0002576331831942724,0.0015964492280886589,0.0048711931084621796,2.7119282441529633e-05,6.516119298362945e-05,4.901128800041239e-05,50.107568941911914,41.520608110542526,51.943594176507204,-10.422986065964679,-4.058437682175713e-05,-3.217049750861578e-05,-8.413879313141352e-06,0.0013406932769887759,67.66428571428592,0.0008332999063340319,64.8742,0.0,4,40,1,0.5,0.0,0.0,0.0,0.0,0.0,0.0,0.0,0.0,0.0,0.0,0,0,high
2026-05-12 04:35:00,81179.2,81237.9,81164.4,81237.9,116.265,9441883.5269,0.0004617137789075798,0.0006969619637473556,0.0002499145932972624,0.0004752606019629013,0.0007228303245878213,0.000905159656215462,0.7872986116830512,1.7604426203817058,0.7965134197959838,-4.2028749078326655e-05,81185.08560771843,81077.63288394819,80810.81104642956,0.0006508377276155386,0.00197745073221256,0.005279843137245166,6.850923448591536e-05,8.071227478456868e-05,5.3117780447249876e-05,51.233033836741924,41.460867158151814,49.84704877283613,-8.386181614684318,-8.029992086479483e-07,-2.5896997848622213e-05,2.5093998639974265e-05,0.001311721110657625,70.35000000000062,0.0008659751175252022,66.04305,0.0,4,35,1,0.5,0.0,0.0,0.0,0.0,0.0,0.0,0.0,0.0,0.0,0.0,0,0,high
2026-05-12 04:30:00,81165.9,81194.4,81152.0,81179.2,86.125,6990718.3548,-0.0007228303245874201,-0.0009948338413874325,-1.847746888294921e-05,-0.0005640248369704892,0.00016384849348404223,0.0005223398974541268,-0.30007233906776154,1.249426061903349,0.7956264757598301,-0.0002624585008970115,81184.52507365,81081.61590810708,80814.47660815663,-6.513615916503568e-05,0.001205419607325453,0.0045116694015856496,-6.856437806783248e-06,4.920080029939266e-05,4.539690378023824e-05,46.73875130798673,36.258951971438364,47.12942941255658,-10.870477441118219,-6.411964894488836e-05,-3.354152806787545e-05,-3.057812087701291e-05,0.0013280806214087152,73.63571428571491,0.0009070761264673083,68.93165,0.0,4,30,1,0.5,0.0,0.0,0.0,0.0,0.0,0.0,0.0,0.0,0.0,0.0,0,0,high
2026-05-12 04:25:00,81121.0,81186.0,81121.0,81165.9,87.48,7100188.3426,-0.0001638484934840534,-0.0004249650391638937,-0.0001897168543241179,-0.0006244515467788148,0.0005533410416446252,0.0008009513264975654,0.015610466474744733,1.2244469483305225,0.7956965753224452,-0.00031793864730822463,81182.7512571119,81084.9211666127,80817.97335832423,-0.00020717659049296344,0.001000725187807916,0.004304559008518893,-2.1808062156999452e-05,4.0845926033375164e-05,4.33148600263647e-05,44.37074533077349,30.709201304111048,43.84538379086747,-13.136182486756425,-6.840485923204588e-05,-4.051419430070954e-05,-2.7890664931336343e-05,0.0013875330831684125,71.92142857142919,0.0008861039989876191,71.44449999999999,0.0,4,25,1,0.5,0.0,0.0,0.0,0.0,0.0,0.0,0.0,0.0,0.0,0.0,0,0,high
2026-05-12 04:20:00,81117.6,81144.0,81111.5,81121.0,78.052,6332411.1096,-0.0005533410416447282,-0.0014400198597162017,-0.001712023376516214,-0.0013476941567294176,4.191357667651453e-05,0.000400602758422891,-0.11403492457581521,1.090140660157183,0.7952605276911591,-0.0017375502544112464,81176.870185006,81086.33602282396,80820.98854878868,-0.0006880873814587574,0.0004298396698434459,0.003713892414964448,-7.243025067964028e-05,1.754447632050837e-05,3.737798538287124e-05,46.52269399707189,22.42937726213131,39.562182485120246,-17.132805222988935,-0.00010205330578628812,-5.2822016597825263e-05,-4.923128918846285e-05,0.0016476258626618033,66.17857142857143,0.0008158007350571545,71.5981,0.0,4,20,1,0.5,0.0,0.0,0.0,0.0,0.0,0.0,0.0,0.0,0.0,0.0,0,0,high
2026-05-12 04:15:00,80954.0,81130.0,80946.9,81117.6,168.746,13680844.1001,-4.191357667693296e-05,-0.0007591031118057145,-0.0010202196574855549,-0.0005102399347549635,0.002018861485501062,0.002259422260588982,0.7710193545352464,2.1595742434432172,0.7954792411534477,-0.0003987457223306734,81171.22540548161,81087.56206114459,80823.93990651218,-0.0006604770573623853,0.0003727133051985021,0.0036354417354171886,-6.952390077462053e-05,1.5212787967667533e-05,3.6589014616107015e-05,36.12791702679458,15.415505123703042,34.73284701283681,-19.317341889133765,-8.645541564433144e-05,-5.95486964071265e-05,-2.690671923720494e-05,0.0018607819553336739,72.46428571428571,0.0008933238374198164,78.13855,0.0,4,15,1,0.5,0.0,0.0,0.0,0.0,0.0,0.0,0.0,0.0,0.0,0.0,0,0,high
2026-05-12 04:10:00,81000.1,81001.7,80953.5,80954.0,115.713,9370280.7523,-0.0020188614855012332,-0.0026141161038228944,-0.003500794921894368,-0.0036004971078558157,-0.0005692971186908446,0.0005952263517698569,-0.3772816383296673,1.4272630895355873,0.7935620056220749,-0.002951414173908873,81150.53727162622,81082.32433325658,80825.23403679565,-0.0024241634435426818,-0.0015815933497034251,0.001600494874294256,-0.0002551750993200122,-6.455483059974033e-05,1.6136770833844924e-05,28.26233941852702,-3.306081367933075,27.125061336682833,-30.431142704615908,-0.00023095484583084141,-9.382992629186949e-05,-0.00013712491953897193,0.003236628705907575,79.83571428571511,0.0009861861586297788,81.07334999999999,0.0,4,10,1,0.5,0.0,0.0,0.0,0.0,0.0,0.0,0.0,0.0,0.0,0.0,0,1,high
2026-05-12 04:05:00,80989.1,81040.6,80980.0,81000.1,60.36,4889230.963,0.0005692971186910256,-0.0014914779434871406,-0.002208667478615922,-0.0026027794509264623,0.00013581152344604956,0.0007480530602392014,-0.6507863535386829,0.7347087821800256,0.7949885753837211,-0.0006379003761090019,81136.20991242371,81079.09984959946,80826.97399662853,-0.0016782123891516676,-0.0009725983396009497,0.00214820202290511,-0.00017665393569991336,-3.9697891411867155e-05,2.1640853897100454e-05,34.870034330555555,-14.25882199392072,18.848284670562123,-33.10710666448284,-0.0001350718914165497,-0.00010207831931680552,-3.2993572099744166e-05,0.003764289402915579,82.47857142857227,0.001018252711151866,82.155,0.0,4,5,1,0.5,0.0,0.0,0.0,0.0,0.0,0.0,0.0,0.0,0.0,0.0,0,1,high
2026-05-12 04:00:00,81015.5,81040.6,80960.1,80989.1,139.934,11334361.9855,-0.00013581152344599445,-0.001585375890256202,-0.0021806305085778632,-0.0024183868291807187,-0.0003259166743868533,0.000993822947996108,0.8408442489808419,1.6308041034067833,0.7948973975802147,-0.0007991777422304835,81122.19944457384,81075.57044373282,80828.58719069193,-0.001641259730446265,-0.001064942809593461,0.0019923667133951994,-0.0001727641821519211,-4.346705345242117e-05,2.0074163575278615e-05,33.92511297611438,-23.555028216651408,10.367622093119417,-33.92265030977082,-0.00011465862061951307,-0.00010459437957734705,-1.0064241042166022e-05,0.0042207961471508425,85.58571428571511,0.0010567559620456963,85.80675,0.0,4,0,1,0.5,0.0,0.0,0.0,0.0,0.0,0.0,0.0,0.0,0.0,0.0,0,1,high
2026-05-12 03:55:00,81033.0,81033.1,80980.0,81015.5,101.824,8247663.9402,0.0003259166743863062,0.0007594022696313374,-0.0013013727925468288,-0.002130653725393117,-0.00021598472146338286,0.0006555025723395048,-0.3179250501651687,1.1855715716181916,0.7953583674760409,9.783978488187017e-05,81112.03759270966,81073.21474005702,80830.44701964028,-0.001190072288817845,-0.0007100447181400682,0.0022952158913849274,-0.0001252707672435185,-2.8981417066588723e-05,2.3117372638074913e-05,37.675159235668836,-28.463964394381037,2.601304795619326,-31.065269190000365,-6.0525647710773654e-05,-9.578063320403237e-05,3.525498549325872e-05,0.004421280480546686,84.27142857142982,0.0010401889585502752,85.886,0.0,3,55,1,0.5,0.0,0.0,0.0,0.0,0.0,0.0,0.0,0.0,0.0,0.0,0,1,high
2026-05-12 03:50:00,81068.8,81068.8,80983.4,81033.0,141.955,11500327.5647,0.0002159847214642241,0.00040608987240453587,-0.0010434744944056717,-0.0016929376010494934,-0.000441697755139612,0.0010539814690050146,0.3322642732536263,1.6681502633751386,0.795521419493685,4.217834023734213e-05,81104.51020292778,81071.63769142734,80832.46247218119,-0.0008813173228432447,-0.00047468509484716037,0.0024862135420740117,-9.277024450944779e-05,-1.937490183008626e-05,2.5036450735847543e-05,34.57037780006668,-30.589609953618492,-4.036878154228238,-26.552731799390255,-2.619352389616359e-05,-8.186321134245861e-05,5.5669687446295024e-05,0.004599775374207627,86.99285714285881,0.0010735485190337124,85.09725,0.0,3,50,1,0.5,0.0,0.0,0.0,0.0,0.0,0.0,0.0,0.0,0.0,0.0,0,1,high
2026-05-12 03:45:00,81157.6,81157.6,81015.3,81068.8,109.297,8860452.1397,0.0004416977551393586,0.000983599150989889,0.00141708474623492,-0.0018337955823621854,-0.00109476643590684,0.0017549175789607861,-0.2614411585556393,1.240312980520991,0.7958925955392893,0.002330589917214354,81101.10923122037,81071.5264094106,80834.81408937341,-0.0003977510374468807,-3.169371854383485e-05,0.002898777851468637,-4.186853025718052e-05,-1.2936211646178359e-06,2.9182334361753128e-05,40.62971026628763,-29.050561774070957,-9.039614878196783,-20.010946895874174,1.900896353262898e-05,-6.168877636744109e-05,8.069773990007008e-05,0.004505100643390578,93.30000000000187,0.001150874319096889,88.1205,0.0,3,45,1,0.5,0.0,0.0,0.0,0.0,0.0,0.0,0.0,0.0,0.0,0.0,0,1,high
2026-05-12 03:40:00,81145.3,81164.4,81124.3,81157.6,71.931,5836962.0425,0.001094766435906891,0.0017524489125104736,0.0019425540634507854,-0.00028459088404808597,0.00015156845655315543,0.0004941810590149549,-0.4183616212255652,0.8017012369744865,0.7968055938565808,0.001817018472859644,81106.48930443748,81074.90184433566,80838.02588947915,0.0006306329795577881,0.0010213835911905278,0.003953807528295883,6.638241890130248e-05,4.168912617151976e-05,3.978516124279928e-05,48.270830293302424,-20.429933579012868,-11.31767861836,-9.112254960652868,0.00010630403831974678,-2.8090213430003516e-05,0.0001343942517497503,0.004425571894840425,93.51428571428654,0.001152255435280079,89.72295,0.0,3,40,1,0.5,0.0,0.0,0.0,0.0,0.0,0.0,0.0,0.0,0.0,0.0,0,0,high
2026-05-12 03:35:00,81142.6,81185.0,81109.9,81145.3,51.317,4164360.7449,-0.00015156845655361906,0.0013848957344926305,0.0019267971303431608,-0.0004435502325588203,3.327419974304175e-05,0.0009254758511858318,-0.3376852448909804,0.5801900764964059,0.7961685772102562,0.0012711796300415301,81110.18556115772,81077.66255632251,80841.08334331519,0.00043343933033668236,0.0008357047372005155,0.0037644058471464348,4.562519266750043e-05,3.411039743720059e-05,3.7881145145322484e-05,40.73355954112171,-14.424256975136814,-11.938994289715364,-2.48526268542145,7.406344693594086e-05,-7.65948135681464e-06,8.17229282927555e-05,0.0043850391558087455,93.25714285714432,0.0011492611754118146,88.4486,0.0,3,35,1,0.5,0.0,0.0,0.0,0.0,0.0,0.0,0.0,0.0,0.0,0.0,0,1,high
2026-05-12 03:30:00,81126.6,81154.2,81117.1,81142.6,42.108,3416500.4397,-3.327419974219481e-05,0.0009099237796110771,0.0015676062562146598,-0.001445789912848383,0.00019720316673588824,0.00045725893175714935,-0.19778433490768466,0.47778928843345514,0.7960440993330433,0.0006857318570023807,81113.27265057128,81080.20912274123,80844.08350905335,0.00036205416577494987,0.0007709626732435026,0.0036940059593693064,3.811096481895802e-05,3.1467864214479204e-05,3.717313176335714e-05,44.85765124555264,-9.769960411125794,-11.50518751399745,1.7352271028716562,5.739627534742089e-05,5.351669984032468e-06,5.2044605363388424e-05,0.004334989029595411,91.55000000000084,0.0011282606177273199,88.13090000000001,0.0,3,30,1,0.5,0.0,0.0,0.0,0.0,0.0,0.0,0.0,0.0,0.0,0.0,0,1,high
2026-05-12 03:25:00,81155.2,81156.9,81097.0,81126.6,33.313,2702676.646,-0.00019720316673677019,-0.00038204582303258405,0.0011544183680136655,-0.0009092757838775611,-0.0003524732939379876,0.0007383490038913212,-0.2342900351947912,0.37864394931788287,0.7957978699740451,0.0002764504803600687,81114.54192194543,81082.02837282981,80846.894618416,0.00014915090389244767,0.0005512591337026862,0.0034620087349939155,1.5700095146983908e-05,2.250037280462629e-05,3.484102929071906e-05,39.70397779833595,-7.288446460283012,-10.661839303254563,3.373392842971551,3.060690678878619e-05,1.0402717344983212e-05,2.0204189443802976e-05,0.00430579464362365,90.57857142857185,0.0011165089061857868,87.97975,0.0,3,25,1,0.5,0.0,0.0,0.0,0.0,0.0,0.0,0.0,0.0,0.0,0.0,0,1,high
2026-05-12 03:20:00,81174.3,81181.4,81118.8,81155.2,59.593,4836306.651,0.0003524732939386155,0.00012199592745965049,0.0010651939068129224,-0.0010185162688465255,-0.0002353238331683593,0.0007714100550003357,0.5815904063148358,0.6846457059285105,0.7961914257715037,0.00029883023221444205,81118.4141198554,81084.89784840512,80849.96233365564,0.00045385046470336476,0.000868291940282262,0.003776526983866546,4.7773733127139296e-05,3.5440487358900374e-05,3.800154933696679e-05,47.64890282131658,-2.979699673043797,-9.12541137721241,6.145711704168614,5.3118123079758e-05,1.8945798491938174e-05,3.417232458781983e-05,0.004187025656452892,88.91428571428592,0.001095607992023751,87.0421,0.0,3,20,1,0.5,0.0,0.0,0.0,0.0,0.0,0.0,0.0,0.0,0.0,0.0,0,1,high
2026-05-12 03:15:00,81178.2,81200.0,81160.4,81174.3,36.494,2962674.2996,0.0002353238331682661,0.0003905939603701114,0.00020575130407429754,-6.036211109083922e-05,-4.8043608823346664e-05,0.0004878036859388356,-0.4903902539947791,0.42311663301466834,0.7962814751450082,-0.000524118711572541,81123.73658463107,81088.40381513433,80853.18957411678,0.0006235386504549467,0.0010603367235102468,0.003971931903432591,6.563564741677043e-05,4.327904993965981e-05,3.9964955146233446e-05,50.81363812475869,1.953702506973059,-6.909588600375317,8.863291107348376,6.080452503453987e-05,2.7317543800458517e-05,3.348698123408135e-05,0.004176060462363506,87.47142857142899,0.001077575397280038,86.25045,0.0,3,15,1,0.5,0.0,0.0,0.0,0.0,0.0,0.0,0.0,0.0,0.0,0.0,0,1,high
2026-05-12 03:10:00,81206.6,81218.0,81139.1,81178.2,48.888,3968622.1898,4.80436088228231e-05,0.0006358407359297047,0.0004053633694507397,0.00015152999121603727,-0.00034978643677939926,0.000971931701306185,0.29238410407827065,0.5758768522548638,0.7961841630679931,1.558585773686616e-05,81128.92357657096,81091.92523414866,80856.42350870269,0.0006076220441073588,0.0010649144369470065,0.003979975755914467,6.396021516972782e-05,4.346589538605838e-05,4.0045339759930856e-05,56.01851851851824,6.107750340233906,-4.306120812253472,10.413871152487378,5.1193972771732025e-05,3.209282959471322e-05,1.9101143177018803e-05,0.004170502166079856,89.22142857142899,0.0010990811396585413,84.89315,0.0,3,10,1,0.5,0.0,0.0,0.0,0.0,0.0,0.0,0.0,0.0,0.0,0.0,0,1,high
2026-05-12 03:05:00,81186.9,81244.2,81155.6,81206.6,41.762,3391179.2466,0.0003497864367787429,0.0006331538787698321,0.0007884240059716774,0.0010546574696395083,0.00024262054942661513,0.0010911344569439485,-0.15754513244474433,0.5080331324898149,0.7964548235191131,0.00041072418606979966,81136.32133118325,81096.42228378989,80859.90785189968,0.0008662267208023877,0.0013592224080891668,0.00428667998182064,9.118176008487211e-05,5.547846563675189e-05,4.3127340725292174e-05,58.896441423430424,11.558269294037018,-1.1332427909953746,12.691512085032393,6.715158365323251e-05,3.9104580406417084e-05,2.8047003246815425e-05,0.00398028459128372,82.47142857142795,0.0010155754405605942,82.2033,0.0,3,5,1,0.5,0.0,0.0,0.0,0.0,0.0,0.0,0.0,0.0,0.0,0.0,0,0,high
2026-05-12 03:00:00,81220.3,81256.8,81180.6,81186.9,60.25,4893614.0167,-0.00024262054942525424,0.00015520949617631175,0.0007430066232831933,0.0008539504968911871,-0.0004113118195607763,0.0009382076490941137,0.366515737222894,0.729680811574615,0.7960283791770895,0.00023050920304434896,81141.13834726103,81099.97042952362,80863.16150511462,0.0005642151074365387,0.0010728135504809444,0.004003820035057615,5.939106394105056e-05,4.3788308183339886e-05,4.0284078136729525e-05,82.68313219197064,14.125390761604649,1.9184839195246304,12.206906842080018,3.163118776744273e-05,3.760990187862221e-05,-5.9787141111794804e-06,0.003947391499322543,76.1928571428559,0.0009384870852669077,82.57034999999999,0.0,3,0,1,0.5,0.0,0.0,0.0,0.0,0.0,0.0,0.0,0.0,0.0,0.0,0,0,high
2026-05-12 02:55:00,81227.5,81227.6,81180.7,81220.3,50.162,4073292.8804,0.00041131181956011176,0.0005184777069136004,0.0008018451489046896,0.003284123801952532,-8.864385980864137e-05,0.000577556704967801,-0.18324480443268865,0.632837613479812,0.7964637636364884,0.00027233786498470636,81148.67755228379,81104.68923620897,80866.71512197916,0.0008826196006150866,0.001425924375137555,0.0043712001943720935,9.290732638096115e-05,5.8200994903997605e-05,4.3975896459350246e-05,82.04307334109197,18.640082615005667,5.262803658620838,13.37727895638483,5.560689349943215e-05,4.12093002027842e-05,1.4397593296647953e-05,0.003883133212254866,73.35714285714182,0.0009031872925505301,79.26520000000001,0.0,2,55,1,0.5,0.0,0.0,0.0,0.0,0.0,0.0,0.0,0.0,0.0,0.0,0,0,high
2026-05-12 02:50:00,81137.6,81245.8,81136.4,81227.5,99.69,8095626.1012,8.864385980800193e-05,0.00025733512994285945,0.0006551651755444254,0.0028034705430695084,0.0011073809480852093,0.001347438531466473,0.6868076030965371,1.247006477703927,0.7963706902188026,8.921507379433535e-05,81156.18445206629,81109.50534459294,80870.30502126295,0.0008787621784787092,0.0014551734022028029,0.004415467496425407,9.250128194544124e-05,5.939483274337033e-05,4.4420353806103e-05,85.07945850500029,22.5391707324452,8.718077073385711,13.821093659059489,4.801768731493154e-05,4.257097762521367e-05,5.4467096897178695e-06,0.004016432807713586,75.42142857142815,0.000928520865118687,79.94345,0.0,2,50,1,0.5,0.0,0.0,0.0,0.0,0.0,0.0,0.0,0.0,0.0,0.0,0,0,high
2026-05-12 02:45:00,81090.8,81160.0,81090.7,81137.6,47.343,3841159.2253,-0.001107380948084824,-0.0006074252687167103,-0.0005002593813632217,0.0018319011184306788,0.0005769643453090911,0.000854233654635723,-0.7446463976005071,0.6074552905823452,0.7951597416994538,-0.0010244213685393078,81154.41450425044,81110.60709578538,80872.96467279267,-0.00020684555345340527,0.00033415353434840256,0.0032751702642777047,-2.177321615267926e-05,1.3638919769715652e-05,3.295964433455149e-05,65.13761467889915,18.165645232074894,10.607590705123549,7.558054526951345,-5.388486844289331e-05,2.3279808411592278e-05,-7.716467685448558e-05,0.003986496529667439,81.39999999999938,0.001003234012344454,77.9366,0.0,2,45,1,0.5,0.0,0.0,0.0,0.0,0.0,0.0,0.0,0.0,0.0,0.0,0,0,high
2026-05-12 02:40:00,81088.1,81131.5,81084.4,81090.8,32.957,2672977.0627,-0.0005769643453081841,-0.0015957014335850062,-0.0014270101634501486,0.0009290200987361885,3.3296563242664e-05,0.0005807075795111032,-0.36221529195282853,0.4354676847883608,0.7949717059486421,-0.0014831175704710375,81148.35598003611,81109.83034693106,80875.13218848627,-0.0007091613369745176,-0.00023328881837336723,0.0026713580988797503,-7.464856178653685e-05,-9.521992586280415e-06,2.6890748915220785e-05,56.6805362921868,10.798744680694654,10.64582150023777,0.15292318045688447,-9.079654502945839e-05,4.645377233821458e-07,-9.126108275284053e-05,0.00399744845488182,79.09999999999958,0.0009754497427574963,75.68185,0.0,2,40,1,0.5,0.0,0.0,0.0,0.0,0.0,0.0,0.0,0.0,0.0,0.0,0,1,high
2026-05-12 02:35:00,81145.1,81161.9,81053.0,81088.1,114.643,9298438.617,-3.329656324346786e-05,-0.001717641856636476,-0.0012176861772683623,0.0006797388140284966,-0.0007026922028960767,0.0013426635452094995,1.2466192705727233,1.5709534687098756,0.7952640737580285,-0.0007643054190609178,81142.61731527078,81108.97817646318,80877.2512711879,-0.0006717476240076792,-0.0002561310529269889,0.0026118121671228067,-7.071027621100648e-05,-1.0454328690483844e-05,2.6291870187273634e-05,52.41551939924934,4.688509266576148,9.454359053505444,-4.765849786929296,-7.531172162027181e-05,-1.4690714145348644e-05,-6.062100747492316e-05,0.004009585299278779,76.71428571428467,0.0009460609597990909,72.97670000000001,0.0,2,35,1,0.5,0.0,0.0,0.0,0.0,0.0,0.0,0.0,0.0,0.0,0.0,0,1,high
2026-05-12 02:30:00,81221.1,81234.6,81145.1,81145.1,77.847,6320343.7525,0.0007026922028963156,9.243129434466368e-05,-0.0009263057939321584,0.0009407332617854536,-0.000936155499733968,0.001102354654716898,-0.38707759016198207,1.0951502038450607,0.7960904563306634,-0.00037330730582496585,81142.85376143547,81110.39471856267,80879.91643266862,2.7997476136576438e-05,0.00042904894800877,0.0032815242270327616,2.9471027515956273e-06,1.751220195997888e-05,3.3022221756517835e-05,48.30024476475393,4.39486603027035,8.442460448858427,-4.047594418588076,-3.6101296660799644e-06,-1.2474597249494909e-05,8.864467583414945e-06,0.0035557216123607936,80.34999999999958,0.000990201503233092,71.08340000000001,0.0,2,30,1,0.5,0.0,0.0,0.0,0.0,0.0,0.0,0.0,0.0,0.0,0.0,0,1,high
2026-05-12 02:25:00,81164.3,81235.8,81158.7,81221.1,56.829,4614453.4028,0.0009361554997333599,0.0016055511393862076,-7.879415400680045e-05,0.0007821223256119225,0.0006995703100954951,0.0009495396185578918,-0.3146986030777663,0.801459943573858,0.7968080433504827,0.00043735313168014045,81150.3057841559,81114.73610214845,80883.3112940351,0.0008723288829290965,0.0013116670184185608,0.004175712764309836,9.182409294033507e-05,5.3537429323640873e-05,4.200862253240682e-05,58.785350023180506,10.17739778496616,8.789447916079974,1.3879498688861869,7.12313250846446e-05,4.266587217332991e-06,6.696473786731161e-05,0.0033975957975939442,81.46428571428467,0.0010029941199304695,70.90684999999999,0.0,2,25,1,0.5,0.0,0.0,0.0,0.0,0.0,0.0,0.0,0.0,0.0,0.0,0,0,high
2026-05-12 02:20:00,81079.7,81195.1,81035.8,81164.3,116.721,9468283.3642,-0.0006995703100951545,0.000939277392534521,0.0003290164839828691,0.0002341204720703871,0.0010428737909258864,0.001963868180460421,0.7197397128755725,1.673510528172144,0.7956882060504764,0.0005284643510226061,81151.63856661724,81116.67978441715,80886.10720155714,0.00015630537541966305,0.0005880929158408321,0.003441553972081124,1.6453197413145604e-05,2.400379248368812e-05,3.462972768039128e-05,52.23480947476791,10.060835509750177,9.043725434814014,1.0171100749361628,-1.429210297371757e-06,3.127427714392042e-06,-4.556638011763799e-06,0.0029511627188264487,92.0499999999998,0.001134119311076419,69.7462,0.0,2,20,1,0.5,0.0,0.0,0.0,0.0,0.0,0.0,0.0,0.0,0.0,0.0,0,0,high
2026-05-12 02:15:00,81272.4,81274.2,81061.6,81079.7,146.68,11902987.6266,-0.0010428737909258246,-0.0008062886012876191,-0.00013689296163477138,-0.0007754791191132426,-0.0023738539937780616,0.0026192635456370153,0.22846687151330158,2.037533512064343,0.7947938919123239,-0.00017781403631822457,81144.78727455846,81115.22959679295,80888.03349805906,-0.0008021333283139143,-0.00043694633096436064,0.0023748127166651756,-8.443508719056583e-05,-1.7834544120606498e-05,2.3908299634558293e-05,45.76791192925401,3.106140445001074,7.856208436851427,-4.7500679918503526,-8.572672554558764e-05,-1.4643402937603895e-05,-7.108332260798374e-05,0.0026636378279703684,102.95714285714244,0.001269826391280955,71.989,0.0,2,15,1,0.5,0.0,0.0,0.0,0.0,0.0,0.0,0.0,0.0,0.0,0.0,0,1,high
2026-05-12 02:10:00,81230.0,81295.2,81230.0,81272.4,61.897,5030850.6494,0.002373853993779207,0.0006314098927582279,0.0022702575953879034,0.0017955780414027345,0.0005218384585356161,0.0008023371575322618,-0.8627816299536137,0.9104361038506401,0.7975982531583199,0.0023341794002913474,81156.94086745766,81121.39314201675,80891.85804036693,0.0014220329830401113,0.0018609504995676929,0.004701416295414873,0.00014968768242560297,7.595716324801364e-05,4.729084385490306e-05,58.15928710665503,12.99398744048085,8.883764237577312,4.110223202903539,0.0001217646367924861,1.2638205008414104e-05,0.000109126431784072,0.002654438922729303,113.87857142857163,0.0014011961185909565,67.9861,0.0,2,10,1,0.5,0.0,0.0,0.0,0.0,0.0,0.0,0.0,0.0,0.0,0.0,0,0,high
2026-05-12 02:05:00,81242.1,81274.3,81211.0,81230.0,111.521,9060892.1448,-0.0005218384585372604,0.000809141744316122,0.0010457269339543274,0.0009212662889268586,-0.00014894865053604196,0.0007791474453664404,0.5887412007239332,1.637671390789356,0.7962504599311107,0.00016000360044721162,81163.89888008073,81125.65223448668,80895.22263698021,0.0008144617126450981,0.0012865978433413972,0.0041379899977034285,8.573281185771122e-05,5.251419768780682e-05,4.16278657216477e-05,53.75590020229238,17.210460300877457,10.549103450237341,6.661356850640116,5.194605397464918e-05,2.0499774801661118e-05,3.144627917298806e-05,0.0025425218683567006,115.2000000000002,0.0014181952480610636,68.09729999999999,0.0,2,5,1,0.5,0.0,0.0,0.0,0.0,0.0,0.0,0.0,0.0,0.0,0.0,0,0,high
2026-05-12 02:00:00,81145.6,81245.3,81108.6,81242.1,128.735,10452421.9564,0.00014894865053705075,0.0020009641857789973,0.00025852008475801824,0.0008348911062956432,0.0011885138019612303,0.0016839759599762913,0.14354311392881414,1.8147665198237888,0.7963853695336507,-0.000422673816832031,81171.34660578732,81130.21881352642,80898.67415303017,0.0008716569952600395,0.0013792505529419685,0.004244282542288147,9.175336792241023e-05,5.6295940936796776e-05,4.269573422727361e-05,54.261704681873184,21.28307624219451,12.695898008628777,8.587178233565734,5.0162990052361313e-05,2.643241785180116e-05,2.3730572200560152e-05,0.0026677036946182765,119.32857142857185,0.0014688021534225708,70.9375,0.0,2,0,1,0.5,0.0,0.0,0.0,0.0,0.0,0.0,0.0,0.0,0.0,0.0,0,0,high
2026-05-12 01:55:00,81145.5,81198.8,81123.7,81145.6,132.051,10717041.0627,-0.0011885138019618324,-0.001561403609962042,-0.00023042340710865972,-0.0004016663044890123,1.2323534686500972e-06,0.0009253184907635222,0.02543218370126521,1.7612858823435258,0.7950858758561523,-0.0006023301943240966,81168.89454809329,81130.8219973097,80901.13112663185,-0.00028667996796905015,0.00018325687839393368,0.0030253630812175913,-3.017683873323192e-05,7.479872587830924e-06,3.04448930711631e-05,46.27048178038648,16.53332433020114,13.46338327294325,3.069941057257889,-5.849781681033766e-05,9.446370919373397e-06,-6.794418772971106e-05,0.0026673252789656257,121.45714285714452,0.0014967803905220308,74.97420000000001,0.0,1,55,1,0.5,0.0,0.0,0.0,0.0,0.0,0.0,0.0,0.0,0.0,0.0,0,1,high
2026-05-12 01:50:00,81113.0,81272.7,81112.9,81145.5,480.727,39028250.5493,-1.2323534690494853e-06,-0.0010407975048938312,0.0008112180303481153,-0.0007526850947368047,0.0004005953516717844,0.001968155447082864,1.292111329807227,4.960799297044584,0.7955024600802378,0.000708568167913981,81166.66649589392,81131.39760525835,80903.56265771015,-0.0002604921003488414,0.00017488630826001383,0.0029940398747356767,-2.7420221089024067e-05,7.138216664031692e-06,3.012969658817591e-05,47.40666499624194,12.615617569186725,13.293830132191946,-0.6782125630052214,-4.825237539211242e-05,-2.0933783429237662e-06,-4.6158997049188655e-05,0.0026634585584553163,127.4285714285735,0.0015703713875516634,96.90514999999999,0.0,1,50,1,0.5,0.0,0.0,0.0,0.0,0.0,0.0,0.0,0.0,0.0,0.0,0,0,high
2026-05-12 01:45:00,81026.9,81118.0,80964.4,81113.0,523.016,42382371.2484,-0.0004005953516710292,-0.0015903415071019111,-0.001963231315102121,-0.0009106598969825797,0.0010620459010149002,0.0018953328181378465,0.08431251492044822,4.308548541357918,0.7952043892846881,-0.0023938638736318296,81161.55540104688,81130.67613054233,80905.64661136478,-0.0005981267423038616,-0.00021685770837542861,0.0025676391049227476,-6.296070971588169e-05,-8.851335035382462e-06,2.584387521246243e-05,43.271039759187104,6.809828880999703,11.997029881953498,-5.187201000953795,-7.15334524806453e-05,-1.5981393170468074e-05,-5.5552059310177225e-05,0.0026970450560504927,137.01428571428758,0.0016891778841158333,121.3903,0.0,1,45,1,0.5,0.0,0.0,0.0,0.0,0.0,0.0,0.0,0.0,0.0,0.0,0,0,high
2026-05-12 01:40:00,80816.9,81040.5,80660.1,81026.9,1566.02,126505419.3082,-0.0010620459010155514,-0.0014638736061556301,-0.002503438757580412,-0.002384017617558243,0.002595096232962424,0.004705000497754258,1.0966805915300766,7.960992650918234,0.7943474946154225,-0.001902965315688121,81148.73107713765,81126.60647836419,80906.85311274423,-0.0015020609630038706,-0.0012287505266694865,0.001490612177002859,-0.00015811168031585024,-5.0153082720879286e-05,1.5019101319646373e-05,38.552841816936585,-4.684846916090464,8.660654522344705,-13.34550143843517,-0.0001417237025406755,-4.112985504450956e-05,-0.00010059384749616594,0.0031304133593745257,161.55000000000084,0.001993782311800166,196.71165000000002,0.0,1,40,1,0.5,0.0,0.0,0.0,0.0,0.0,0.0,0.0,0.0,0.0,0.0,0,0,high
2026-05-12 01:35:00,81110.5,81143.8,80761.3,80816.9,1272.418,102958584.8191,-0.0025950962329623906,-0.004057737485648971,-0.005247483641079853,-0.005067757710328635,-0.003626320458940225,0.004724998923798104,-0.20761834159153558,4.9221638723930425,0.7922492085081707,-0.0041361610254799785,81117.12811741026,81114.46112627149,80905.95805689602,-0.003706951748732479,-0.0036738919847447704,-0.0010934941648557128,-0.0003902054472345684,-0.00014995477488721306,-1.0952195538881358e-05,33.905450165612464,-30.38939522531291,0.8506445728131826,-31.24003979812609,-0.00031739559214425696,-9.638300246445905e-05,-0.00022101258967979792,0.004945105404745861,179.10000000000062,0.0022161206381338637,258.50785,0.0,1,35,1,0.5,0.0,0.0,0.0,0.0,0.0,0.0,0.0,0.0,0.0,0.0,0,1,high
2026-05-12 01:30:00,81335.6,81335.6,81077.5,81110.5,528.948,42945621.3599,0.003626320458939958,-3.0821675037984164e-05,-0.00043264938017806287,-0.0003340563033038535,-0.0027713825579624577,0.0031783177252423674,-0.8777841779198221,1.8723103909106498,0.7970805806046943,0.00199470474854202,81116.4968681331,81114.30578798633,80907.99330011099,-7.295211933566748e-05,-4.570597577391311e-05,0.0025076240424013463,-7.67917045604215e-06,-1.8655500312456032e-06,2.5239572167375748e-05,50.792373903949674,-26.760885835363297,-4.671661508822114,-22.089224326541185,4.488212894080833e-05,-6.812997618340558e-05,0.00011301210512421391,0.004946865347103289,212.35000000000062,0.0026180334235395,282.51085,0.0,1,30,1,0.5,0.0,0.0,0.0,0.0,0.0,0.0,0.0,0.0,0.0,0.0,0,1,high
2026-05-12 01:25:00,81368.5,81433.0,81301.9,81335.6,242.231,19705900.5734,0.0027713825579631646,0.003802606783940732,0.002339965531254151,0.003014290599967495,-0.0004044151370297289,0.001611209744944434,-0.780998312027493,0.8280430705048946,0.7988059682753335,0.003303508195095617,81137.3638330728,81122.98399237903,80912.2480931447,0.002441437063520624,0.0026187873044545285,0.00522647917150465,0.00025699337510769177,0.00010688927773324107,5.2564377996189566e-05,58.444216990787965,-5.656374081590911,-4.868604023375873,-0.7877700582150382,0.0002600062986139693,-2.502721223930605e-06,0.0002625090198378999,0.0053450431630209265,227.60714285714388,0.0027983704903774467,292.53430000000003,0.0,1,25,1,0.5,0.0,0.0,0.0,0.0,0.0,0.0,0.0,0.0,0.0,0.0,0,1,high
2026-05-12 01:20:00,81338.3,81376.8,81215.0,81368.5,168.421,13687173.9313,0.0004044151370301563,0.006802118153933279,0.0031449760199553367,0.0034520023002411193,0.00037121989181530433,0.001990260928403006,-0.36342501920109704,0.5652795494169435,0.7978941010298666,0.0026897117451785135,81159.37680135158,81132.61207110927,80916.78791311343,0.002574818657642197,0.0029046454829941837,0.005574865509444749,0.00027103354290983125,0.00011855695848998285,5.6065380573641976e-05,57.74941029554567,13.567461327562341,-1.18139095318823,14.748852280750572,0.00023676992733060508,4.535180848697653e-05,0.00019141811884362854,0.005855097212883349,228.70000000000124,0.0028106699767109044,297.94285,0.0,1,20,1,0.5,0.0,0.0,0.0,0.0,0.0,0.0,0.0,0.0,0.0,0.0,0,0,high
2026-05-12 01:15:00,81360.0,81361.0,81227.4,81338.3,152.951,12435436.2454,-0.0003712198918162102,0.0028045778031771107,0.003835802029154678,0.0023780902055285935,-0.00026675140586808894,0.001643414045147475,-0.09634918846144824,0.5046517068136279,0.7969485276528339,0.0026010330374113266,81176.41710598476,81140.6782643991,80920.98206323171,0.0019937322167002947,0.0024340755679936876,0.00515186804929435,0.00020986654912639877,9.935002318385764e-05,5.18137858234942e-05,54.19891086271121,26.065139083133545,4.267915054076125,21.797224029057418,0.00015399254094899294,6.707995497937981e-05,8.691258596961313e-05,0.006149397311064141,232.30000000000186,0.002855973139345202,303.0823,0.0,1,15,1,0.5,0.0,0.0,0.0,0.0,0.0,0.0,0.0,0.0,0.0,0.0,0,1,high
2026-05-12 01:10:00,81401.2,81405.7,81340.2,81360.0,73.96,6018067.7804,0.00026675140586895907,0.0002999466510829052,0.0066976496679860276,0.0017086861116641927,-0.0005062631742696828,0.0008049358360065454,-0.7265932021409567,0.24506636606606189,0.7970982452653725,0.00484903675720183,81193.90119112907,81149.27911677561,80925.350400911,0.0020451994680392716,0.0025949121905739503,0.005364702843667857,0.00021528415453045215,0.00010591478328915573,5.395246861001624e-05,57.19220874678408,37.29078246332938,10.872488535926777,26.4182939274026,0.0001382758597992648,8.131913594335682e-05,5.6956723855907995e-05,0.006485230956103139,223.87857142857268,0.0027517031886501067,301.7958,0.0,1,10,1,0.5,0.0,0.0,0.0,0.0,0.0,0.0,0.0,0.0,0.0,0.0,0,1,high
2026-05-12 01:05:00,81433.0,81492.0,81356.4,81401.2,156.546,12743783.4981,0.0005062631742696055,0.00040179468832235443,0.0035775923833156753,0.0029145195960289527,-0.0003905813447576632,0.0016653529459230991,0.7498254899848691,0.509497049609617,0.7973784907980903,0.00029791019339597824,81213.64393483105,81159.15836709813,80930.08522279249,0.0023084662001835454,0.0029795606446541,0.005812548445618404,0.00024299644212465724,0.00012161472019034985,5.845307264643006e-05,62.20484397540045,48.94744571033516,18.487479970808458,30.4599657395267,0.00014349277934298509,9.375386462328247e-05,4.9738914719702615e-05,0.006941781938437542,218.3785714285737,0.0026827438837335777,307.25595,0.0,1,5,1,0.5,0.0,0.0,0.0,0.0,0.0,0.0,0.0,0.0,0.0,0.0,0,1,high
2026-05-12 01:00:00,81508.3,81582.0,81401.1,81433.0,94.954,7738389.302,0.0003905813447566686,0.0011635959248952332,0.0011967911701091793,0.004347974731711446,-0.0009242592928919962,0.0022198629709023936,-0.499957332697341,0.3059520717834176,0.7974440240233758,-0.0013619442519576808,81234.53498865667,81169.89725466291,80935.0893499289,0.0024419953978025433,0.0032379795584525084,0.006141407105893393,0.0002570521471372297,0.00013216243095765648,6.17578315729001e-05,56.945165196332994,60.05910556814342,26.80180509027545,33.25730047786797,0.00013671668398910727,0.00010234642849644744,3.437025549265982e-05,0.007359420019627121,215.90714285714472,0.0026513470320035453,310.3558,0.0,1,0,1,0.5,0.0,0.0,0.0,0.0,0.0,0.0,0.0,0.0,0.0,0.0,0,1,high
2026-05-12 00:55:00,81521.9,81547.9,81495.7,81508.3,23.19,1890474.2816,0.0009242592928924154,0.0018211038119186895,0.0017166353259714384,0.0028983800308246543,-0.00016684025452384538,0.0006403195437728548,-1.4096714125390113,0.07583805713297151,0.7980640272737389,0.00016992624387235367,81260.60784687985,81183.16795055848,80940.79293848682,0.003045659005866952,0.003999013798351214,0.006995361260488053,0.0003205956848281998,0.0001632250529943137,7.03399356656316e-05,61.702127659574394,74.08722533629043,36.25888913947845,37.82833619681198,0.00017242235233534112,0.00011636161326422618,5.606073907111494e-05,0.007958499415366426,219.59285714285838,0.002694116515040289,305.78315000000003,0.0,0,55,1,0.5,0.0,0.0,0.0,0.0,0.0,0.0,0.0,0.0,0.0,0.0,0,1,high
2026-05-12 00:50:00,81530.5,81560.1,81515.9,81521.9,56.574,4613142.2244,0.00016684025452384788,0.0014816808921729319,0.0022546954723114965,0.0035870587438857626,-0.0001054875611518307,0.0005420785533414334,0.8918283644441543,0.1856592702468992,0.7977145753466548,0.0007660476938209371,81285.49281384368,81196.4515603405,80946.57509830287,0.0029065469498785745,0.0040024872272717005,0.0070909358282946755,0.00030595231051349964,0.00016336682560331504,7.13001378433253e-05,61.750377960691544,85.31851888301026,46.070815088184816,39.24770379482544,0.0001380110597756632,0.00012069150256651359,1.7319557209149618e-05,0.008546156281049204,213.5285714285731,0.0026192786408139788,304.7195,0.0,0,50,1,0.5,0.0,0.0,0.0,0.0,0.0,0.0,0.0,0.0,0.0,0.0,0,1,high
2026-05-12 00:45:00,81450.5,81530.5,81450.5,81530.5,59.595,4857382.1446,0.00010548756115191793,0.0011965871085681812,0.0020934316275944553,0.00354359765450063,0.0009817096032668374,0.0009817096032668374,0.05202216222307676,0.19548458330408472,0.7975418632788589,0.00044361801348635765,81308.82683157286,81209.55149915068,80952.38529632971,0.00272517408140871,0.003946877737895704,0.0071248171865665455,0.00028686042962192045,0.00016109705052678964,7.164031120957996e-05,67.45261630543168,93.83171446653432,55.62299496385472,38.2087195026796,0.00010458363781717857,0.0001174699296166466,-1.2886291799468023e-05,0.0091092635247099,210.78571428571533,0.00258536025518935,304.8578,0.0,0,45,1,0.5,0.0,0.0,0.0,0.0,0.0,0.0,0.0,0.0,0.0,0.0,0,1,high
2026-05-12 00:40:00,81515.9,81526.9,81428.3,81450.5,96.264,7843154.4212,-0.0009817096032662675,-0.0007093817875905017,0.0006054588500585822,0.0037504018531961947,-0.0008026194787499179,0.0012101487038519202,0.4795227392011894,0.3168299104497359,0.7963617592834442,-0.0010167315146460965,81322.31951428021,81219.0004599683,80957.34166154035,0.0015774202421301453,0.0028488870313108094,0.006081982134711339,0.00016604423601352162,0.00011628110331921879,6.115921753320337e-05,62.895315406730866,93.05052337708184,63.10850064650015,29.942022730581698,-9.525753047668115e-06,9.207079308378365e-05,-0.00010159654613145177,0.00927847250088912,206.6714285714292,0.002537386861608329,303.83495000000005,0.0,0,40,1,0.5,0.0,0.0,0.0,0.0,0.0,0.0,0.0,0.0,0.0,0.0,0,1,high
2026-05-12 00:35:00,81538.3,81554.3,81490.4,81515.9,76.557,6240615.2073,0.0008026194787493779,-7.360256336497173e-05,0.0010174969840512915,0.004554253685414622,-0.00027475526715563513,0.0007838341666017318,-0.22905885571189089,0.25491061796271286,0.7974329939900553,-1.103003332048047e-05,81340.75575101543,81230.64357918523,80962.89945595288,0.0021533692712711883,0.003508310176332685,0.006816098114818203,0.0002266704496074127,0.00014319633372824464,6.853693157515535e-05,66.57342657342633,96.59516826851177,69.80583417090247,26.7893340976093,4.3520500003032484e-05,8.236073446763343e-05,-3.884023446460095e-05,0.009367659393148531,201.1500000000004,0.002467616747162215,300.3288,0.0,0,35,1,0.5,0.0,0.0,0.0,0.0,0.0,0.0,0.0,0.0,0.0,0.0,0,1,high
2026-05-12 00:30:00,81525.1,81619.3,81514.8,81538.3,179.206,14615909.3142,0.000274755267156479,9.566514263958936e-05,0.00036799295831535517,0.00522960430424213,0.00016190021830572813,0.0012811547591028557,0.8505004206992028,0.5852689918246341,0.7974110158109635,-0.0006530114627754102,81359.56948901397,81242.70853686423,80968.62483450062,0.0021968745823865987,0.0036347099359002044,0.007020297626930017,0.00023124995604065712,0.0001483555075881754,7.058885531228295e-05,72.20003472825175,100.05840665046708,75.85634866681539,24.202057983651684,4.247616856237541e-05,7.438382128658183e-05,-3.190765272420642e-05,0.009739741781620858,176.26428571428656,0.0021617360886146335,306.19425,0.0,0,30,1,0.5,0.0,0.0,0.0,0.0,0.0,0.0,0.0,0.0,0.0,0.0,0,1,high
2026-05-12 00:25:00,81492.1,81626.2,81471.8,81525.1,651.847,53156788.0089,-0.00016190021830730927,0.0009154745275985476,3.925248548419802e-05,0.006129749986950372,0.0004048652590126923,0.0018933407659645284,1.2912738896892222,1.9562615889562922,0.7970304426812511,-0.0006841326654036806,81375.33429958406,81253.78271188916,80974.161900824,0.0018411672817855163,0.0033366211012157976,0.006790154648337321,0.00019380708229323177,0.00013618861637658777,6.827553119666512e-05,87.07853403141422,100.5785118596832,80.80078130538897,19.777730554294237,6.340985048368934e-06,6.077525403893925e-05,-5.443426899057032e-05,0.009980182469671535,159.971428571429,0.001962235294055806,333.21054999999996,0.0,0,25,1,0.5,0.0,0.0,0.0,0.0,0.0,0.0,0.0,0.0,0.0,0.0,0,1,high
2026-05-12 00:20:00,81564.6,81603.6,81447.3,81492.1,130.742,10656448.9524,-0.00040486525901251014,-0.0002920102101633404,-0.00047110033468023005,0.008319980960900253,-0.0008892612787780418,0.0019171933166278376,-1.6065839562077215,0.39225239858642486,0.796583814978927,-0.0009580482999318463,81386.45484248082,81263.1284878935,80979.31551375112,0.0012995113539364667,0.002816785024862156,0.0063217541715197,0.00013679066883554204,0.0001149708173417212,6.356766263736984e-05,77.47695852534628,97.20732919614238,84.08209088353965,13.125238312602733,-4.1424144713143556e-05,4.033537428852269e-05,-8.175951900166624e-05,0.010103745109994913,134.0857142857141,0.0016453829792791458,333.3109,0.0,0,20,1,0.5,0.0,0.0,0.0,0.0,0.0,0.0,0.0,0.0,0.0,0.0,0,1,high
2026-05-12 00:15:00,81565.3,81642.0,81540.0,81564.6,101.72,8299452.4857,0.0008892612787789744,0.000322495801459155,0.001399870547365012,0.0055829217807392695,-8.582117686564302e-06,0.001250138045668973,-0.2510019750507544,0.30657544349383886,0.7975787679817294,0.0012170086982852268,81403.42104795884,81274.95090013297,80985.13923998245,0.001980318096265421,0.0035607111544795345,0.0071392640527818685,0.0002084545364492023,0.00014533514916278997,7.178351951440074e-05,71.13325950535298,99.24178916975507,87.11403054078274,12.12775862897233,2.4860268257221723e-05,3.724035308226249e-05,-1.238008482504077e-05,0.01015769364823548,121.75714285714223,0.0014927694472496918,331.79435,0.0,0,15,1,0.5,0.0,0.0,0.0,0.0,0.0,0.0,0.0,0.0,0.0,0.0,0,1,high
2026-05-12 00:10:00,81650.1,81650.1,81565.3,81565.3,86.943,7094346.504,8.582117686728452e-06,0.0004929781374531927,0.0006058331863023625,0.0028201213404628334,-0.0010391177257825688,0.0010391177257825243,-0.15697120903236517,0.2785695782334896,0.7972303597024375,-0.00020263428761779778,81418.83809101037,81286.33713934344,80990.91198386323,0.0017994811459569604,0.003429320986983342,0.007076723323001133,0.00018941906799563334,0.0001399722851833366,7.115464984447366e-05,69.30926216640565,99.76061918704363,89.64334827003492,10.11727091700871,6.255584448784901e-06,3.1043399355566974e-05,-2.4787814906782074e-05,0.010102763488957615,116.30714285714203,0.0014259390066258817,312.10515,0.0,0,10,1,0.5,0.0,0.0,0.0,0.0,0.0,0.0,0.0,0.0,0.0,0.0,0,1,high
2026-05-12 00:05:00,81686.6,81691.1,81597.0,81650.1,63.573,5189493.6679,0.0010391177257815798,0.0019369611222472827,0.0013701956449274633,0.003454823929214257,-0.0004469295707279958,0.0011525642152355941,-0.31306387961501514,0.21987459058633918,0.7981414219499197,0.0007304061389561411,81440.86303472368,81300.60234956526,80997.4710686009,0.0025682561220481404,0.004293205822067492,0.008035086411480208,0.000270342749689533,0.0001752328906969932,8.078612323688268e-05,77.63204537398126,105.79490915288625,92.87366044660519,12.921248706281062,7.381594525089478e-05,3.959790853463254e-05,3.421803671626224e-05,0.010047272680844524,115.21428571428467,0.0014110734183336538,289.133,0.0,0,5,1,0.5,0.0,0.0,0.0,0.0,0.0,0.0,0.0,0.0,0.0,0.0,0,1,high
2026-05-12 00:00:00,81699.8,81768.1,81606.7,81686.6,111.463,9104287.3642,0.00044692957072811623,0.0014946294141964245,0.0019790254339628888,0.004272973391758583,-0.00016158015634983023,0.0019758255558051047,0.5615038453580121,0.5150663004092093,0.7980926368996588,0.0010621942184076971,81464.26655522619,81315.7395123274,81004.32807289343,0.0027280251506081044,0.004554247730332861,0.00839761781323034,0.0002871605421693981,0.0001858876624629196,8.442934161988002e-05,78.20379965457735,112.22867013291398,96.74466238386695,15.484007749047024,7.866656376394224e-05,4.741163958049448e-05,3.1254924183447757e-05,0.009508344663952254,121.92857142857143,0.0014926385897879387,216.40514999999996,0.0,0,0,1,0.5,0.0,0.0,0.0,0.0,0.0,0.0,0.0,0.0,0.0,0.0,0,1,high
2026-05-11 23:55:00,81716.9,81731.6,81696.7,81699.8,17.886,1461488.2237,0.0001615801563499275,0.0016476274528596235,0.0025454708493253264,0.004167802142239552,-0.0002092809371674028,0.0004270986179325798,-1.8296744133405616,0.11638579359318527,0.7978904407365448,0.001306625757617752,81486.69831187131,81330.80070792242,81011.24819157111,0.002614404801533965,0.004530893459753216,0.008474031820629335,0.0002752005054246866,0.00018493442692907677,8.519701141818896e-05,77.09618874773193,117.0433983066323,100.80440956842003,16.23898873821227,5.8807504599962205e-05,4.969081258438803e-05,9.116692015574176e-06,0.006756709394729454,115.45714285714244,0.0014131875825539651,153.67854999999997,0.0,23,55,1,0.5,0.0,0.0,0.0,0.0,0.0,0.0,0.0,0.0,0.0,0.0,0,0,high
2026-05-11 23:50:00,81715.2,81739.8,81690.9,81716.9,10.553,862287.376,0.00020928093716854335,0.0008177906642465871,0.0018654905077148953,0.0038708199051384895,2.0803746633063136e-05,0.0005984187971940245,-0.527608104235036,0.08260096369095515,0.7978655717613403,0.000286803779610878,81508.6222821693,81345.94185663134,81018.26960260025,0.0025547632873976767,0.004554285204884323,0.008596911635828874,0.0002689224513050539,0.00018588919203650685,8.643167734605319e-05,76.46839455528625,120.84589589794632,104.8127068343253,16.033189063621023,4.638343216243197e-05,4.902933649999682e-05,-2.6459043375648476e-06,0.005755610194111245,106.02857142857205,0.0012975109362759975,127.7588,0.0,23,50,1,0.5,0.0,0.0,0.0,0.0,0.0,0.0,0.0,0.0,0.0,0.0,0,0,high
2026-05-11 23:45:00,81737.7,81753.3,81693.4,81715.2,35.274,2882637.5426,-2.0803746634712184e-05,0.00035005734688375867,0.0018361046433934547,0.0034594348137471087,-0.0002753086686392884,0.0007329606860423914,1.2067359689592196,0.3004319443799748,0.7976275785210909,0.0003972188186533998,81528.29635053412,81360.422568136,81025.20423342015,0.0022926300606904704,0.004355697871652353,0.008490773482336067,0.00024132948007269525,0.00017778358659841984,8.536465820196597e-05,72.35789928679512,122.31228693503363,108.31262285446697,13.99966408056666,1.776655240328187e-05,4.277677968065383e-05,-2.5010227277371964e-05,0.005802417064475998,102.10000000000166,0.001249461544486236,117.41095,0.0,23,45,1,0.5,0.0,0.0,0.0,0.0,0.0,0.0,0.0,0.0,0.0,0.0,0,0,high
2026-05-11 23:40:00,81713.3,81784.7,81698.9,81737.7,73.299,5991286.7641,0.0002753086686393402,0.0004637858591731714,0.0010722955862512151,0.0028104841894940336,0.0002985604270544327,0.0010496466664248643,0.7314008175865703,0.6506510816001265,0.797788898978931,-0.0003525229709886446,81548.23955524515,81375.21776154243,81032.29374353538,0.002323373136059459,0.004449398440671715,0.008678857452954603,0.0002445655932695186,0.0001816080996196324,8.725464835557169e-05,72.87955894826197,123.8621683807869,111.42253195973096,12.439636421055937,1.8764955492438695e-05,3.7974414843010806e-05,-1.920945935057211e-05,0.005918902588140381,104.52857142857309,0.0012788293703954613,112.65484999999998,0.0,23,40,1,0.5,0.0,0.0,0.0,0.0,0.0,0.0,0.0,0.0,0.0,0.0,0,0,high
2026-05-11 23:35:00,81689.6,81724.8,81681.3,81713.3,44.855,3664930.5042,-0.00029856042705311836,-4.405550504849032e-05,0.00032680558846998053,0.0023450835079170673,0.00029008053304045174,0.0005324158771008781,-0.49111190122349635,0.4182282432502363,0.7972921727734459,-0.0008004641262129297,81563.95959760275,81388.47588854076,81039.06992519175,0.0018319734033855894,0.003988060052300568,0.008296910985842842,0.00019283930561974367,0.00016277796131874023,8.341569238135588e-05,68.75256462864286,121.71848953195149,113.48172347417508,8.236766057776407,-2.644539679200707e-05,2.5090452516007232e-05,-5.15358493080143e-05,0.005662258035373689,102.84285714285839,0.0012585816157572682,107.25004999999999,0.0,23,35,1,0.5,0.0,0.0,0.0,0.0,0.0,0.0,0.0,0.0,0.0,0.0,0,0,high
2026-05-11 23:30:00,81585.0,81699.4,81576.1,81689.6,65.732,5367598.2565,-0.00029008053304124815,-0.0003133322914550263,-0.00012485510092119512,0.0019495154137239012,0.001281277238589667,0.0015103309858279987,0.38215080430779613,0.6152455127428136,0.797016860138438,-0.0008735805981068268,81575.92535021201,81400.28467722544,81045.5428612595,0.0013950459303124774,0.0035529607145825537,0.007927160498045538,0.00014684694003298254,0.00014501880467717208,7.969931202889216e-05,77.73138482950809,116.76126548193861,114.1376318757278,2.6236336062108023,-6.088878214449196e-05,7.894605583907394e-06,-6.878338772839935e-05,0.005281898598817277,105.34285714285839,0.0012895504096342545,106.83865,0.0,23,30,1,0.5,0.0,0.0,0.0,0.0,0.0,0.0,0.0,0.0,0.0,0.0,0,0,high
2026-05-11 23:25:00,81638.4,81638.5,81560.0,81585.0,155.76,12708460.7193,-0.0012812772385899507,-0.0018699181986843172,-0.0016154132766796891,0.0016499477784002181,-0.0006543179704035411,0.0009620187201988859,0.8627304917449008,1.45843584254024,0.7958092029510517,-0.002056368810288589,81576.78960257277,81407.52841537347,81050.9105939833,0.00010293357822455107,0.002182597849483159,0.006579755067820159,1.0835113497465089e-05,8.908562650983393e-05,6.615725679885392e-05,57.34637465447666,103.20262822927907,111.95063114643807,-8.748002917158999,-0.00016625027387873428,-2.6934370308620946e-05,-0.00013931590357011333,0.00484847860656376,107.18571428571575,0.001313791926036842,106.79935,0.0,23,25,1,0.5,0.0,0.0,0.0,0.0,0.0,0.0,0.0,0.0,0.0,0.0,0,1,high
2026-05-11 23:20:00,81631.9,81656.7,81604.1,81638.4,52.463,4282304.8469,0.0006543179704046054,-0.0009170398012265935,-0.0009402915596403716,0.0015016462700554456,7.962256458692187e-05,0.0006443678068464454,-1.0882082018325434,0.5011999067588379,0.7969659002523404,-0.0006616782687505207,81582.6572594706,81416.58220300588,81056.75625971482,0.0006851323535208564,0.002725664219108026,0.007162092211974169,7.211919510766892e-05,0.00011125160078021712,7.200960220786637e-05,59.984041492120134,95.66349501731747,108.69320392061397,-13.029708903296495,-9.249740572931582e-05,-4.004697739275992e-05,-5.2450428336555895e-05,0.004506773573847127,104.84285714285839,0.0012842345898848874,104.6748,0.0,23,20,1,0.5,0.0,0.0,0.0,0.0,0.0,0.0,0.0,0.0,0.0,0.0,0,1,high
2026-05-11 23:15:00,81689.6,81700.0,81621.2,81631.9,39.993,3265968.7187,-7.962256458782235e-05,-0.0007065818327731677,-0.0012952227928675342,0.0011472684383111442,-0.0007065818327729015,0.0009649697175217646,-0.271403720431751,0.3790268582793244,0.7967544523815207,-0.0010344465974103656,81587.34704428291,81425.02603818211,81062.47908300124,0.0005478421899862695,0.002542275315127185,0.007011997312586615,5.766759894619356e-05,0.00010376633939323518,7.05008244288048e-05,60.79660331581009,88.14806591943488,104.58417632037815,-16.436110400943264,-9.220768098795013e-05,-5.0479118111797966e-05,-4.1728562876152166e-05,0.004382497626617129,99.44285714285901,0.0012181862377680663,105.51495,0.0,23,15,1,0.5,0.0,0.0,0.0,0.0,0.0,0.0,0.0,0.0,0.0,0.0,0,1,high
2026-05-11 23:10:00,81663.0,81689.7,81644.6,81689.6,58.687,4792590.2501,0.0007065818327731677,0.0012812772385899507,-0.00029008053304124815,0.002015750489391621,0.00032567587213316407,0.0005522416436251032,0.3835137984307284,0.555639714222415,0.797469260210061,0.00017708743661515314,81597.08542101788,81435.40148766516,81068.7190921256,0.001134955068211596,0.003121450985236862,0.007641777362817237,0.00011946895454876252,0.00012740616266303646,7.682998869093776e-05,69.01598305411173,85.8582218579104,100.8389854278846,-14.9807635699742,-2.821272898243703e-05,-4.602584028592578e-05,1.781311130348875e-05,0.004348646966530893,92.40714285714473,0.0011311983760129163,105.6206,0.0,23,10,1,0.5,0.0,0.0,0.0,0.0,0.0,0.0,0.0,0.0,0.0,0.0,0,1,high
2026-05-11 23:05:00,81737.5,81750.0,81663.0,81663.0,54.305,4436458.3675,-0.0003256758721335018,0.0003012833960518435,-0.0003256758721335018,0.0020949398762706295,-0.0009118699779042677,0.0010647868678727872,-0.07760193349837863,0.5154423901416244,0.7968545031727903,-0.00016235696564770308,81603.36299996855,81444.32691952144,81074.63233499002,0.0007322049869280534,0.0026861368733737123,0.007243304460926581,7.707420915045164e-05,0.0001096382397298389,7.282495524989857e-05,60.39290240811105,80.96380589109322,96.86394952052633,-15.900143629433117,-6.009806522158491e-05,-4.8840285273057604e-05,-1.1257779948527303e-05,0.004257283117930027,87.914285714288,0.0010765497926146235,105.3561,0.0,23,5,1,0.5,0.0,0.0,0.0,0.0,0.0,0.0,0.0,0.0,0.0,0.0,0,1,high
2026-05-11 23:00:00,81788.7,81788.7,81685.0,81737.5,49.938,4081395.1308,0.0009118699779051553,0.0012927759385448212,0.0018674713443616042,0.0021175485753968104,-0.0006261993695575449,0.00126870577847983,-0.08383406773998603,0.4846476798285712,0.7978013636980457,0.0019921607469939318,81616.1379523525,81455.82390306961,81081.22803314934,0.0014874963967521637,0.0034569085433862057,0.008074028424514879,0.00015657856807947104,0.0001410983078935768,8.11736619429857e-05,65.73464912280683,82.14950499525003,93.92106061547108,-11.77155562022105,1.4327030494093375e-05,-3.620682211962741e-05,5.053385261372079e-05,0.003932197089457937,90.78571428571637,0.0011106984466825675,103.03979999999999,0.0,23,0,1,0.5,0.0,0.0,0.0,0.0,0.0,0.0,0.0,0.0,0.0,0.0,0,1,high
2026-05-11 22:55:00,81816.4,81830.0,81786.2,81788.7,18.343,1500522.043,0.0006261993695559909,0.0012123934753276444,0.0018393527435129897,0.002735165827266073,-0.0003386202540712526,0.0005353993192151159,-1.0015342056597993,0.1831934971951211,0.7980441299764411,0.0010782297241007655,81632.57243308083,81468.87786765512,81088.26755520755,0.0019123914076129012,0.003922986034002207,0.008613658363284316,0.00020130435869628247,0.00016012187893916168,8.659680331226933e-05,63.49299065420498,86.22662531909009,92.38217355619489,-6.155548237104796,4.9685481109644795e-05,-1.902836147377297e-05,6.871384258341777e-05,0.003998327073975978,88.40714285714473,0.0010809212379845228,100.1291,0.0,22,55,1,0.5,0.0,0.0,0.0,0.0,0.0,0.0,0.0,0.0,0.0,0.0,0,1,high
2026-05-11 22:50:00,81804.3,81888.0,81804.2,81816.4,35.05,2868263.2414,0.00033862025407138674,0.001876689601532533,0.002257595562172199,0.0020346683555558798,0.00014790304676673288,0.0010238729434968329,0.6475275831483853,0.3772009216401406,0.7980006789093199,0.0012462265277992657,81650.07982040646,81482.50618657061,81095.5126541607,0.0020366295986651295,0.004094484472854987,0.008863201218177963,0.00021438206301772097,0.00016712181521885678,8.910449933972324e-05,62.85657686212276,90.64799736403802,92.03533831776352,-1.3873409537254986,5.388097045798992e-05,-4.446495087420392e-06,5.832746554541031e-05,0.004160878464578013,83.97142857143002,0.0010263398117178223,92.9213,0.0,22,50,1,0.5,0.0,0.0,0.0,0.0,0.0,0.0,0.0,0.0,0.0,0.0,0,0,high
2026-05-11 22:45:00,81746.7,81832.3,81722.2,81804.3,47.82,3910766.6523,-0.00014790304676637334,0.0008169165768610043,0.0014031106826326578,0.0014398357380613902,0.0007043674741389483,0.0013463404141238475,0.3106683485495796,0.7624368322997707,0.7975621323467177,9.287213665665206e-05,81664.76745655823,81495.12555180314,81102.56526456708,0.001708847832670557,0.003791813527026733,0.008628578786622043,0.0001798787192287596,0.00015476789906257324,8.674621529886656e-05,60.37323803851535,92.11376751474745,92.05102415716031,0.0627433575871379,1.7743031043476162e-05,-8.589861241081007e-09,1.7751620904717242e-05,0.004095107747431925,88.62142857143044,0.001083334599421185,62.71995,0.0,22,45,1,0.5,0.0,0.0,0.0,0.0,0.0,0.0,0.0,0.0,0.0,0.0,0,0,high
2026-05-11 22:40:00,81736.3,81766.9,81711.2,81746.7,43.162,3528188.4686,-0.0007043674741389339,-0.0005136502668339205,0.0010244190806272258,0.0005738881075725288,0.0001272303543978837,0.000681436867144654,-0.10248348351090675,0.7398234002017451,0.7967774971963006,-7.700597648963026e-05,81672.57055593363,81504.99121643831,81108.97456541716,0.0009088155624805694,0.0029663697370878594,0.007845363438725883,9.566479605088402e-05,0.00012107631579976904,7.887443729451034e-05,52.73796398382975,87.61756159277866,91.16433164428399,-3.5467700515053338,-5.5162693827170235e-05,-1.1039410654426912e-05,-4.412328317274332e-05,0.003536514785759914,91.77857142857309,0.0011227189773846907,58.34095,0.0,22,40,1,0.5,0.0,0.0,0.0,0.0,0.0,0.0,0.0,0.0,0.0,0.0,0,0,high
2026-05-11 22:35:00,81700.0,81768.3,81690.5,81736.3,23.437,1915604.5171,-0.0001272303543977671,-0.0009795008753030743,-1.4681251675696672e-05,0.0002373768160062184,0.00044420976976241065,0.0009519219017258021,-0.6106445083495347,0.4306150646372743,0.7968550160854253,-0.0009463476126203574,81678.64002679709,81514.06214912701,81115.21660954236,0.0007071485215988105,0.0027278005833686336,0.00764133574020498,7.443668648434583e-05,0.00011133879932143429,7.68236433473235e-05,51.90812081750823,82.26677277537237,89.38481987050167,-7.118047095129299,-6.561450069715999e-05,-2.195442866297353e-05,-4.366007203418646e-05,0.003242990235962473,93.0571428571441,0.0011385044693379086,54.4268,0.0,22,35,1,0.5,0.0,0.0,0.0,0.0,0.0,0.0,0.0,0.0,0.0,0.0,0,1,high
2026-05-11 22:30:00,81695.9,81749.2,81691.9,81700.0,66.612,5443020.1645,-0.00044420976976233817,-0.0012758075982990391,-0.0010850903909940257,-0.00018602920712140758,5.018485777016945e-05,0.0007011700526682495,1.0445687713262868,1.2471763378752205,0.7964832491010991,-0.0015608808753420078,81680.67430995927,81521.35382955341,81121.03534974593,0.0002378969659471153,0.0021940382326803842,0.007125512776704923,2.5041785889423545e-05,8.955258092599225e-05,7.16392312765806e-05,46.67372507499582,74.2413197386486,86.35611984413106,-12.114800105482459,-9.834160188424413e-05,-3.723186330722765e-05,-6.110973857701648e-05,0.0028445159855038774,91.02142857142982,0.0011140933729673172,53.41025,0.0,22,30,1,0.5,0.0,0.0,0.0,0.0,0.0,0.0,0.0,0.0,0.0,0.0,0,1,high
2026-05-11 22:25:00,81814.7,81814.8,81681.9,81695.9,86.85,7097617.3487,-5.018485776986381e-05,-0.0006216249819299691,-0.0014738955028352763,-0.0005115227335306116,-0.0014531170566842919,0.001625721244170589,0.2652977511910901,1.591414242287092,0.7966179740212826,-0.0013827048880372672,81682.12437567743,81528.19877741406,81126.75539601712,0.00016983476454157653,0.002059780693540958,0.007004926646109411,1.787734363615808e-05,8.4072681369292e-05,7.042705128606873e-05,48.40775988286892,66.78045118010778,82.44098611132641,-15.660534931218635,-9.142960440026089e-05,-4.80714115258343e-05,-4.335819287442659e-05,0.0027714120199563196,96.48571428571657,0.0011810349636360768,54.5741,0.0,22,25,1,0.5,0.0,0.0,0.0,0.0,0.0,0.0,0.0,0.0,0.0,0.0,0,1,high
2026-05-11 22:20:00,81860.0,81893.1,81764.5,81814.7,45.835,3750748.0355,0.0014531170566840501,0.0009587224291518481,0.0001271246006151472,0.0012401547502065569,-0.0005535369993856992,0.0015715741458815233,-0.6391345012733756,0.8935969445944549,0.7981359880693013,0.0005738557225836161,81694.75062561291,81539.43411947625,81133.60061595726,0.0014683849811092387,0.0033751370541388326,0.00837388406395867,0.0001545668401169097,0.00013776069608751782,8.418516079251631e-05,59.75058456741921,69.65093363504275,79.88297561606967,-10.232041981026924,3.49492312989016e-05,-3.146728296088712e-05,6.641651425978872e-05,0.002983465044131658,100.7714285714319,0.0012317032094651926,51.2927,0.0,22,20,1,0.5,0.0,0.0,0.0,0.0,0.0,0.0,0.0,0.0,0.0,0.0,0,1,high
2026-05-11 22:15:00,81801.0,81860.7,81777.9,81860.0,27.628,2260377.4216,0.0005535369993854289,0.001956469198299615,0.00138502907413951,0.002083772282633234,0.0007210025914041454,0.0010119862558883184,-0.5062182401870121,0.5335671439441635,0.7981285368252262,0.0013510396289255766,81710.48866126883,81552.00533047719,81140.82847052485,0.0018293579823520645,0.003774608404365054,0.008838591003010876,0.00019256399814248295,0.00015406564915802413,8.885532834070451e-05,73.61731363792464,74.71981950558256,78.85034439397225,-4.130524888389687,6.180433468269838e-05,-1.2812959432170018e-05,7.46172941148684e-05,0.0033640949478757364,97.42857142857454,0.001190185333845279,51.7798,0.0,22,15,1,0.5,0.0,0.0,0.0,0.0,0.0,0.0,0.0,0.0,0.0,0.0,0,0,high
2026-05-11 22:10:00,81819.6,81832.2,81756.0,81801.0,57.697,4719335.4011,-0.0007210025914030638,0.0012856514646664152,0.0007912568371342132,0.002644046929820121,-0.0002273552362003652,0.0009316076038627291,0.7363754278680497,1.0657590926722944,0.7970171576648948,0.00016214157946947694,81719.10878876704,81561.76982732122,81147.3973414649,0.0010027977346691586,0.0029338565653933557,0.008036816387610557,0.0001055576562810023,0.00011974924756739323,8.079704058206006e-05,63.831235113984434,73.13310821322375,77.70689715782255,-4.573788944598803,-1.9532338964778746e-05,-1.4156835338691764e-05,-5.3755036260869825e-06,0.003465739547524297,99.7357142857176,0.0012192481055942788,54.137,0.0,22,10,1,0.5,0.0,0.0,0.0,0.0,0.0,0.0,0.0,0.0,0.0,0.0,0,1,high
2026-05-11 22:05:00,81912.7,81917.6,81802.6,81819.6,61.861,5064743.6651,0.0002273552362002107,5.988964418257581e-05,0.0014628218430967621,0.002217084195615726,-0.001137222283369253,0.0014048360423860237,0.06968475356656523,1.1152888192570811,0.7973718060745547,0.0008885569734555787,81728.67938031304,81571.88081448509,81154.08592513192,0.0011129955450712714,0.0030372427113345424,0.008181941060389164,0.00011715742579711739,0.00012396909025887628,8.225533108572324e-05,65.64427404567465,72.54029328940669,76.67357638413938,-4.13328309473269,-7.3825860425719245e-06,-1.2801985479467797e-05,5.419399436895872e-06,0.003601570546166423,102.43571428571782,0.001251970362672487,55.46635,0.0,22,5,1,0.5,0.0,0.0,0.0,0.0,0.0,0.0,0.0,0.0,0.0,0.0,0,0,high
2026-05-11 22:00:00,81786.3,81935.4,81757.4,81912.7,166.097,13599525.3257,0.0011372222833685441,0.0006435749281656911,0.00265022898423517,0.0034339290435720926,0.0015442980729324998,0.002174806346503202,0.987682022386009,2.7633898305084745,0.7984032336225422,0.0017852596012595257,81746.20515361655,81585.24627274058,81161.63432388683,0.0020359113685888275,0.004010760485106957,0.009226435350285556,0.000214306459851539,0.0001637045095965103,9.275251469052743e-05,67.55863371635371,78.67594777030172,77.07405066137186,1.6018971089298617,7.480256985056344e-05,4.718925586538452e-06,7.0083644264025e-05,0.004101385202840528,111.0214285714319,0.0013553628261726437,60.10625,0.0,22,0,1,0.5,0.0,0.0,0.0,0.0,0.0,0.0,0.0,0.0,0.0,0.0,0,0,high
2026-05-11 21:55:00,81803.0,81866.7,81755.9,81786.3,64.423,5270908.3266,-0.0015442980729325484,-0.00017972055336379356,-0.00034718614538142845,0.0011830491378663766,-0.00020416983333277112,0.0013543363439527747,-0.9471012428402297,1.0546512094282279,0.7963487938452332,-0.0017871942240681449,81750.02371041497,81593.13073263312,81167.84990275363,0.00044479298178323745,0.0023697383960108453,0.007605698100464409,4.68203138721021e-05,9.672401616399819e-05,7.646345411716349e-05,58.38661406611375,72.50330159130681,76.15990084735886,-3.656599256052047,-7.557025745775746e-05,-1.133891102232073e-05,-6.423134643543674e-05,0.004114068432380208,116.00714285714639,0.0014184177894970965,61.084649999999996,0.0,21,55,1,0.5,0.0,0.0,0.0,0.0,0.0,0.0,0.0,0.0,0.0,0.0,0,0,high
2026-05-11 21:50:00,81693.5,81803.0,81693.5,81803.0,111.269,9096944.4324,0.00020416983333326755,-0.0002029059562307367,-0.0006965533114335898,0.001712894843333146,0.001339478415404668,0.001339478415404668,0.546479980773726,1.756097945913528,0.7969908612446446,-0.001137675580581643,81755.06907132783,81601.36089998083,81174.16980421876,0.0005871568327258103,0.0024729706517234717,0.007732157805101281,6.180598239221309e-05,0.0001009375776216166,7.773416435811975e-05,54.835375756681024,68.17312807109556,74.5625462921062,-6.389418221010644,-5.3043605333866766e-05,-1.9679849884629936e-05,-3.336375544923683e-05,0.004105386433715348,114.85000000000375,0.0014039827390193971,63.3615,0.0,21,50,1,0.5,0.0,0.0,0.0,0.0,0.0,0.0,0.0,0.0,0.0,0.0,0,0,high
2026-05-11 21:45:00,81690.8,81713.5,81620.0,81693.5,56.594,4621748.9746,-0.0013394784154048267,-0.0026796066550041076,-0.0013150291354353527,-0.0005384535499768361,3.3050911259534984e-05,0.0011448969159815446,-0.6760477204579933,0.9690222453564188,0.7956454024502317,-0.0013717552146630396,81749.20535024899,81604.9741980208,81179.3372688534,-0.000680671908138919,0.0010890415603839187,0.006329070639548462,-7.164967454083832e-05,4.445067593430509e-05,6.36325466490357e-05,43.52909189777065,55.268597500311444,70.70375653374725,-15.43515903343581,-0.00015793006461951132,-4.732989283160621e-05,-0.00011060017178790511,0.0037023882587238635,121.31428571428945,0.0014849931232508028,58.403200000000005,0.0,21,45,1,0.5,0.0,0.0,0.0,0.0,0.0,0.0,0.0,0.0,0.0,0.0,0,0,high
2026-05-11 21:40:00,81687.0,81743.1,81667.0,81690.8,88.187,7205608.8556,-3.30509112593802e-05,-0.0011683594933309394,-0.0015754352828949436,-0.0011977038307922072,4.6517947979374594e-05,0.0009313990445073295,0.44355658733633163,1.4651583169129447,0.7961427093385343,-0.0012290967360204519,81743.64293593956,81608.33991574548,81184.42645025786,-0.0006457492175506729,0.0010145792511178087,0.006233372765818146,-6.797360184736611e-05,4.1411398005140964e-05,6.267052219223555e-05,41.16239797354399,44.312984118645545,65.42560205072691,-21.112617932081363,-0.00013408985359102612,-6.468188498349019e-05,-6.940796860753593e-05,0.0035312803777602843,119.65714285714681,0.0014647566538355213,60.1894,0.0,21,40,1,0.5,0.0,0.0,0.0,0.0,0.0,0.0,0.0,0.0,0.0,0.0,0,0,high
2026-05-11 21:35:00,81563.3,81689.7,81563.3,81687.0,94.803,7739989.548,-4.6517947978941265e-05,-0.0014190472746431482,-0.002759175514242429,-0.0015828420328425352,0.0015154645801503728,0.0015485170288806148,0.0723414944707006,1.506485788154756,0.7962581088264304,-0.0021451247961117303,81738.24837061198,81611.42462493194,81189.4271820961,-0.0006263369592893753,0.0009300981147806198,0.006125294073383358,-6.593020624084947e-05,3.796318835870637e-05,6.158406975272135e-05,41.64886800512584,34.92140116584778,59.324761873751086,-24.403360707903303,-0.00011495782960512919,-7.4737073907818e-05,-4.022075569731118e-05,0.0033256278279707135,120.90000000000353,0.0014800396635940055,62.92990000000001,0.0,21,35,1,0.5,0.0,0.0,0.0,0.0,0.0,0.0,0.0,0.0,0.0,0.0,0,0,high
2026-05-11 21:30:00,81598.1,81605.7,81551.0,81563.3,87.807,7162372.0966,-0.0015154645801516153,-0.0015950334393899368,-0.002730342021461496,-0.0029504035662277772,-0.000426571487223064,0.000670521064098612,-0.07665983021533496,1.36376132041332,0.7948359596014818,-0.0015128342437513709,81721.58662102988,81609.53738473853,81193.14730963744,-0.001937820440446103,-0.0005624109177091441,0.004563960543050527,-0.00020398109899425574,-2.2955547661306245e-05,4.589204338551403e-05,38.06611140031262,17.297552400355926,50.91931997907206,-33.62176757871613,-0.0002158392193096668,-0.00010295750298818776,-0.00011288171632147905,0.00390972609651319,123.96428571428883,0.0015198537297324757,64.3859,0.0,21,30,1,0.5,0.0,0.0,0.0,0.0,0.0,0.0,0.0,0.0,0.0,0.0,0,1,high
2026-05-11 21:25:00,81638.8,81657.6,81587.9,81598.1,58.243,4753619.9927,0.00042657148722469174,-0.0011354110409058649,-0.0025079403675700718,-0.0018194646048641516,-0.0004986617712463034,0.0008539286441023875,-0.41051731056375473,0.9018345441820425,0.7959160063182402,-0.001074854926404356,81709.8259904556,81609.08885984683,81197.17668964104,-0.0013673204814868,-0.0001305123939943087,0.004940874995147837,-0.00014392847173530838,-5.327036489306326e-06,4.9679898548092916e-05,41.28405650857741,6.068638952769106,41.94918377381147,-35.88054482104236,-0.0001374973828565972,-0.00010986547896186966,-2.7631903894727533e-05,0.004160874254277556,125.14285714286027,0.0015336491553462673,64.58279999999999,0.0,21,25,1,0.5,0.0,0.0,0.0,0.0,0.0,0.0,0.0,0.0,0.0,0.0,0,1,high
2026-05-11 21:20:00,81659.8,81696.7,81608.9,81638.8,70.971,5795089.1113,0.0004986617712461339,-0.0005902313216807897,-0.0006698001809191112,-0.0011935724792202507,-0.00025719755240720204,0.0010752847233629875,0.19764742934758406,1.0813071489134136,0.7964539606151249,0.0008085581648931139,81703.06161041222,81610.25400259793,81201.57095143567,-0.0007859293092664643,0.0003537121467704907,0.005385412022450353,-8.272940097517102e-05,1.4437230480710937e-05,5.414737986847143e-05,46.161565479177284,0.44862255988118704,33.64907153102541,-33.200448971144226,-6.88007375328909e-05,-0.00010165253067607391,3.285179314318301e-05,0.004342982582027931,128.09285714285943,0.001569019352842759,65.63445,0.0,21,20,1,0.5,0.0,0.0,0.0,0.0,0.0,0.0,0.0,0.0,0.0,0.0,0,1,high
2026-05-11 21:15:00,81689.1,81725.2,81629.1,81659.8,73.14,5973977.8934,0.0002571975524059411,0.0011824308108767667,-0.0003795517172537899,-0.0004921651570519714,-0.00035874132380729964,0.0011765837946883068,0.03010406982285474,1.0697001651205207,0.7965748042150658,0.000432094876531508,81698.94145703962,81612.19698288821,81206.13044445621,-0.00047837635144531987,0.0005869524560715433,0.005586464205952879,-5.0355405415065114e-05,2.395724310522977e-05,5.616777959521243e-05,47.78282766244984,-2.284423019271344,26.46237262096606,-28.746795640237405,-3.345662845418609e-05,-8.801335023169636e-05,5.455672177751027e-05,0.004418905175150267,125.46428571428676,0.0015364265613470368,68.37429999999999,0.0,21,15,1,0.5,0.0,0.0,0.0,0.0,0.0,0.0,0.0,0.0,0.0,0.0,0,1,high
2026-05-11 21:10:00,81687.9,81703.1,81632.5,81689.1,149.153,12181565.683,0.0003587413238079762,0.0011146006474600512,2.5707554533127563e-05,-8.32389754741314e-05,1.4689950238299094e-05,0.000864477852920524,0.7125972120164548,2.0134193760887804,0.7968173385497828,0.0005592297233523169,81698.0041754168,81615.21278748084,81210.93611167556,-0.00010824121548047572,0.0009086077492952427,0.00588604925583347,-1.1393812155727853e-05,3.7086030583768845e-05,5.917846162718023e-05,41.33314932376533,-2.0623427975806408,20.757429537256723,-22.819772334837364,2.7162550492827146e-06,-6.986742917550054e-05,7.258368422478326e-05,0.004366199263501276,116.42142857142919,0.0014251770257161505,74.07945,0.0,21,10,1,0.5,0.0,0.0,0.0,0.0,0.0,0.0,0.0,0.0,0.0,0.0,0,1,high
2026-05-11 21:05:00,81806.2,81813.1,81687.9,81687.9,112.088,9160866.8363,-1.4689950237567473e-05,0.0006012489259763498,0.0015264821844471754,-0.001551045982395749,-0.0014471472749863048,0.0015314894033795804,-0.28568834766875906,1.4501729461392612,0.796630355374873,0.0017943957733912441,81697.04187299617,81618.06326640316,81215.68202101214,-0.000111223435649066,0.0008588621990952561,0.005812937819968056,-1.1707730068284007e-05,3.5055599963324283e-05,5.8443452553899157e-05,37.35488611315166,-1.9605723356216913,16.21382916268104,-18.174401498302732,1.236489436694588e-06,-5.564664545306152e-05,5.688313488975611e-05,0.004319323000798256,119.45000000000125,0.0014622728702782329,77.29285,0.0,21,5,1,0.5,0.0,0.0,0.0,0.0,0.0,0.0,0.0,0.0,0.0,0.0,0,1,high
2026-05-11 21:00:00,81780.9,81855.5,81780.0,81806.2,29.711,2430826.1754,0.0014471472749857384,0.001791198648556147,0.002547057972208222,-0.0006574357067954395,0.00030931534579092313,0.0009227827135006939,-1.3277669294600813,0.38776929873675775,0.7980285525462687,0.002112546228028478,81707.43788509177,81625.4411775246,81221.5578217981,0.0012086929974959304,0.0022155777299985857,0.00718784544226736,0.00012723084184162287,9.043174408185034e-05,7.2261401035808e-05,50.351446336847594,7.578542098519392,14.486771749848712,-6.90822965132932,0.00011667683361060928,-2.118194964032736e-05,0.00013785878325093664,0.004397875844583706,123.99285714285881,0.001515690218380255,76.6203,0.0,21,0,1,0.5,0.0,0.0,0.0,0.0,0.0,0.0,0.0,0.0,0.0,0.0,0,0,high
2026-05-11 20:55:00,81803.5,81813.9,81762.8,81780.9,95.644,7822255.5831,-0.0003093153457918163,0.0011231419789563546,0.0017390808551702719,-0.000245748461184192,-0.0002763099677450077,0.0006247833788338557,1.169115617611506,1.1921129892379037,0.7971129097556737,0.0006589491405488701,81714.4342769878,81631.53760193539,81227.12341561104,0.0008137226372557649,0.001831506996589738,0.006810087010938659,8.565501444796201e-05,7.475538761621634e-05,6.846461748528438e-05,47.407903549898755,12.947608483125805,14.17893909650413,-1.2313306133783257,6.567522088016074e-05,-3.810515536229738e-06,6.948573641639048e-05,0.004429961773332776,119.31428571428634,0.0014589505094011726,80.23065,0.0,20,55,1,0.5,0.0,0.0,0.0,0.0,0.0,0.0,0.0,0.0,0.0,0.0,0,1,high
2026-05-11 20:50:00,81868.7,81868.7,81803.4,81803.5,89.692,7339395.6527,0.0002763099677451919,0.001414141896939114,0.0017581932705095227,-0.00019679372963921082,-0.0007967144505765458,0.000797936892906451,-0.06425138630907146,1.1020751456202122,0.7973209809233666,0.0007461767083007942,81722.91672679849,81638.28122538891,81232.85850600297,0.000986219975953162,0.0020251574755381085,0.007015885565961,0.00010381262904769818,8.26594887977448e-05,7.053273042319392e-05,41.92307692307731,18.809439884353196,15.105039254073944,3.7044006302792525,7.168480605008168e-05,1.1288548781032545e-05,6.039625726904913e-05,0.004472856501209254,112.8714285714294,0.0013797872777011914,81.38465,0.0,20,50,1,0.5,0.0,0.0,0.0,0.0,0.0,0.0,0.0,0.0,0.0,0.0,0,1,high
2026-05-11 20:45:00,81787.1,81896.6,81763.5,81868.7,105.38,8623126.15,0.0007967144505762747,0.0007637090725296503,0.002196166397277821,-0.0005373015624314803,0.0009972149690041464,0.0016265421974514633,0.16119128586985632,1.2802639739573558,0.7979379125494113,0.0011205739996285047,81736.80084805578,81647.31725576583,81239.18528703778,0.0016131311478115862,0.002711210281951537,0.007734862702939438,0.0001698032787170864,0.00011066164416160871,7.775841918093601e-05,56.70136629798241,28.38882984391239,17.761797372041634,10.627032471870756,0.00011708999755093136,3.244883853501231e-05,8.464115901591905e-05,0.004655472999254971,111.17857142857247,0.001358010710180722,82.31115,0.0,20,45,1,0.5,0.0,0.0,0.0,0.0,0.0,0.0,0.0,0.0,0.0,0.0,0,0,high
2026-05-11 20:40:00,81832.1,81832.2,81711.3,81787.1,118.214,9665753.2419,-0.0009972149690025134,7.580944931895317e-05,0.0012136413785128752,9.781541498554702e-06,-0.0005500577088094465,0.0014785059879940106,0.11492367649341517,1.375699551146804,0.7965371662902108,-9.318908466227072e-05,81741.59124347904,81652.7989320103,81244.63717472894,0.0005572574951120401,0.0016467798104802256,0.006670606462950701,5.8658683696172166e-05,6.721550246889806e-05,6.706216656219522e-05,48.83036633809078,29.0611287598731,20.021663649607927,9.039465110265173,8.224025825358353e-06,2.7603875993081522e-05,-1.937985016772317e-05,0.004615527017502666,114.60000000000062,0.0014011989665852025,85.93010000000001,0.0,20,40,1,0.5,0.0,0.0,0.0,0.0,0.0,0.0,0.0,0.0,0.0,0.0,0,1,high
2026-05-11 20:35:00,81875.9,81888.0,81815.6,81832.1,56.191,4599325.0866,0.0005500577088088932,0.0003495571903826544,0.00031655181233603,0.0003556694169741803,-0.000535099091615539,0.0008845255048806986,-0.7437399395478197,0.6432248814508075,0.7973326072475917,-0.0006959452986770032,81750.21112505248,81659.83034644127,81250.48257597542,0.0010018566130707285,0.0021106870283365,0.007148816767063693,0.00010545859084976464,8.615049095281943e-05,7.18680923556947e-05,61.26462938881691,32.84642131500004,22.58661518268635,10.259806132313692,4.62656117253167e-05,3.133622313952856e-05,1.4929388585788139e-05,0.004538882259959617,108.7357142857145,0.0013287660256270399,87.35825,0.0,20,35,1,0.5,0.0,0.0,0.0,0.0,0.0,0.0,0.0,0.0,0.0,0.0,0,1,high
2026-05-11 20:30:00,81867.9,81887.8,81805.0,81875.9,102.109,8356304.2088,0.0005350990916159759,8.794183142235568e-05,0.0011609662497438222,0.002230246923994983,9.771362343318311e-05,0.0010116511790588508,0.597284268432654,1.1398784422885535,0.7976722058105601,0.0005592960548863601,81762.1814940951,81668.30366618867,81256.70563492095,0.0013905789709074412,0.0025420298015230713,0.0076074589844630225,0.00014637673377988,0.00010375631842980596,7.647735602992636e-05,64.10178272131574,38.9318052676972,25.855653199688522,13.076152068008678,7.434974960048935e-05,3.993892843172072e-05,3.441082116876863e-05,0.004724332119880506,109.21428571428571,0.0013339002773012048,89.57885,0.0,20,30,1,0.5,0.0,0.0,0.0,0.0,0.0,0.0,0.0,0.0,0.0,0.0,0,0,high
2026-05-11 20:25:00,81882.3,81882.3,81825.0,81867.9,68.537,5610340.0549,-9.771362343435896e-05,0.00098744317699051,0.0007869426585642714,0.002165584211820004,-0.00017587764823650707,0.0007000298989715202,-0.3986671247321416,0.7622620398798168,0.7972892664278302,-3.171449553640571e-05,81772.2499232289,81676.13097339695,81262.78717089188,0.0011697353143809153,0.0023484606416932507,0.00743502152658948,0.00012313003309280963,9.585553639591714e-05,7.474411245316732e-05,63.69417108251281,42.61771229311125,29.20806501837307,13.409647274738184,4.502491454596269e-05,4.095612565456912e-05,4.068788891393572e-06,0.004842927645156487,104.2000000000002,0.0012727821282822718,89.91265,0.0,20,25,1,0.5,0.0,0.0,0.0,0.0,0.0,0.0,0.0,0.0,0.0,0.0,0,1,high
2026-05-11 20:20:00,81912.7,81932.8,81806.7,81882.3,57.641,4717800.8767,0.00017587764823723262,0.0006132631164188496,0.00016610585622522933,0.002387979808036178,-0.000371195706206562,0.001540251740474558,-0.17313962538326955,0.6822239594460162,0.7973921594775177,-0.0005457530718935288,81782.73088292137,81684.21603326374,81268.95147764917,0.0012174593471314665,0.002425344631500792,0.0075351688347780055,0.00012815361548751658,9.89936584289099e-05,7.575041629181473e-05,78.93686502177007,46.168577201417065,32.60016745498187,13.568409746435194,4.336145673578001e-05,4.14371918708113e-05,1.9242648649687067e-06,0.004725618237895583,103.49285714285777,0.0012639222047116138,84.48985,0.0,20,20,1,0.5,0.0,0.0,0.0,0.0,0.0,0.0,0.0,0.0,0.0,0.0,0,0,high
2026-05-11 20:15:00,81876.9,81928.4,81837.4,81912.7,47.654,3902033.5424,0.000371195706206251,0.00044935973100912463,0.0015345165314339937,0.004274640094394044,0.0004371461993937819,0.0011113432641741583,-0.19026754803152102,0.569673669538107,0.7976328718141001,0.0010957055238893787,81795.10889407172,81693.17618882202,81275.35693558301,0.0014373545720669512,0.002686872089169512,0.007827694247042771,0.0001513004812702532,0.00010966824853782524,7.869017042031658e-05,78.76737381126459,50.84952746061026,36.25003945610755,14.59948800450271,5.714495787079185e-05,4.457874507080741e-05,1.2566212799984436e-05,0.005039133999678232,103.25714285714328,0.0012605755011999762,83.6514,0.0,20,15,1,0.5,0.0,0.0,0.0,0.0,0.0,0.0,0.0,0.0,0.0,0.0,0,0,high
2026-05-11 20:10:00,82013.1,82018.1,81808.5,81876.9,241.068,19740999.7343,-0.0004371461993937231,0.00010992715504976047,0.0005473126232313774,0.0034109224077756295,-0.0016620908091391085,0.002558804423245697,1.6211124793555554,2.674333144555745,0.7969786156318488,-0.00035399161574289906,81802.89852320775,81700.38104416234,81281.34243871155,0.000904950432419227,0.0021615013450784204,0.007317010256128853,9.52579402546364e-05,8.822454469737237e-05,7.355747022316196e-05,71.96899797010403,51.081616382085485,39.21635484130314,11.865261540782342,2.809657653828334e-06,3.6224927587411596e-05,-3.341526993358326e-05,0.005187604594116237,111.18571428571575,0.0013579619439147764,90.14135,0.0,20,10,1,0.5,0.0,0.0,0.0,0.0,0.0,0.0,0.0,0.0,0.0,0.0,0,1,high
2026-05-11 20:05:00,81996.4,82039.1,81977.6,82013.1,81.233,6661736.5034,0.0016620908091393716,0.0015961403159518994,0.001674304340754773,0.004574351445668867,0.00020364674067936247,0.0007499236709703071,-1.0877574828192076,0.8890233799151394,0.7987204727218451,0.0010482669112850118,81822.91771147368,81712.64453262655,81288.62360847561,0.0023225611233161914,0.003673647363855892,0.008889756776060409,0.0002444801182436588,0.0001499447903617645,8.936377210292525e-05,76.88327499619479,61.54628301423509,43.68234047588953,17.863942538345555,0.00012766774896051322,5.451349186203192e-05,7.31542570984813e-05,0.005810111688940247,115.90714285714577,0.0014132759627077352,91.3733,0.0,20,5,1,0.5,0.0,0.0,0.0,0.0,0.0,0.0,0.0,0.0,0.0,0.0,0,0,high
2026-05-11 20:00:00,81920.3,82004.5,81863.6,81996.4,200.983,16468270.1813,-0.0002036467406796305,0.001021297869066018,0.0015683712235095015,0.004113507152583296,0.0009285204676212614,0.0017196761874148994,0.9058987588189966,2.0717099030955617,0.7978397500824794,0.0005504836546492697,81839.43983419047,81723.77219801376,81295.66615963506,0.001917113012861904,0.0033339221673642783,0.008599681079804355,0.00020180136977477407,0.00013607845581112157,8.644824461255155e-05,73.84018619084364,67.71152002784947,48.48817638628152,19.22334364156795,7.520237209032583e-05,5.8651267907690706e-05,1.655110418263512e-05,0.0061927250395448635,121.54285714285963,0.0014822950415245015,97.0131,0.0,20,0,1,0.5,0.0,0.0,0.0,0.0,0.0,0.0,0.0,0.0,0.0,0.0,0,0,high
2026-05-11 19:55:00,81898.5,81969.0,81896.3,81920.3,172.501,14131163.3926,-0.0009285204676210412,0.0005299236008386998,0.0004639731076512277,0.002826245361154278,0.00026614772088036186,0.0008873142119762453,-0.15281729381174092,1.7096572776467325,0.796770913841149,-0.0006212456363687835,81847.14080236282,81731.47917064067,81301.88142172825,0.0008944408742639354,0.0023110722213210977,0.007594830655843765,9.415167097517263e-05,9.4329478421625e-05,7.634905344604813e-05,66.15234917987252,65.69953740286292,51.9304485895978,13.769088813265114,-2.4584672017999943e-05,4.200407992255258e-05,-6.658875194055251e-05,0.006222267369535997,119.75000000000104,0.0014617866389649578,100.898,0.0,19,55,1,0.5,0.0,0.0,0.0,0.0,0.0,0.0,0.0,0.0,0.0,0.0,0,1,high
2026-05-11 19:50:00,81942.2,81952.4,81882.1,81898.5,48.917,4007432.027,-0.00026614772088073835,-0.00139831492918141,-0.00017337031943576164,0.0025747875905111073,-0.0005334449991520414,0.0008581831581813233,-1.260278049229131,0.49434330266236165,0.7967708864237224,-0.0008619853903777397,81852.03215451875,81738.02900708614,81307.81792499464,0.0005684557102032528,0.001964731382775753,0.007255760716702753,5.983744317937158e-05,8.019311766466958e-05,7.294112534329404e-05,57.40889388344852,61.63545372342924,53.87144961636409,7.764004107065148,-4.9646385787199684e-05,2.367398678060213e-05,-7.332037256780181e-05,0.005648861418459323,112.7999999999998,0.0013773146028315513,98.95349999999999,0.0,19,50,1,0.5,0.0,0.0,0.0,0.0,0.0,0.0,0.0,0.0,0.0,0.0,0,1,high
2026-05-11 19:45:00,81957.3,81992.1,81925.2,81942.2,89.331,7321445.685,0.0005334449991529766,-0.000661223189348803,0.0007972208791109381,0.0016610853146783455,-0.00018425925695594907,0.0008162653205557275,0.6022235877717148,0.8887958061008141,0.7974435613504607,0.0004649457186118866,81860.61956837411,81746.0357126906,81314.13018444744,0.0009969577846558053,0.0024002086806760303,0.007711701181369435,0.0001049429247006673,9.796770125244634e-05,7.752325344090284e-05,62.57601746452536,61.234984131588135,55.3441565194089,5.890827612179237,-4.930686591863803e-06,1.7953052106108943e-05,-2.2883738697972746e-05,0.005182141827964842,115.83571428571511,0.0014136270967305628,100.50789999999999,0.0,19,45,1,0.5,0.0,0.0,0.0,0.0,0.0,0.0,0.0,0.0,0.0,0.0,0,1,high
2026-05-11 19:40:00,81894.1,82059.6,81893.4,81957.3,254.849,20891164.7167,0.00018425925695453316,0.0004515565352267714,-0.0006806106730739003,0.002154659917424695,0.0007714307370484889,0.0020274109888686062,1.0483226408029171,2.3231068223128517,0.7974432366543667,-0.0012772360674784267,81869.82722852896,81754.32058670273,81320.52988410468,0.0010687201805055224,0.002483116253801043,0.007817393667794548,0.00011249686110579737,0.00010135168382899876,7.858530322710812e-05,62.13316503628923,61.427949731922126,56.560915161911545,4.867034570010581,2.3038981475333506e-06,1.4823221314393825e-05,-1.2519323166860475e-05,0.004804887348659613,121.43571428571575,0.001481694910468204,109.7018,0.0,19,40,1,0.5,0.0,0.0,0.0,0.0,0.0,0.0,0.0,0.0,0.0,0.0,0,0,high
2026-05-11 19:35:00,81809.8,81898.1,81805.1,81894.1,162.842,13328767.098,-0.0007714307370481066,-5.3726480940596844e-05,-0.0012483946694423764,0.0011069192126313965,0.001029908358340832,0.0011362027132628444,-0.4478908073476111,1.4261005421812836,0.7965376627956697,-0.0013020872868096944,81872.13892105,81759.80213232223,81326.23704943697,0.0002689761631291532,0.0016445605945261121,0.006975853846858726,2.8313280329235097e-05,6.712492222597502e-05,7.012743217959355e-05,52.01012978790825,55.83750455005793,56.41623303954083,-0.5787284894828986,-6.829161359414706e-05,-1.7997456673143522e-06,-6.649186792683271e-05,0.004273296834433755,122.80000000000084,0.0014994975217995049,114.18690000000001,0.0,19,35,1,0.5,0.0,0.0,0.0,0.0,0.0,0.0,0.0,0.0,0.0,0.0,0,0,high
2026-05-11 19:30:00,81865.6,81887.0,81809.8,81809.8,74.666,6111678.4097,-0.0010299083583404922,-0.0016170798384340657,-0.0013497825601618274,-0.0007197035962853704,-0.0006818373703293412,0.0009432072676234054,-0.7797555709783088,0.6759394926153706,0.7957542013220031,-0.0010167125191458126,81866.20188095,81761.76283301548,81331.04862108437,-0.0006884624623353375,0.0005905482269223938,0.0058867818518173465,-7.24697328774056e-05,2.4104009262584154e-05,5.918180242317479e-05,51.788810086682155,44.096414968240424,53.952269425280754,-9.85585445704033,-0.0001434425328840967,-3.0128303110670827e-05,-0.00011331422977342589,0.0038305217933584357,117.57857142857289,0.001437218663638988,110.46255,0.0,19,30,1,0.5,0.0,0.0,0.0,0.0,0.0,0.0,0.0,0.0,0.0,0.0,0,1,high
2026-05-11 19:25:00,82001.1,82009.2,81822.7,81865.6,138.501,11344121.8717,0.0006818373703296743,-0.0011195017250589245,-0.00040179746895141477,0.0009593487430468173,-0.0016537836043895877,0.0022767248693306846,0.6178527112422918,1.2390144493984785,0.7968965418313836,0.00012565540766118488,81866.14455895477,81765.83487877958,81336.36754027756,-5.9941308609978705e-06,0.0012224881228490858,0.006503259826901697,-6.309611433979968e-07,4.989747440247004e-05,6.537738021328922e-05,52.59569192623579,38.846314413051005,50.93107842283481,-12.084764009783804,-6.413726869730212e-05,-3.693009622799709e-05,-2.720717246930503e-05,0.0032059058987943573,124.61428571428716,0.0015221813034325426,111.78320000000001,0.0,19,25,1,0.5,0.0,0.0,0.0,0.0,0.0,0.0,0.0,0.0,0.0,0.0,0,0,high
2026-05-11 19:20:00,81835.9,82043.6,81781.9,82001.1,299.372,24526164.1306,0.0016537836043895027,0.0013057126163786847,0.0007185411362851113,0.002063074638627427,0.0020166391716981355,0.0031948655441461434,0.7708094014202098,2.389885543791724,0.7984150447251306,0.0009714833746699014,81878.99745810193,81775.0609619647,81342.98179360812,0.0014908571427145745,0.0027634767575417385,0.008075878820033466,0.00015693233081211634,0.00011279496969607918,8.118241726976896e-05,58.49389416553641,45.09941153464024,49.764745045195895,-4.665333510555655,7.626156685777745e-05,-1.4291763610842179e-05,9.055333046861963e-05,0.0033489328344601453,137.3928571428592,0.001675500171861831,125.26624999999999,0.0,19,20,1,0.5,0.0,0.0,0.0,0.0,0.0,0.0,0.0,0.0,0.0,0.0,0,0,high
2026-05-11 19:15:00,81885.9,81893.6,81784.0,81835.9,77.362,6330203.0535,-0.0020166391716980314,0.00031898180302114554,-0.0014823572923674533,-0.0004886636246865805,-0.000610792228700712,0.0013392182727591927,-1.3531912432732067,0.6221203252215582,0.7957225013920031,-0.001720735262363604,81874.8929382827,81777.44680659354,81347.8864523782,-0.00047570755003256693,0.000717549837379039,0.00599894870656037,-5.0074478950754865e-05,2.928774846493759e-05,6.030857061337295e-05,48.21069112055477,36.306260714962264,47.073048179149175,-10.766787464186912,-0.00010740568163292115,-3.2914547215257974e-05,-7.449113441766317e-05,0.0031745692870738893,148.80714285714515,0.001818360192252363,124.35215000000001,0.0,19,15,1,0.5,0.0,0.0,0.0,0.0,0.0,0.0,0.0,0.0,0.0,0.0,0,0,high
2026-05-11 19:10:00,81899.9,81918.3,81859.6,81885.9,74.648,6112646.8741,0.0006107922287004186,0.00024793666139188986,-0.00010013432661892807,0.00021984222744819704,-0.0001709549916304973,0.0007168244618292495,-0.035711972033215744,0.6039484643804467,0.796936687876558,0.00039902508088829336,81875.94122987484,81781.69987300163,81353.23982101126,0.00012221947117474485,0.0012762502203500503,0.006543972368740825,1.2865207492214036e-05,5.20918457290741e-05,6.578601994757241e-05,50.193590019358524,32.99189741504961,44.25681802632926,-11.264920611279656,-4.048485940287504e-05,-3.4428609652781386e-05,-6.0562497500936505e-06,0.0030090007338868067,145.68571428571678,0.0017791306474706488,123.59995,0.0,19,10,1,0.5,0.0,0.0,0.0,0.0,0.0,0.0,0.0,0.0,0.0,0.0,0,0,high
2026-05-11 19:05:00,81744.1,81938.1,81731.0,81899.9,166.225,13605947.5494,0.00017095499162955718,-0.0012348919513680556,0.0011007290233511213,0.0002149195708405216,0.001904133937987254,0.002530717289109645,0.800558560356798,1.3125561621639548,0.7969950341071872,0.001240832785184054,81878.2230175058,81786.33517209961,81358.67922577732,0.00026525308539326886,0.001390452066409864,0.006648112162753961,2.792137741005624e-05,5.6753145568308726e-05,6.683247737724391e-05,49.29932121742925,31.13600710980245,41.6326558430239,-10.496648733221448,-2.2679381018572878e-05,-3.2078763925939685e-05,9.399382907366807e-06,0.0029924034404102125,153.97857142857433,0.001880082532806198,126.6422,0.0,19,5,1,0.5,0.0,0.0,0.0,0.0,0.0,0.0,0.0,0.0,0.0,0.0,0,0,high
2026-05-11 19:00:00,81821.4,81863.2,81684.3,81744.1,291.747,23854713.0167,-0.0019041339379857192,-0.0011223867176557434,-0.0014852422849642721,-0.0020604100733514485,-0.0009451871666682398,0.002187744494469653,0.5625446960489286,2.1559967439865177,0.7950042179003773,-0.0018923239310062456,81865.44939679097,81784.6788908408,81362.51425835666,-0.0014827969618700365,-0.0004935374844556861,0.004696774461336872,-0.00015608389072287475,-2.0144387120084526e-05,4.722087125422935e-05,43.574608089801366,16.898645678520552,36.68585381012323,-19.787208131602675,-0.00017400492503415792,-6.046399614758333e-05,-0.00011354092888657459,0.0032202946418455358,154.40714285714472,0.0018889087146001327,135.31885,0.0,19,0,1,0.5,0.0,0.0,0.0,0.0,0.0,0.0,0.0,0.0,0.0,0.0,0,1,high
2026-05-11 18:55:00,81863.4,81955.0,81794.6,81821.4,172.423,14117509.9777,0.0009451871666676936,-0.0007879917796884683,-0.002193838722686081,-0.0006780767072900318,-0.00051318144289202,0.0019590893816129273,-0.5259362283334132,1.2217278411568868,0.7966796490469914,-0.0017353956781391844,81861.2542161442,81786.11893433725,81367.0802856367,-0.0004864088623257601,0.0004339379299675983,0.005585822706333232,-5.120093287615394e-05,1.7711752244142066e-05,5.615585926829368e-05,40.16418676244168,11.717822384176543,31.69224752493389,-19.974425140757347,-6.328559162633369e-05,-6.10283152433334e-05,-2.257276383000283e-06,0.003248801777409367,157.8857142857149,0.0019296383866044201,141.13045000000002,0.0,18,55,1,0.5,0.0,0.0,0.0,0.0,0.0,0.0,0.0,0.0,0.0,0.0,0,1,high
2026-05-11 18:50:00,81976.0,82024.7,81831.2,81863.4,190.661,15615897.1727,0.0005131814428924741,-0.0004457653284255514,0.0003359818919044244,-0.0018269860735369292,-0.0013745169687866374,0.0023618324387380337,0.10054622198627694,1.3098622851845019,0.7970225743676735,0.0013000729756704743,81861.4585765114,81789.14956436324,81372.01879025724,2.4222810989016352e-05,0.0009099774366685409,0.006038317540776106,2.5497695780011165e-06,3.714193619113548e-05,6.07033775133104e-05,43.348669733946714,10.87566370757122,27.528930761461357,-16.653267053890136,-1.028046687433696e-05,-5.087874556953411e-05,4.059827869519715e-05,0.0032609311509939217,161.72857142857225,0.0019755906965575856,145.55805,0.0,18,50,1,0.5,0.0,0.0,0.0,0.0,0.0,0.0,0.0,0.0,0.0,0.0,0,1,high
2026-05-11 18:45:00,81915.3,82066.2,81860.0,81976.0,182.192,14933982.9155,0.0013745169687862102,0.002832885578346378,0.001099706631990216,-0.0002488223640710885,0.0007407348989902854,0.0025157675680249525,-0.04543590592206215,1.2046484810976932,0.7981835476703996,0.0012468597938415371,81872.36728351032,81796.47703242743,81378.02855353827,0.001265526467415512,0.002194906389554774,0.00733907496220354,0.00013321331235973533,8.958801590074625e-05,7.377614956577706e-05,52.68744572035111,19.07424977341725,25.837994563852536,-6.763744790435286,0.00010007544736874297,-2.0687906981878697e-05,0.00012076335435062166,0.003362382406370083,169.3071428571441,0.0020653257399378365,151.2408,0.0,18,45,1,0.5,0.0,0.0,0.0,0.0,0.0,0.0,0.0,0.0,0.0,0.0,0,0,high
2026-05-11 18:40:00,81944.6,81952.5,81903.4,81915.3,97.231,7965446.2579,-0.0007407348989900697,0.0011469635126886146,0.0001880167413705891,-6.103679544011698e-05,-0.00035762258261209717,0.0005993070920194452,-0.6279714854080787,0.6345830154359441,0.7968354686269983,-0.0001595654801889168,81876.4561136522,81801.13675664597,81383.37453808018,0.00047481141905159063,0.0013971451576004768,0.006532684938205691,4.998014937403962e-05,5.702633296385151e-05,6.56715620179577e-05,50.781250000000135,20.438107804773608,24.758017212036755,-4.319909407263147,1.66581320685611e-05,-1.3218699171790738e-05,2.9876831240351836e-05,0.00336000978477528,169.47142857143106,0.0020688617214541247,153.2203,0.0,18,40,1,0.5,0.0,0.0,0.0,0.0,0.0,0.0,0.0,0.0,0.0,0.0,0,1,high
2026-05-11 18:35:00,81979.5,82018.9,81925.5,81944.6,152.529,12502049.9889,0.0003576225826122936,0.0009914046524084341,0.002449773261968602,0.000562733508052915,-0.00042580682800523576,0.0011394108015249284,0.4502651512428528,0.9625463945923382,0.7972958417011622,0.0022916238007848477,81882.94600759007,81806.76276618926,81388.95887103461,0.0007531545729335676,0.0016859533190274334,0.006821747246977594,7.92794287300638e-05,6.881442118535905e-05,6.857654729750334e-05,50.11312217194612,23.611066572309937,24.528627084091394,-0.9175605117814563,3.873110998605945e-05,-2.8287373402207004e-06,4.155984732628015e-05,0.0033912132405272775,170.18571428571573,0.002076838672538712,158.46405,0.0,18,35,1,0.5,0.0,0.0,0.0,0.0,0.0,0.0,0.0,0.0,0.0,0.0,0,1,high
2026-05-11 18:30:00,82000.0,82107.6,81959.4,81979.5,387.223,31776198.446,0.000425806828005193,4.269451162741689e-05,0.0019303929233061012,0.0004550953369051314,-0.00025003125520928253,0.0018065795108957294,0.9316460125616857,2.335879805853589,0.7975609290311656,0.0008812799841741992,81892.14162591484,81813.53677535831,81394.8349021686,0.0010666793627542859,0.002028946023617806,0.007175439109062154,0.000112282038184838,8.281412341358783e-05,7.213107745379876e-05,51.02720710716257,28.61197652896226,25.34529697306557,3.2666795558966903,6.102257254551527e-05,9.941524636926494e-06,5.108104790858878e-05,0.003475567519788206,169.95714285714348,0.0020731663752175055,165.7718,0.0,18,30,1,0.5,0.0,0.0,0.0,0.0,0.0,0.0,0.0,0.0,0.0,0.0,0,0,high
2026-05-11 18:25:00,81883.7,82022.8,81792.1,82000.0,210.823,17273285.8069,0.00025003125520939307,0.0010334606658268797,0.0016672427356230202,0.0005208673351599913,0.0014192994119976595,0.0028165954686166467,-0.6079818355899711,1.2239269021481984,0.7975738584321856,0.0005512840645121031,81902.41385201819,81820.8490586776,81400.85644543062,0.0011913096067299733,0.002189605620833035,0.007351585087015167,0.00012540101123479562,8.937165799381549e-05,7.390122847624249e-05,55.10164755756791,33.83933360007359,27.044104298467175,6.795229301606412,6.376999669191384e-05,2.0707219047923965e-05,4.306277764398987e-05,0.0034286019468019804,175.56428571428634,0.0021410278745644675,172.25130000000001,0.0,18,25,1,0.5,0.0,0.0,0.0,0.0,0.0,0.0,0.0,0.0,0.0,0.0,0,0,high
2026-05-11 18:20:00,81846.7,81936.1,81836.1,81883.7,116.316,9524580.4884,-0.0014192994119976987,-0.0007434613287831127,-0.0011265736451608888,-0.00012700133978960082,0.0004519625021356003,0.0012212086352618309,-0.5947082935762671,0.6922831756964063,0.7959584901356624,-0.002225057534737118,81900.6315803974,81823.31380147456,81405.66085890892,-0.00020627649048066132,0.0007400981222147607,0.005873257956857003,-2.1713314787346675e-05,3.0208086621599256e-05,5.904351066058139e-05,53.45359379381226,28.271714968039305,27.289626432381603,0.9820885356577023,-6.797016578189425e-05,2.9717420819603214e-06,-7.094190786385457e-05,0.0032799380109449962,181.25,0.002213505251961013,168.01794999999998,0.0,18,20,1,0.5,0.0,0.0,0.0,0.0,0.0,0.0,0.0,0.0,0.0,0.0,0,1,high
2026-05-11 18:15:00,81924.6,81943.8,81806.4,81846.7,256.976,21037002.0703,-0.000451962502136638,-0.0016212306589249437,-0.0008378012483074571,0.00045094451641425337,-0.0009513267083440777,0.0016781662831066814,0.7926720700220704,1.4919499749479945,0.7959822615056353,-0.0008532071213629422,81895.49523940717,81824.23090729909,81410.049308074,-0.000595549564749831,0.0002768361839962097,0.005367352216364196,-6.268942786823156e-05,1.1299436082060539e-05,5.395887371732548e-05,49.10094187042104,20.635868860699702,25.958874918045225,-5.323006057345523,-9.32443268675351e-05,-1.6271471707938766e-05,-7.697285515959634e-05,0.003326493588763061,176.8214285714296,0.0021603977750041187,172.2417,0.0,18,15,1,0.5,0.0,0.0,0.0,0.0,0.0,0.0,0.0,0.0,0.0,0.0,0,1,high
2026-05-11 18:10:00,82009.6,82017.4,81910.7,81924.6,265.815,21787224.0195,0.0009513267083445243,-0.0009199352057898125,-0.00024409712257522642,0.0007204338544291033,-0.0010370015239921646,0.0013017904199258668,0.033817882774876296,1.4518539314182466,0.7972224279661724,-7.34137349898134e-05,81898.2671213684,81828.16695015012,81415.16921545635,0.00032189360610956896,0.0011799996416606007,0.0062558064975970495,3.388353748536423e-05,4.8163250680588524e-05,6.288790689769561e-05,46.14997483643683,20.632446766787325,24.893589287793645,-4.26114252100632,-4.0107772402757044e-08,-1.3025198920831565e-05,1.2985091148428808e-05,0.003338875925268656,170.32142857142858,0.002079002260266496,183.08660000000003,0.0,18,10,1,0.5,0.0,0.0,0.0,0.0,0.0,0.0,0.0,0.0,0.0,0.0,0,1,high
2026-05-11 18:05:00,81956.3,82067.8,81931.6,82009.6,248.506,20380538.1472,0.0010370015239917763,0.0015363657301996625,0.00036709757341135685,0.00010365177403137693,0.000650135203446353,0.0016609820683864145,-0.06733358798100131,1.3007696863598093,0.7979763172321732,0.000415388201007616,81908.87025266663,81835.28197171286,81421.08394963092,0.001229476546283692,0.0021300599434699308,0.0072202427676426595,0.00012941858381930823,8.694122218298804e-05,7.258057970460188e-05,59.50947114858282,27.175264821227756,25.349924394480468,1.8253404267472888,7.981805610330682e-05,5.543452083996111e-06,7.427460401931071e-05,0.0035228664936896026,165.04285714285652,0.0020124821623670464,191.04535,0.0,18,5,1,0.5,0.0,0.0,0.0,0.0,0.0,0.0,0.0,0.0,0.0,0.0,0,0,high
2026-05-11 18:00:00,81902.5,81965.9,81861.2,81956.3,172.47,14127214.2905,-0.0006501352034469221,0.0013381930288893784,-0.0005330688852449583,0.0014701557422824862,0.0006566629553400391,0.0012781769835925102,-0.36524368181110667,0.9226626094548442,0.7968463689385317,-0.0007274894936539766,81913.38737146028,81840.02777674374,81426.40948247042,0.0005241659768522311,0.0014218884757077888,0.006504733359577131,5.517536598442915e-05,5.803626431514843e-05,6.538937788219866e-05,53.84027929304001,27.739862843125593,25.827912084209494,1.911950758916099,6.8889805281596624e-06,5.8125577728288215e-06,1.076422755330841e-06,0.003520947416614364,169.75714285714224,0.0020713129174589656,186.9264,0.0,18,0,1,0.5,0.0,0.0,0.0,0.0,0.0,0.0,0.0,0.0,0.0,0.0,0,0,high
2026-05-11 17:55:00,81883.0,81924.9,81856.7,81902.5,130.668,10699868.1426,-0.0006566629553397263,-0.00026979663479487215,0.0002295675714130141,0.00020270055824234134,0.00023811631789311867,0.0008328164328820267,-0.2775635531513849,0.7051026426509719,0.7962927319742636,0.0003342418386012014,81912.35047894025,81842.47766785182,81431.14670155031,-0.00011987821863179704,0.00073521667643206,0.00578988064897068,-1.26187598559666e-05,3.000884393652589e-05,5.8204777551632246e-05,50.13592639063184,23.574350035836687,25.377199674534936,-1.8028496386982482,-5.08484233415743e-05,-5.519638450051803e-06,-4.5328784891522494e-05,0.0035194959989611582,162.0785714285708,0.001978920929502406,185.3177,0.0,17,55,1,0.5,0.0,0.0,0.0,0.0,0.0,0.0,0.0,0.0,0.0,0.0,0,1,high
2026-05-11 17:50:00,81911.0,81985.3,81883.0,81883.0,156.944,12859839.8929,-0.00023811631789349974,-0.0015449144766801481,0.0004434137556561524,-0.00020637075128071558,-0.000341892868758829,0.001248563795312736,0.18322929867003523,0.8284995745166065,0.7963066763311151,0.0003244148254797352,81909.55519523165,81844.06677891647,81435.6427542712,-0.0003238998187615749,0.00047760622683057363,0.005496522894945954,-3.409471776430309e-05,1.9494131707897433e-05,5.52563089402379e-05,58.46847945372473,18.486562508362113,23.999072241300375,-5.512509732938263,-6.211647611170593e-05,-1.683900598238263e-05,-4.5277470129323296e-05,0.0033625254559010065,153.9857142857145,0.0018805577993687883,189.4316,0.0,17,50,1,0.5,0.0,0.0,0.0,0.0,0.0,0.0,0.0,0.0,0.0,0.0,0,1,high
2026-05-11 17:45:00,81925.9,82038.7,81868.8,81911.0,727.161,59589795.3074,0.000341892868759075,-0.000552886404474151,-0.0001660200839292969,0.0020396560554640786,-0.00018188820761465862,0.0020731212525372366,1.5332588572401136,3.3224240009576698,0.7968033144492228,-0.0004191135169495652,81909.69279568577,81846.69161111582,81440.37267711428,1.6279426187537638e-05,0.0007873618761529144,0.005780322074512512,1.713623809351961e-06,3.213721943539459e-05,5.810841401306215e-05,55.8121432278155,16.52334934573446,22.50392766218719,-5.980578316452732,-2.3968303408193892e-05,-1.826486546754488e-05,-5.703437940649012e-06,0.0033287244074009232,151.05714285714308,0.0018441618690669516,218.86459999999997,0.0,17,45,1,0.5,0.0,0.0,0.0,0.0,0.0,0.0,0.0,0.0,0.0,0.0,0,0,high
2026-05-11 17:40:00,81815.8,81974.2,81805.4,81925.9,448.024,36701854.9071,0.00018188820761544378,0.000285664758481019,-0.0010211334003056294,0.0012763570964118287,0.001344801191057475,0.002061307510448249,-0.4843011086534146,1.9798035503753468,0.7968995794894571,-0.0010767377427161051,81911.23633895378,81849.79782244461,81445.20379475494,0.0001792945258216605,0.0009312402765608851,0.0059028848066837725,1.8873107981360704e-05,3.800980720716123e-05,5.934005375039928e-05,54.20196315718697,15.985523086157627,21.20024674698128,-5.214723660823651,-6.57089544501182e-06,-1.592607146303827e-05,9.35517601802645e-06,0.0031656358233857497,148.59285714285735,0.0018137470219168465,226.29720000000003,0.0,17,40,1,0.5,0.0,0.0,0.0,0.0,0.0,0.0,0.0,0.0,0.0,0.0,0,0,high
2026-05-11 17:35:00,81662.4,81840.9,81641.4,81815.8,179.645,14683696.612,-0.0013448011910579538,-0.000821020114683435,-0.001715799387916661,-0.0005816255375385992,0.00187670337724674,0.002440632399102669,-0.9138641211317973,0.776301594541495,0.79546512373242,-0.0013812452061117142,81902.14716381533,81848.4645745056,81448.89131918525,-0.0010545060304512077,-0.0003973428394186129,0.004512729549798422,-0.00011100063478428827,-1.6218075077745242e-05,4.53684990756893e-05,39.19320021586631,6.599072049910319,18.28001180756709,-11.68093975765677,-0.00011465275410939936,-3.5671407992310486e-05,-7.898134611708887e-05,0.0032281148412044384,154.1857142857147,0.001884546924746989,231.41135,0.0,17,35,1,0.5,0.0,0.0,0.0,0.0,0.0,0.0,0.0,0.0,0.0,0.0,0,0,high
2026-05-11 17:30:00,81596.6,81662.5,81546.3,81662.4,76.933,6277874.8909,-0.001876703377247324,-0.003039616360689834,-0.002935839809824259,-0.0038328458835721335,0.0008060811785307038,0.001423943067212714,-0.8480477680760456,0.33228722871250527,0.7940951368766473,-0.0021975950976163006,81879.31410059481,81841.167924525,81451.01578367097,-0.002652046606966607,-0.002184867933658907,0.0026097970564062933,-0.0002791628007331488,-8.917828300596402e-05,2.6243405778942903e-05,34.83631130830999,-13.067225167120341,12.010564412629602,-25.077789579749943,-0.0002404566325412265,-7.66284529020937e-05,-0.0001638281796391328,0.004174201463985602,168.25,0.0020603117224083545,231.5256,0.0,17,30,1,0.5,0.0,0.0,0.0,0.0,0.0,0.0,0.0,0.0,0.0,0.0,0,0,high
2026-05-11 17:25:00,81567.3,81604.4,81540.6,81596.6,46.35,3780866.7914,-0.0008060811785295385,-0.004027585746834816,-0.0035038046704602976,-0.0038981921631116023,0.0003591480752169512,0.0007821263692091165,-0.5067136211889518,0.20551421007720194,0.7941813954764534,-0.002125280854661682,81852.38894815721,81831.57702552402,81452.46438283843,-0.00312878228211666,-0.0028736569901415265,0.0017857684562052611,-0.000329345503380424,-0.0001172921220461042,1.796156911915702e-05,30.009191176470452,-33.575381389367976,2.8933752522300864,-36.46875664159806,-0.0002508749187933335,-0.00011147774608034166,-0.00013939717271299184,0.005282401437309954,169.54999999999978,0.0020779052068345956,225.53185000000002,0.0,17,25,1,0.5,0.0,0.0,0.0,0.0,0.0,0.0,0.0,0.0,0.0,0.0,0,0,high
2026-05-11 17:20:00,81567.7,81621.1,81555.1,81567.3,99.336,8103870.0562,-0.0003591480752174192,-0.003041932630994282,-0.004204845614436792,-0.004614962820941315,-4.903913936267397e-06,0.0008089415441605427,0.762286751102677,0.46007781899326244,0.7944405758383102,-0.002362738610912629,81825.23761976128,81821.21322060152,81453.60702579525,-0.003155746513778368,-0.003106028396128835,0.0014124251533154109,-0.00033218384355537594,-0.00012677666922929302,1.420923434963885e-05,26.167900092507182,-51.5977216616302,-8.004844130541972,-43.592877531088234,-0.0002205256371734383,-0.000133287324298961,-8.723831287447731e-05,0.006131447438284455,162.62142857142837,0.0019937086132730685,215.91130000000004,0.0,17,20,1,0.5,0.0,0.0,0.0,0.0,0.0,0.0,0.0,0.0,0.0,0.0,0,0,high
2026-05-11 17:15:00,81474.9,81639.9,81467.0,81567.7,248.574,20272389.498,4.903913936260551e-06,-0.0011603253398106972,-0.004381829908115975,-0.005035865735010248,0.0011383529215214035,0.0021200827771462715,0.9172325448127996,1.1313276034350261,0.7948486950148901,-0.0020508844745670274,81800.71022740305,81811.27152567598,81454.74227926994,-0.0028507623522386893,-0.0029795117574007435,0.0014032262904617454,-0.0003000802476037915,-0.00012161272479142817,1.4116644096769415e-05,24.411033503018572,-65.09787177052931,-19.42344965853944,-45.67442211198987,-0.00016519341298407085,-0.00013966854203598298,-2.552487094808787e-05,0.006952999359250608,158.49285714285674,0.0019430835630139963,219.71885000000003,0.0,17,15,1,0.5,0.0,0.0,0.0,0.0,0.0,0.0,0.0,0.0,0.0,0.0,0,0,high
2026-05-11 17:10:00,81388.0,81496.8,81366.3,81474.9,174.081,14176399.3616,-0.0011383529215205357,-0.0014925970828016943,-0.004175381638578557,-0.006424249911740176,0.0010671553588563636,0.001602573301498366,-0.35621987979096836,0.7952904166182213,0.7939097884767516,-0.0015553352556683109,81769.68068193608,81798.08048545339,81454.94285360556,-0.0036091995334004423,-0.003956379789551434,0.00026223781303080784,-0.00037991574035776716,-0.00016148488936904023,2.649285234905683e-06,25.1095957135896,-82.3359053684253,-32.00594080051661,-50.32996456790869,-0.00021115938474697093,-0.00015396671057818056,-5.7192674168790364e-05,0.008107483183806382,161.17142857142815,0.001978172769422585,218.88985000000002,0.0,17,10,1,0.5,0.0,0.0,0.0,0.0,0.0,0.0,0.0,0.0,0.0,0.0,0,0,high
2026-05-11 17:05:00,81486.2,81513.9,81325.0,81388.0,233.688,19023274.0447,-0.0010671553588572635,-0.0022006043664415387,-0.0033658336201884964,-0.006072105858599741,-0.0012058387626640774,0.00232008549227707,0.2944661842081926,1.0551932328703473,0.7934302385973773,-0.0006648982792700764,81733.33014079931,81781.99889778855,81454.27675555974,-0.004230987759662241,-0.004826533770041053,-0.0007969084160190931,-0.00044536713259581443,-0.00019700137836857842,-7.995537094369632e-06,23.671220296177154,-101.83538006345043,-45.97182865310338,-55.86355141034705,-0.00023908665808383152,-0.00017099070007931075,-6.809595800452077e-05,0.009303999437874766,164.84999999999854,0.002025482872167869,221.46465000000003,0.0,17,5,1,0.5,0.0,0.0,0.0,0.0,0.0,0.0,0.0,0.0,0.0,0.0,0,1,high
2026-05-11 17:00:00,81533.1,81595.5,81400.0,81486.2,319.187,26002207.0127,0.001205838762663447,-0.0009996695177143522,-0.0013539136789955108,-0.004414304593799656,-0.0005753920093382949,0.002398840382088215,0.31179024558468704,1.3724786611080164,0.7952959371895876,0.0011145417131341873,81709.79393691367,81770.39894101254,81454.59439978303,-0.0027370395687142945,-0.003478706967872114,0.00040486138797035665,-0.0002881094282854086,-0.0001419880395045774,4.082416137051429e-06,25.409468252186514,-108.11861089215381,-58.401185100913466,-49.717425791240345,-7.692089777819452e-05,-0.0001521767396190875,7.525584184089299e-05,0.009849542451053062,167.47857142857018,0.002055299810625237,232.56244999999998,0.0,17,0,1,0.5,0.0,0.0,0.0,0.0,0.0,0.0,0.0,0.0,0.0,0.0,0,1,high
2026-05-11 16:55:00,81611.5,81635.3,81533.1,81533.1,119.937,9783236.4609,0.0005753920093383158,0.0007140754131444993,-0.00041937359443977584,-0.004790239292805865,-0.0009611106470585086,0.0012526937000632004,-0.9788105330079597,0.5193587659789415,0.7956641276525662,0.0012235518142560409,81692.96594292189,81761.09310018852,81455.37555003396,-0.0019557763632462866,-0.0027894594699642283,0.0009704996321602266,-0.0002058711961307682,-0.00011385548856956198,9.76708870621824e-06,22.078987460447294,-108.06793862525956,-68.33453580578269,-39.733402819476865,7.165910595812136e-07,-0.00012159807348335377,0.000122314664542935,0.010045707782519215,167.89999999999938,0.002059286351187424,230.93285,0.0,16,55,1,0.5,0.0,0.0,0.0,0.0,0.0,0.0,0.0,0.0,0.0,0.0,0,1,high
2026-05-11 16:50:00,81649.9,81679.1,81546.0,81611.5,134.046,10938780.9485,0.0009611106470597264,0.002742341419061489,0.00053683313868369,-0.0048661301697379145,-0.00047041126326379136,0.0016308769852328626,0.11121641970338114,0.6141180351301574,0.7964252950167943,0.0015766000019041826,81685.20728169123,81755.2267041027,81456.92902714806,-0.0008999356479790777,-0.001756648869065458,0.0019123902764413003,-9.473006820786395e-05,-7.169995383900164e-05,1.9233193764462104e-05,30.3734061930777,-100.54256361699663,-74.77614136802549,-25.76642224897114,9.230509511185897e-05,-7.881743976431123e-05,0.00017112253487617022,0.009866523221482702,167.72857142857018,0.0020552075556578447,218.27400000000003,0.0,16,50,1,0.5,0.0,0.0,0.0,0.0,0.0,0.0,0.0,0.0,0.0,0.0,0,0,high
2026-05-11 16:45:00,81538.1,81726.0,81524.2,81649.9,141.812,11575818.271,0.000470411263263415,0.002006913919661457,0.0021455973234676406,-0.0037455837030275774,0.0013701990034991859,0.002472280006839698,0.05631921212688873,0.6601327741454669,0.7964921401154221,0.002582351638670488,81681.84468343492,81751.09624511827,81458.84913633067,-0.00038861730045702814,-0.0012357969153793391,0.002359092071646529,-4.0907084258218336e-05,-5.04406904232206e-05,2.3722527789327306e-05,35.36500579374193,-90.43758247247024,-77.90842958891444,-12.529152883555795,0.00012386644977747786,-3.828066185595342e-05,0.00016214711163343128,0.00947451949294248,175.02857142856996,0.0021436471009587273,214.82345,0.0,16,45,1,0.5,0.0,0.0,0.0,0.0,0.0,0.0,0.0,0.0,0.0,0.0,0,0,high
2026-05-11 16:40:00,81804.3,81804.3,81507.8,81538.1,793.281,64768433.8378,-0.0013701990034995504,6.132290682359098e-05,0.0018425536788253538,-0.0044591197511874014,-0.0032594137917744156,0.0036310882754481627,1.7216752726834166,3.190073498512295,0.7948301974995768,0.0013999589021995718,81668.15471358398,81742.74345119206,81459.63770213832,-0.0015913099892941318,-0.0025038000004915517,0.0009790533361258014,-0.00016750631466215472,-0.00010219591838699824,9.852661806353402e-06,31.948079137443273,-90.4084652512829,-80.40843672138814,-10.000028529894763,3.5311434890878844e-07,-3.0553906614980975e-05,3.0907020963889764e-05,0.009523757548425207,188.89999999999833,0.0023167083854050844,248.67170000000002,0.0,16,40,1,0.5,0.0,0.0,0.0,0.0,0.0,0.0,0.0,0.0,0.0,0.0,0,1,high
2026-05-11 16:35:00,81869.2,81873.3,81766.7,81804.3,221.824,18150514.7532,0.0032594137917740795,0.002359626051537944,0.0038961287079359863,-0.0009615896415198222,-0.0007930422872534192,0.0013028601207403297,-1.2742932347818927,0.8983853088989248,0.7985395483821076,0.003243611192520035,81681.1209313379,81745.15743349826,81463.06717773895,0.001509236773673095,0.0007259818778990734,0.0041962933256325385,0.0001588670288079628,2.963191338402441e-05,4.218660339807207e-05,45.529953917050655,-68.1200290779816,-77.95075519270684,9.830726114725238,0.0002728932242275684,3.01355195535289e-05,0.0002427577046740395,0.00945977308830111,200.7071428571414,0.0024535035793612488,246.91410000000002,0.0,16,35,1,0.5,0.0,0.0,0.0,0.0,0.0,0.0,0.0,0.0,0.0,0.0,0,0,high
2026-05-11 16:30:00,81737.3,81889.1,81737.3,81869.2,403.076,32978922.5733,0.0007930422872544085,0.0026822570755289377,0.004113778985852079,-0.0005104402230244887,0.0016124057244266345,0.0018554468417069326,0.5972408551215072,1.588306906275841,0.7981446398650736,0.0024805122125073353,81699.03322359142,81750.02184787088,81467.10830034853,0.0020830143884573715,0.0014594545900497025,0.004939690482409276,0.00021926467246952906,5.956957510443163e-05,4.9657804232463485e-05,47.72014475271415,-44.704074479755946,-71.30141905011666,26.59734457036072,0.00028656432164400803,8.142127997162473e-05,0.0002051430416723833,0.009320300266978694,199.49285714285568,0.0024367265973388734,253.77714999999998,0.0,16,30,1,0.5,0.0,0.0,0.0,0.0,0.0,0.0,0.0,0.0,0.0,0.0,0,0,high
2026-05-11 16:25:00,81814.2,81830.7,81680.0,81737.3,273.923,22393283.3316,-0.001612405724428001,0.002440050354600487,0.0015402626143643516,-0.0023047341550679334,-0.0009403766479297218,0.0018433049662238288,-0.386278084778386,1.0740056773626925,0.7958842254246843,-0.0005410695921099773,81702.67767848747,81749.52295187594,81469.79677497192,0.00042578879126331515,-0.00014695305067746744,0.003294177446957036,4.481987276500239e-05,-5.998083700761809e-06,3.31198586736529e-05,46.89796886113955,-36.37073028480518,-64.31528129705437,27.944551012249192,0.00010212201445266156,8.55614268678321e-05,1.6560587584829456e-05,0.008662386694268196,192.68571428571263,0.002357378018184019,255.048,0.0,16,25,1,0.5,0.0,0.0,0.0,0.0,0.0,0.0,0.0,0.0,0.0,0.0,0,0,high
2026-05-11 16:20:00,81787.9,81835.0,81737.3,81814.2,322.111,26345127.2774,0.0009403766479305631,0.00012101321075697058,0.0020102279990314997,-1.9556316079416547e-05,0.0003215117682054341,0.001194578930764134,0.16204916164263583,1.2269490673543846,0.7972064674489445,0.000714327333522391,81713.29885196485,81752.05930670434,81473.2236727334,0.001236054444985868,0.0007623089463795196,0.0041924192282714046,0.0001301109942093415,3.111465087301564e-05,4.214728941252762e-05,56.38458950201927,-23.292802721407497,-56.110785581925,32.8179828605175,0.00016009290872790054,0.00010046772323984579,5.962518548805475e-05,0.008250149598874188,180.41428571428384,0.0022051708103762407,262.53005,0.0,16,20,1,0.5,0.0,0.0,0.0,0.0,0.0,0.0,0.0,0.0,0.0,0.0,0,0,high
2026-05-11 16:15:00,81758.9,81800.0,81636.4,81787.9,613.725,50160775.7361,-0.0003215117682060509,-0.0009935408447034888,0.0030589152343249992,0.0015356352929618566,0.00035463855366107017,0.0020020026706731903,0.6446507384427118,2.1407799349036867,0.7965467380000657,0.0017165405004888612,81720.40372320628,81753.46482408849,81476.3547804674,0.0008274433742290199,0.0004235110143220311,0.003832390967923871,8.709930255073269e-05,1.7286163850307152e-05,3.8528791326770625e-05,58.3224571478289,-14.879123830178287,-47.86445323157566,32.98532940139737,0.00010302381653118806,0.00010097894189811425,2.0448746330738074e-06,0.007963255840874149,184.4142857142849,0.0022547869026382254,286.68289999999996,0.0,16,15,1,0.5,0.0,0.0,0.0,0.0,0.0,0.0,0.0,0.0,0.0,0.0,0,0,high
2026-05-11 16:10:00,81531.6,81759.0,81525.7,81758.9,915.316,74752684.4703,-0.0003546385536612462,0.000264226326063266,-0.0005551371111103265,0.001987077917830149,0.002783997192855895,0.0028575874990965458,0.39972241576384615,2.8198144494095065,0.7962054764140678,-0.002334071968039808,81724.07003528188,81753.67796824189,81479.16617568664,0.0004277757900386092,6.617157985111533e-05,0.0034431479126286746,4.502903053054423e-05,2.7008808106383947e-06,3.461667844131773e-05,58.33768494342901,-10.431037817630568,-40.377770148786645,29.946732331156078,5.449491165094263e-05,9.168213584867993e-05,-3.71872241977373e-05,0.007677739100004909,198.4285714285704,0.0024269965891000294,324.60150000000004,0.0,16,10,1,0.5,0.0,0.0,0.0,0.0,0.0,0.0,0.0,0.0,0.0,0.0,0,0,high
2026-05-11 16:05:00,81314.6,81569.6,81311.1,81531.6,1112.516,90646198.6961,-0.002783997192855381,-0.003460147514722678,-0.004132176591220116,-0.00043777119980781265,0.0026650929335882262,0.003174104937306944,0.19511003511404645,3.2352878310578803,0.7935313204780243,-0.004613319387049231,81705.73955573123,81744.96902831084,81479.6879052818,-0.0021318193644539463,-0.0026112442164158978,0.0006525920061442037,-0.00022440203836335338,-0.00010658139658802902,6.570769274186405e-06,48.68813140489888,-24.95939165033633,-37.29409444909658,12.334702798760254,-0.00017794232591631393,3.775724349568116e-05,-0.0002156995694119951,0.007323247896820021,218.06428571428427,0.002674598385341196,343.86925,0.0,16,5,1,0.5,0.0,0.0,0.0,0.0,0.0,0.0,0.0,0.0,0.0,0.0,0,0,high
2026-05-11 16:00:00,81403.8,81418.2,81304.3,81314.6,147.937,12033745.2807,-0.002665092933588298,-0.005803728680104925,-0.005184863800380413,-0.003107768047332371,-0.0010963727388557732,0.0013999295561681604,-2.017592888496617,0.4498412570024956,0.7919923300910678,-0.0038918953336164464,81668.48816947111,81728.09181151433,81478.0452395576,-0.004340063507752845,-0.005069421967652588,-0.001992476042595115,-0.0004568487902895386,-0.00020691518235274543,-2.0012949162256222e-05,44.65702286514253,-53.368108850874705,-40.50889732945221,-12.859211521422495,-0.00034853819989879816,-3.95018451832147e-05,-0.00030903635471558346,0.007539168180655037,219.9142857142849,0.0027044870873654285,328.8649,0.0,16,0,1,0.5,0.0,0.0,0.0,0.0,0.0,0.0,0.0,0.0,0.0,0.0,0,0,high
2026-05-11 15:55:00,81309.0,81425.0,81309.0,81403.8,377.012,30681170.8446,0.0010963727388553224,-0.004352717387588356,-0.005028867709455653,-0.0008730423869565129,0.001165243431697505,0.00142563962843664,0.9354905097173365,1.1130055877301681,0.7944855401109052,-0.002720927338039303,81643.27977237862,81715.3744855726,81477.30648095504,-0.0029347678385249765,-0.003817243376687429,-0.000887186852956745,-0.00030892293037098045,-0.00015580585210929178,-8.904633858598724e-06,50.525825346112995,-67.90179772478587,-45.98747740851895,-21.914320316266917,-0.0001781640509448568,-6.723428633554313e-05,-0.00011092976460931368,0.007578114788493053,214.70714285714243,0.0026375567584945962,338.73325,0.0,15,55,1,0.5,0.0,0.0,0.0,0.0,0.0,0.0,0.0,0.0,0.0,0.0,0,0,high
2026-05-11 15:50:00,81190.2,81350.0,81188.0,81309.0,225.627,18338668.9691,-0.0011652434316964388,-0.0027339636264294143,-0.005872599372946041,-0.0009711304597956882,0.0014621613049833448,0.001993380669666739,-0.5133938238663802,0.6517847767247084,0.7933723737037077,-0.003174364296357979,81611.44360358066,81699.43823123642,81475.63178960227,-0.003709534006391735,-0.004787095168838462,-0.0020320080927653805,-0.00039047726383054787,-0.00019539163954408186,-2.0410492543552357e-05,44.089392928619006,-86.07717450379278,-54.00541682757371,-32.071757676219065,-0.00022306349712530133,-9.840012849349477e-05,-0.00012466336863180657,0.008204812263890488,215.29999999999978,0.0026479233541182377,346.16795,0.0,15,50,1,0.5,0.0,0.0,0.0,0.0,0.0,0.0,0.0,0.0,0.0,0.0,0,0,high
2026-05-11 15:45:00,81185.9,81229.8,81167.4,81190.2,88.336,7172753.9543,-0.0014621613049836668,-0.0015310319978247833,-0.006980122124268462,-0.003639130527442802,5.296345953624181e-05,0.0007684861939858174,-0.9377354677720975,0.25364429184771176,0.7925231257559044,-0.003682350658163358,81571.3251651444,81679.46810452126,81472.7916722928,-0.004679152900767036,-0.00600418759249699,-0.0034594015430453595,-0.0004925424106070355,-0.00024506888132602635,-3.4756271771812205e-05,39.08587433954995,-108.81312868102395,-64.96695919826377,-43.84616948276019,-0.0002793848480175048,-0.00013459707239829678,-0.000144787775619208,0.00928684615883449,214.7642857142855,0.002645199614168773,348.26725,0.0,15,45,1,0.5,0.0,0.0,0.0,0.0,0.0,0.0,0.0,0.0,0.0,0.0,0,1,high
2026-05-11 15:40:00,81245.0,81261.7,81172.0,81185.9,149.828,12168873.7802,-5.296345953631487e-05,-0.0026803681962164205,-0.004249088390949396,-0.004267485996317433,-0.0007276940853985449,0.0011044507281196228,0.528340243962683,0.42711368579401154,0.7933109760134904,-0.00022034446453389478,81534.61800655922,81660.11249257925,81469.93702878742,-0.004281438611702271,-0.005819615716660564,-0.003477416097084074,-0.00045067774860030015,-0.00023753533537348865,-3.49374378192202e-05,35.78300374131423,-125.72918248163478,-77.11940385493797,-48.60977862669681,-0.00020791274668063885,-0.00014926020725476518,-5.865253942587367e-05,0.010185544151376935,210.74285714285674,0.0025958061331198736,350.79184999999995,0.0,15,40,1,0.5,0.0,0.0,0.0,0.0,0.0,0.0,0.0,0.0,0.0,0.0,0,1,high
2026-05-11 15:35:00,81180.6,81256.8,81176.6,81245.0,198.468,16117971.8205,0.0007276940853984115,-0.0007874306791215702,-0.0008563013719626866,-0.004500902557978748,0.0007929784883002799,0.000987481718871262,0.2811399085592843,0.5698411265091919,0.7944004469585906,0.002408116867522736,81507.03533926787,81643.83357130163,81467.6988493965,-0.003215292666656211,-0.0048922384300365,-0.0027223615936602386,-0.0003384518596480419,-0.00019968320122557102,-2.7349064453870628e-05,36.658978583195974,-132.83515987549617,-88.26255505904962,-44.57260481644656,-8.727203410931964e-05,-0.00013686257262567606,4.959053851635642e-05,0.010709481665266,202.05714285714203,0.0024870101896380336,348.28655,0.0,15,35,1,0.5,0.0,0.0,0.0,0.0,0.0,0.0,0.0,0.0,0.0,0.0,0,0,high
2026-05-11 15:30:00,81300.6,81399.9,81171.0,81180.6,460.567,37435879.4956,-0.0007929784883007329,-0.00011824786243863628,-0.002745652599118742,-0.0057642923095428955,-0.0014770942338937654,0.002816003986720856,0.8418304610767056,1.2701412547363105,0.7935369667857461,-0.0009485733251590744,81475.9462593376,81625.66754889765,81464.8421444274,-0.0036265310449614674,-0.005462267235264662,-0.003480361573684476,-0.0003817401099959172,-0.00022294968307165578,-3.496726767622747e-05,37.84096319978213,-142.02605202309496,-99.0152544518587,-43.01079757123627,-0.00011306561806950777,-0.0001321031817144424,1.903756364493464e-05,0.01137528417877757,197.22857142857018,0.002429503741393512,362.61084999999997,0.0,15,30,1,0.5,0.0,0.0,0.0,0.0,0.0,0.0,0.0,0.0,0.0,0.0,0,0,high
2026-05-11 15:25:00,81015.1,81395.0,81007.0,81300.6,1517.858,123379377.4513,0.00147709423389486,0.0014118098309925387,-0.00010331493352744303,-0.002916999072148485,0.0035178395488108397,0.004778275368919687,1.1925970703026652,3.5562070932351126,0.795402200550507,0.0020298268467993097,81459.24661559115,81612.91980188205,81463.20789423409,-0.0019447285433447092,-0.0038288917071991335,-0.001983334331432829,-0.0002047082677206051,-0.0001562812941710081,-1.992187960089327e-05,30.976659868569953,-138.0357133692305,-106.81934623533306,-31.21636713389745,4.910265288406176e-05,-9.586201479474157e-05,0.00014496466767880333,0.011540703307668402,200.99999999999895,0.0024723064774429576,426.81934999999993,0.0,15,25,1,0.5,0.0,0.0,0.0,0.0,0.0,0.0,0.0,0.0,0.0,0.0,0,0,high
2026-05-11 15:20:00,80910.1,81037.0,80900.0,81015.1,86.411,6997082.0876,-0.0035178395488113523,-0.002833723803217225,-0.0021589931773551285,-0.009694252412733917,0.0012968952913685985,0.001692016434601137,-2.8659404269220454,0.20812872857362902,0.7914643819070584,-0.0010587438488460776,81416.94693791581,81589.47588808276,81458.74910921683,-0.00494232351195123,-0.007058624147932235,-0.005446435831684582,-0.0005202445802054382,-0.0002881071080784726,-5.472703053831078e-05,22.350275169957925,-156.11125187837752,-116.67772736394195,-39.43352451443556,-0.00022285826453781455,-0.00012126126474335617,-0.00010159699979445837,0.012773251214135112,218.77142857142775,0.002700378430334934,415.1805499999999,0.0,15,20,1,0.5,0.0,0.0,0.0,0.0,0.0,0.0,0.0,0.0,0.0,0.0,0,0,high
2026-05-11 15:15:00,80972.7,81071.7,80900.0,80910.1,133.612,10822597.0386,-0.0012968952913681164,-0.0033376406062846087,-0.00340292500918693,-0.011784189991356442,-0.0007733990655006871,0.002120124247814943,0.435825094907238,0.32128749690704395,0.791516630202338,-0.0017943458111524535,81368.67580097145,81562.83369639324,81453.28991410026,-0.005645007488716658,-0.008027852010307868,-0.006676233300932921,-0.0005942113146018837,-0.000327667428991792,-6.708691373064716e-05,22.746441750131723,-176.87002134419163,-128.7161861599919,-48.15383518419972,-0.00025622401959323946,-0.00014825381571333284,-0.00010797020387990662,0.014251614601611569,217.52142857142775,0.002688433564801276,415.8643,0.0,15,15,1,0.5,0.0,0.0,0.0,0.0,0.0,0.0,0.0,0.0,0.0,0.0,0,0,high
2026-05-11 15:10:00,80877.3,81055.8,80812.1,80972.7,235.051,19028077.1423,0.0007733990655012235,-0.004041335774678245,-0.003357220029084118,-0.009398385201427217,0.0011788694599737003,0.0030110995957808627,0.5648624344468249,0.5584292583851046,0.7932300046664054,-0.0011704422921852142,81330.96381992656,81539.69119849546,81448.50792490524,-0.004407645716241859,-0.006969964594031097,-0.005844099566424177,-0.00046396270697301637,-0.0002844883507763796,-5.872386916117582e-05,22.011574536020547,-186.12466954284173,-140.19788283656186,-45.92678670627987,-0.00011429366224146556,-0.0001414617850189594,2.716812277749384e-05,0.015085722943791936,227.94999999999916,0.00281514633944526,420.91454999999996,0.0,15,10,1,0.5,0.0,0.0,0.0,0.0,0.0,0.0,0.0,0.0,0.0,0.0,0,0,high
2026-05-11 15:05:00,80871.5,80904.2,80823.9,80877.3,82.777,6693672.3964,-0.001178869459973697,-0.00170236568584059,-0.0037431110007570823,-0.011517631309331477,7.17161425926773e-05,0.0009930247940666528,-1.0436522668490014,0.19804872586746958,0.7921382741388676,-0.00139869264687853,81287.75774183833,81513.71507306428,81442.82426396091,-0.005054466111815259,-0.007829271934241433,-0.006953088737578383,-0.0005320490644016527,-0.00031956211976450974,-6.98695964329422e-05,21.04426354617135,-198.86463984614238,-151.93123423847797,-46.93340560766441,-0.00015752869298959685,-0.00014467516661308689,-1.285352637650996e-05,0.01599666893535872,225.8785714285706,0.0027928549967490336,417.96279999999996,0.0,15,5,1,0.5,0.0,0.0,0.0,0.0,0.0,0.0,0.0,0.0,0.0,0.0,0,0,high
2026-05-11 15:00:00,80906.0,80922.7,80781.5,80871.5,202.962,16404587.6574,-7.171614259249282e-05,-0.0004771865370649664,-0.005291921377244435,-0.01126783568371792,-0.0004265117278112639,0.0017463991150170285,0.8968685243748862,0.5224961922075053,0.7926955988363567,-0.0027066017141503806,81248.11414737754,81488.53016823823,81437.13944541402,-0.0046379744206550555,-0.007591145407154443,-0.006954906324150301,-0.00048820783375316123,-0.0003098426696793326,-6.988797002656957e-05,21.359411309062608,-207.04251242169994,-162.9534898751224,-44.08902254657755,-0.00010128717104402414,-0.00013599756749927433,3.471039645525019e-05,0.016859335779062783,217.23571428571344,0.0026861838136514526,388.44685,0.0,15,0,1,0.5,0.0,0.0,0.0,0.0,0.0,0.0,0.0,0.0,0.0,0.0,0,0,high
2026-05-11 14:55:00,80851.2,80942.8,80820.1,80906.0,200.769,16240704.1051,0.000426511727811274,-0.0008240738747549159,-0.0013475701006218088,-0.0104866854022454,0.00067755873737303,0.0015170354083880752,-0.010863775971674983,0.5182551825131049,0.7934247659939313,0.001960384086872935,81215.5318476273,81465.68584791517,81431.85447580792,-0.0038103710078107866,-0.006883667652703096,-0.006463435446127264,-0.0004010916850327388,-0.0002809660266404853,-6.494866955057113e-05,26.938956060158944,-208.3380819618469,-172.03040829246729,-36.307673669379625,-1.6324357395835977e-05,-0.00011206292547858667,9.573856808275069e-05,0.016707680516546506,194.0142857142855,0.002398020983787179,387.39410000000004,0.0,14,55,1,0.5,0.0,0.0,0.0,0.0,0.0,0.0,0.0,0.0,0.0,0.0,0,0,high
2026-05-11 14:50:00,80721.8,80918.0,80700.0,80851.2,242.565,19608972.726,-0.0006775587373741843,-0.0003227631521554031,-0.0007282335466278766,-0.008380246946764203,0.0016017531105550883,0.002697720949541577,0.18911472226876302,0.6393914308394831,0.7927709081263039,0.0012542779239659296,81180.83357642469,81441.5883636832,81426.07681933223,-0.004060507864691587,-0.007264707708113605,-0.007069939515009338,-0.0004274218804938289,-0.0002965186819633755,-7.104429211598021e-05,30.597889800702987,-211.3504161376186,-179.89440986149754,-31.45600627612106,-3.7646015066370906e-05,-9.717954339614351e-05,5.9533528329772605e-05,0.01611250196424558,193.3499999999996,0.002391430182854424,379.36855,0.0,14,50,1,0.5,0.0,0.0,0.0,0.0,0.0,0.0,0.0,0.0,0.0,0.0,0,0,high
2026-05-11 14:45:00,80759.7,80774.6,80665.7,80721.8,146.149,11797760.6531,-0.001601753110554327,-0.0018528001201172373,-0.003103385722683427,-0.007316907123730232,-0.00046940362451307734,0.0013491057253645822,-0.5066430664494943,0.3918415431825606,0.79153589279424,-0.0016941118721653936,81137.11609295568,81413.36136902896,81419.06908978664,-0.005122998025221648,-0.008518756472838618,-0.00858540712680167,-0.0005392629500234001,-0.00034770434582968726,-8.627522563277968e-05,22.37524303305237,-221.62446238769917,-188.24042036673788,-33.38404202096129,-0.0001276469103603184,-0.00010327301678897849,-2.437389357133992e-05,0.016148594694210573,198.3142857142853,0.002456762432382396,372.97985000000006,0.0,14,45,1,0.5,0.0,0.0,0.0,0.0,0.0,0.0,0.0,0.0,0.0,0.0,0,0,high
2026-05-11 14:40:00,80828.8,80869.4,80751.7,80759.7,184.263,14889235.9141,0.0004694036245123101,-0.0018099082234162012,-0.00145511263819742,-0.007943876238073244,-0.0008552589350361307,0.0014564932525162075,0.231737435641306,0.5033305566743684,0.7928185150089568,0.0006802408700892215,81101.17170315036,81387.72758985136,81412.50820332111,-0.004210394933975792,-0.0077336919523141034,-0.008035247248535882,-0.00044319946673428487,-0.00031566089601235404,-8.074608284526635e-05,26.675159235668374,-224.12493210058892,-195.4173227135081,-28.707609387080822,-3.148528637891807e-05,-8.891547070696642e-05,5.7430184328048346e-05,0.01524977852543851,193.4428571428559,0.0023952894468758047,366.08745,0.0,14,40,1,0.5,0.0,0.0,0.0,0.0,0.0,0.0,0.0,0.0,0.0,0.0,0,0,high
2026-05-11 14:35:00,80565.3,80849.9,80539.9,80828.8,455.599,36762512.7864,0.0008552589350365736,-0.00027709055100544333,-0.0005281375605683536,-0.005923373871340232,0.0032653019425620843,0.0038416353605051374,0.9052489517729754,1.2719792764080409,0.793803098323874,0.001107499487517316,81075.23154094556,81365.80886083758,81406.70016149702,-0.003035599237135145,-0.006608690546011431,-0.007108545643713882,-0.0003195367618037269,-0.0002697424712653373,-7.143260008027292e-05,33.977655612697376,-218.01760857536283,-199.93737988587904,-18.08022868948379,7.499430460421619e-05,-5.6133515644729904e-05,0.0001311278202489461,0.013755274903911353,205.4714285714269,0.0025420571451193995,358.18115,0.0,14,35,1,0.5,0.0,0.0,0.0,0.0,0.0,0.0,0.0,0.0,0.0,0.0,0,0,high
2026-05-11 14:30:00,80707.1,80785.9,80410.0,80565.3,1221.721,98421016.657,-0.0032653019425623597,-0.001940639383013476,-0.004219951230941987,-0.007726514508918925,-0.0017585158593981815,0.004663898788736533,0.9864027627621201,3.2709944326848577,0.7903425076092212,-0.0030822583847101015,81026.66663228408,81334.41635649101,81398.3280205866,-0.005700815353060662,-0.00948677709686585,-0.010270625222235097,-0.0006000858266378825,-0.0003872153917083578,-0.00010321239453283101,27.627974044700863,-231.76808035958675,-206.3035199806206,-25.464560378966155,-0.00017114186140953038,-7.913518479769e-05,-9.200667661184038e-05,0.012783014175139789,228.97857142857018,0.0028421488088366848,373.5014,0.0,14,30,1,0.5,0.0,0.0,0.0,0.0,0.0,0.0,0.0,0.0,0.0,0.0,0,1,high
2026-05-11 14:25:00,80923.6,80942.8,80692.3,80707.1,280.139,22636477.0785,0.0017585158593984573,-0.0006515271481273288,-0.0017838766341693457,-0.0059150351899841525,-0.0026789481141980334,0.0030995767695746854,-1.4727298908641444,0.8440907784998037,0.793426040379023,0.0006551322527190706,80996.23171492368,81309.81571506,81391.4501298345,-0.0035668423990280473,-0.007425192169332462,-0.00842741175723738,-0.00037545709463442155,-0.0003030690681355416,-8.468773528973361e-05,31.700347009593784,-228.58832941719447,-210.76048186793537,-17.827847549259104,3.8727142142494454e-05,-5.556271940965312e-05,9.428986155214758e-05,0.011996151316710788,250.21428571428467,0.0031002760068728112,331.88255,0.0,14,25,1,0.5,0.0,0.0,0.0,0.0,0.0,0.0,0.0,0.0,0.0,0.0,0,1,high
2026-05-11 14:20:00,81048.5,81048.5,80855.1,80923.6,240.867,19492888.6238,0.0026789481141982208,0.0011721620310343184,0.002496824590583202,-0.003963781161184343,-0.0015422412224858591,0.0023890771050046286,-0.1510409946248048,0.7157391018695117,0.7958410881657851,0.004305195371545167,80989.31440874047,81294.67000074394,81386.79490466202,-0.0008033329243701814,-0.004560116837286188,-0.005691264999825307,-8.45613604598842e-05,-0.00018612721784794307,-5.718887111572412e-05,42.07670489579474,-206.22142107864784,-209.8526697100779,3.6312486314300543,0.00027613788442919023,1.0777401358115548e-05,0.0002653604830710747,0.011472638516537795,258.249999999999,0.003191281653312494,336.52905,0.0,14,20,1,0.5,0.0,0.0,0.0,0.0,0.0,0.0,0.0,0.0,0.0,0.0,0,1,high
2026-05-11 14:15:00,81099.0,81135.0,81019.0,81048.5,85.174,6905547.0189,0.0015422412224861404,0.0059797051960828185,0.0035696621885570323,-0.00162856145039747,-0.0006228896730791447,0.0014307389245753143,-1.03954869099206,0.2645671678462706,0.7963623072042338,0.003543792195277007,80994.95113171756,81285.01627522457,81383.42878620767,0.000668536079245996,-0.002899527551473824,-0.004107739958660872,7.037221886830862e-05,-0.00011834806332503784,-4.1274143816203085e-05,42.251183377389545,-176.38385561594623,-203.15890689125155,26.775051275305316,0.00036831910842687206,8.228574277186686e-05,0.0002860333656550052,0.010438991781274044,245.63571428571282,0.0030307249891819445,321.93715000000003,0.0,14,15,1,0.5,0.0,0.0,0.0,0.0,0.0,0.0,0.0,0.0,0.0,0.0,0,0,high
2026-05-11 14:10:00,81175.7,81180.0,81050.0,81099.0,124.132,10068652.4691,0.0006228896730782196,0.004844079009762581,0.0033372929265986784,-0.0024827660112141103,-0.0009453107072349103,0.0016026632290666056,0.37664929259463964,0.3917536444841673,0.7961217932402498,0.0023186949163758186,81004.86054774447,81277.72151933341,81380.59864903148,0.0011684328235315178,-0.0021873579615956373,-0.0034501751583633222,0.00012299292879306204,-8.92799167994199e-05,-3.4665548623223756e-05,53.01429905870501,-146.968283180875,-191.92078214917623,44.95249896830123,0.0003630049112252573,0.00013842957646254493,0.00022457533476271237,0.009798429692963174,226.41428571428384,0.0027918258636269724,316.8624,0.0,14,10,1,0.5,0.0,0.0,0.0,0.0,0.0,0.0,0.0,0.0,0.0,0.0,0,0,high
2026-05-11 14:05:00,81144.3,81214.6,81130.5,81175.7,234.728,19054580.567,0.0009453107072356914,0.0031104416028000514,0.0075479055763967295,0.0019803842448329334,0.00038689009846798396,0.0010360646243460273,0.637081881438216,0.7240624093873196,0.7965351253641284,0.006192617754907204,81021.1309717688,81273.72067543799,81378.55985650381,0.0019124346230761091,-0.001193339518895442,-0.0024799404267383807,0.00020130890769236005,-4.870773546470967e-05,-2.4914541102239525e-05,59.7403549948656,-116.12852377240779,-176.76233047382257,60.633806701414784,0.0003804247547610525,0.00018682861212224644,0.00019359614263880608,0.009755583570082185,222.40714285714162,0.002739824145121528,324.18199999999996,0.0,14,5,1,0.5,0.0,0.0,0.0,0.0,0.0,0.0,0.0,0.0,0.0,0.0,0,0,high
2026-05-11 14:00:00,81028.4,81185.0,81027.5,81144.3,216.82,17588453.8006,-0.0003868900984684842,0.0011813102818454269,0.005402499618529788,0.0028903894377325656,0.001429340693373534,0.0019418978129791234,-0.07935988074362488,0.6619819278506257,0.795553372803413,0.002127332424390005,81032.86135540987,81268.64535483258,81376.228912658,0.0013802545698826663,-0.0015182598284475546,-0.002838304848339135,0.0001452899547246606,-6.196978891583808e-05,-2.851628794170465e-05,56.44047440324306,-93.147760432199,-160.03941646549785,66.89165603329886,0.000283465026537641,0.00020615589500532535,7.730913153231565e-05,0.00964071670356208,216.24999999999895,0.0026650054286006405,327.53159999999997,0.0,14,0,1,0.5,0.0,0.0,0.0,0.0,0.0,0.0,0.0,0.0,0.0,0.0,0,0,high
2026-05-11 13:55:00,80919.7,81055.0,80895.1,81028.4,151.78,12289814.0753,-0.0014293406933738595,-0.0008709200846066523,0.0012942108109577077,0.0006876496788574826,0.0013424055771396727,0.0019746829666561307,-0.35663541225737916,0.4667321858859793,0.7940435351812756,-0.001797552984509565,81032.43646441845,81259.22396836856,81372.76792845245,-4.441125458676254e-05,-0.0028320083444945965,-0.004225181406969369,-4.6748689037698745e-06,-0.00011559217732595657,-4.2454839239537034e-05,55.58512604420757,-83.32695997554401,-144.6969251675071,61.369965191963075,0.00012111060481416737,0.00018914683696709378,-6.803623215292641e-05,0.009086308829097845,223.42142857142713,0.0027573224767047993,325.1972,0.0,13,55,1,0.5,0.0,0.0,0.0,0.0,0.0,0.0,0.0,0.0,0.0,0.0,0,0,high
2026-05-11 13:50:00,80992.0,81070.6,80916.9,80919.7,162.012,13122280.6421,-0.0013424055771391608,-0.0031586363689815045,-0.0015904359886675934,0.000524113561692019,-0.0008930794353402473,0.001897677859404467,0.06523830258734264,0.522165491961906,0.7931824149580926,-0.003179892246141236,81021.69965828337,81245.90930294234,81368.25978986088,-0.0012547390382273704,-0.0040107114149030565,-0.005512188108644622,-0.00013207779349761663,-0.00016370250673039595,-5.5389672452468615e-05,51.655674635888886,-83.35423072916456,-132.4283862798386,49.07415555067405,-5.353357517595594e-07,0.00015121040242332314,-0.0001517457381750827,0.008663329185018838,224.3142857142853,0.002772060273509236,310.26945,0.0,13,50,1,0.5,0.0,0.0,0.0,0.0,0.0,0.0,0.0,0.0,0.0,0.0,0,1,high
2026-05-11 13:45:00,81040.3,81083.0,80911.0,80992.0,214.666,17388792.8482,0.000893079435339672,-0.0018786668351733482,-0.001320246226406141,0.0014889091396241838,-0.0005961774464795133,0.0021235362375743383,0.28141292527825,0.8757950771868205,0.7947187306414136,-0.0014030625988361578,81018.87111939923,81235.95207537597,81364.51591135481,-0.0003272158311844464,-0.0029953719019335523,-0.004573147392973098,-3.444377170358914e-05,-0.00012226007762960897,-4.595216889234781e-05,52.87933574394001,-76.6581695733912,-121.27434293854913,44.61617336515792,8.249340509378024e-05,0.00013746700295741456,-5.497359786363432e-05,0.007576530721323329,227.8357142857141,0.0028130644296438423,245.10985,0.0,13,45,1,0.5,0.0,0.0,0.0,0.0,0.0,0.0,0.0,0.0,0.0,0.0,0,0,high
2026-05-11 13:40:00,80828.2,81221.0,80809.4,81040.3,488.081,39555296.7252,0.0005961774464804392,0.00014685130468095053,-0.0016693794871613932,0.001658574858293349,0.0026206472709418057,0.005080539026590096,0.8213980438445905,1.8404722441192436,0.7951634156137448,-0.0013717097503835873,81020.91196517073,81228.27944496907,81361.2898823861,0.00024334622336219525,-0.002305108398378053,-0.003937398106229395,2.5615391932984986e-05,-9.408605707627375e-05,-3.9562819485653413e-05,56.358867442329895,-66.68537898611976,-110.35655014806326,43.671171161943505,0.00012291982795443495,0.00013455756795681864,-1.1637740002383695e-05,0.007623825155189264,241.6642857142859,0.0029820260501785645,265.19335,0.0,13,40,1,0.5,0.0,0.0,0.0,0.0,0.0,0.0,0.0,0.0,0.0,0.0,0,0,high
2026-05-11 13:35:00,80868.0,80893.6,80724.4,80828.2,612.665,49512767.4169,-0.0026206472709429107,-0.0011313903891227994,-0.0039031366596358197,-0.0002845136752753774,-0.0004922812138289842,0.0020938269476910845,0.22733691820966762,2.118877660420687,0.7923084453017548,-0.003244927501658168,81002.55844467827,81212.5900549703,81355.98550544695,-0.0021508914240015997,-0.0047325887803282285,-0.006492791194315117,-0.00022640962357900504,-0.00019316688899261248,-6.524525183846194e-05,53.38939857288461,-75.03164984811156,-103.29157008807293,28.259920239961374,-0.00010342064245294827,8.696192587486526e-05,-0.00019038256832781353,0.007687442010066929,250.97857142857225,0.003105086732459368,289.146,0.0,13,35,1,0.5,0.0,0.0,0.0,0.0,0.0,0.0,0.0,0.0,0.0,0.0,0,1,high
2026-05-11 13:30:00,81116.3,81139.9,80868.0,80868.0,447.375,36228484.2672,0.0004922812138303811,-0.0015321886106320903,-0.001981514752431579,0.0018095206491093307,-0.003065731610717234,0.0033566295876994,-0.31442112480942797,1.4924330018928338,0.7937938051048938,-0.00024973007638173783,80989.74335470892,81199.07671948127,81351.12992827833,-0.0015006473330139158,-0.004074020995261662,-0.005940803413514217,-0.00015796287715906347,-0.00016628657123484802,-5.9697724816881415e-05,53.44575246579708,-77.54076063915272,-98.14140819828889,20.600647559136164,-3.124955760555912e-05,6.331962917878039e-05,-9.456918678433951e-05,0.007670553533460113,262.70000000000124,0.003248503734480898,299.7622,0.0,13,30,1,0.5,0.0,0.0,0.0,0.0,0.0,0.0,0.0,0.0,0.0,0.0,0,1,high
2026-05-11 13:25:00,81247.2,81247.3,81100.0,81116.3,133.273,10813677.9319,0.003065731610716327,0.0009373655536037973,0.0024266224354239085,0.0044058486353133475,-0.0016124317147753794,0.0018146287670947135,-1.2109975130553368,0.4408823402925035,0.7969561236005678,0.003773708642475171,81001.79636854616,81195.83057361926,81348.79331207655,0.0014160286322066895,-0.000968748624368132,-0.0028464641231682464,0.0001490556454957356,-3.954076017793921e-05,-2.859892545834203e-05,58.21100131376016,-58.81552538269898,-90.27623163517092,31.460706252471937,0.00023094035030401565,9.684377340382744e-05,0.0001340965769001882,0.007995160300147216,267.65000000000146,0.0032995834376075023,302.287,0.0,13,25,1,0.5,0.0,0.0,0.0,0.0,0.0,0.0,0.0,0.0,0.0,0.0,0,0,high
2026-05-11 13:20:00,81186.9,81254.0,81178.1,81247.2,115.053,9343974.4132,0.0016124317147756528,0.005170444539322361,0.0031459747148598893,0.005163021415052427,0.0007424549742939263,0.0009345444099297197,-0.14700676427014514,0.38622444980396387,0.7974425318649825,0.002723801223568856,81025.16814297033,81197.84506092832,81347.78243334942,0.0027400355520317277,0.0006184406162734746,-0.0012217534789566997,0.0002884247949509658,2.524247413396636e-05,-1.2270262371436612e-05,71.07100920833051,-33.032329379653675,-78.82745118406747,45.795121804413796,0.00031779523972731504,0.00014103406666852498,0.00017676117305879006,0.008744573853645103,247.5714285714296,0.003047137976095541,297.89155,0.0,13,20,1,0.5,0.0,0.0,0.0,0.0,0.0,0.0,0.0,0.0,0.0,0.0,0,0,high
2026-05-11 13:15:00,81242.3,81299.6,81184.3,81186.9,148.444,12061833.0485,-0.0007424549742935938,0.003935708351198386,0.0018073422940858563,0.007685868383321193,-0.0006821433849115296,0.0014192177729966315,0.254814890983206,0.5027308413538146,0.7957624523760369,0.0005990367622921156,81040.57117697316,81197.4158428527,81346.18161311709,0.0018073348084293173,-0.00011915104986393033,-0.0019446640905318446,0.00019024576930862678,-4.863308157310505e-06,-1.9535781893050114e-05,65.61239099310122,-17.26563929890108,-66.51508880703419,49.24944950813311,0.00019436813527876572,0.00015170088039057313,4.266725488819259e-05,0.00915003743387424,228.84285714285838,0.002818716531150449,295.27529999999996,0.0,13,15,1,0.5,0.0,0.0,0.0,0.0,0.0,0.0,0.0,0.0,0.0,0.0,0,0,high
2026-05-11 13:10:00,81215.6,81254.7,81205.3,81242.3,69.024,5606857.7279,0.0006821433849104608,0.0015521201253925199,0.005110132949939228,0.006609495908833196,0.000328700546300227,0.0006081497171307484,-0.7657535125371675,0.24083887462676412,0.7964108038913444,0.0041023585895896275,81059.78344583286,81199.1760058781,81345.14796522538,0.002252385032070592,0.0005409142042616111,-0.001249958310539867,0.00023709316127070622,2.207813078652366e-05,-1.2553899636298762e-05,61.58487822609938,-0.296686793473782,-53.27140840432211,52.97472161084833,0.0002090941403877327,0.00016317953239000505,4.591460799772764e-05,0.009599958099783328,209.30000000000186,0.0025762441486762667,286.59825,0.0,13,10,1,0.5,0.0,0.0,0.0,0.0,0.0,0.0,0.0,0.0,0.0,0.0,0,0,high
2026-05-11 13:05:00,81163.4,81266.3,81157.4,81215.6,73.824,5996157.7321,-0.00032870054629974277,-0.00038901213568287574,0.004289151189809104,0.0036018472483352326,0.0006429403038346188,0.0013409375148809139,0.06722961178459652,0.26087878380957097,0.7957161248873561,0.0019223197824622673,81074.62311765831,81199.82008407895,81343.85893074553,0.0017404764395063665,0.00020389155372768641,-0.0015629508085144295,0.00018320804626399678,8.322104234121057e-06,-1.5699637414044473e-05,56.54114147028903,10.871543081651907,-40.44281810712731,51.314361188779216,0.00013761164685362808,0.00015806595528272967,-2.0454308429101585e-05,0.009492106038591458,201.97857142857433,0.002486943043314022,282.98199999999997,0.0,13,5,1,0.5,0.0,0.0,0.0,0.0,0.0,0.0,0.0,0.0,0.0,0.0,0,0,high
2026-05-11 13:00:00,81014.6,81224.2,81006.6,81163.4,366.509,29719827.399,-0.0006429403038339387,-0.00028949746522322073,0.0005804792752588384,0.0014166657220151535,0.0018350212945596055,0.0026825994878113286,1.6023391956504982,1.2547625886571565,0.7950523780288261,-0.0019037455717416663,81083.07805883371,81198.39184548763,81342.06331949432,0.0009930088846559215,-0.00042183115206384514,-0.0021839419470524035,0.00010452725101657436,-1.7217598043057758e-05,-2.1940838074938945e-05,52.51759186864709,15.3335859401559,-29.28753729767067,44.621123237826566,5.497106132584814e-05,0.00013744697649135335,-8.247591516550521e-05,0.009238704542440402,208.1285714285737,0.0025643155834843504,292.0943,0.0,13,0,1,0.5,0.0,0.0,0.0,0.0,0.0,0.0,0.0,0.0,0.0,0.0,0,0,high
2026-05-11 12:55:00,81032.9,81062.0,81003.8,81014.6,61.682,4998368.6726,-0.0018350212945605904,-0.002806662144694272,-0.002866973734077405,-0.0010412452456236565,-0.00022585970259066156,0.0007182268251767571,-1.7820309234909288,0.22644034868774038,0.7934182099895271,-0.004024321875455428,81076.55633894479,81191.18432213517,81338.80497800682,-0.0007618207518191866,-0.0021683484291106225,-0.003978973557616783,-8.019165808601275e-05,-8.850401751433354e-05,-3.99814396320101e-05,44.03819110354568,6.784661274417886,-22.07309758325296,28.857758857670845,-0.00010549706689577333,8.885816781392802e-05,-0.00019435523470970133,0.008976017432373204,211.27142857142982,0.00260781919026237,272.39844999999997,0.0,12,55,1,0.5,0.0,0.0,0.0,0.0,0.0,0.0,0.0,0.0,0.0,0.0,0,1,high
2026-05-11 12:50:00,81108.9,81115.1,80982.2,81032.9,156.292,12664558.7681,0.0002258597025903697,-0.0022521018958041594,-0.0018986590571934414,-0.0017606962502689782,-0.0009374511145901902,0.0016397562424354728,0.9297338983453516,0.7132484814742136,0.7944084532154765,-0.0013539991605604484,81072.39859237861,81184.97709381615,81335.7611473799,-0.0004849171397793839,-0.001866312698028949,-0.0037157694385587803,-5.1043909450166806e-05,-7.617602849061968e-05,-3.7336254137260054e-05,45.83707025411034,1.4692968066810863,-17.36461870526615,18.833915511947236,-6.561695029502095e-05,5.796314419213823e-05,-0.00012358009448715918,0.007202810289571751,209.51428571428758,0.0025855459413927874,219.127,0.0,12,50,1,0.5,0.0,0.0,0.0,0.0,0.0,0.0,0.0,0.0,0.0,0.0,0,1,high
2026-05-11 12:45:00,81127.7,81186.7,81051.8,81108.9,147.449,11958013.9488,0.0009374511145914255,-0.0006717104773787952,-0.0016433513275124767,-0.00043635503720906854,-0.00023176028200977308,0.0016629842002855145,-0.058243699217962686,0.693902137722508,0.79547964395754,-0.0009311599338044374,81075.87491691399,81181.99367837238,81333.50382253036,0.00040943550102134907,-0.0008924356389883314,-0.002750673365520484,4.30984737918896e-05,-3.642594444818654e-05,-2.7636877333989553e-05,53.10068561744086,3.350771405384876,-13.221540683135945,16.57231208852082,2.3141053700467786e-05,5.099872609380414e-05,-2.7857672393336357e-05,0.006019168791163754,202.7000000000023,0.0024991092222925266,212.49249999999998,0.0,12,45,1,0.5,0.0,0.0,0.0,0.0,0.0,0.0,0.0,0.0,0.0,0.0,0,0,high
2026-05-11 12:40:00,81190.0,81200.0,81098.4,81127.7,103.273,8381476.118,0.00023176028200921905,0.0013950710991910142,-0.0010828904992035149,0.00122474593817401,-0.0007676304316685869,0.001252014970842032,-0.3561063859539919,0.5022693139726709,0.7954236305495481,-0.0002924943378079803,81080.81063911265,81179.86451451464,81331.4560233012,0.0005801295179796995,-0.0006347665194503804,-0.002493849271735016,6.106626505068287e-05,-2.5908837528288282e-05,-2.5055811071868077e-05,58.60784638304908,6.2863908612926025,-9.319954374250237,15.60634523554284,3.612265931772063e-05,4.802351273858744e-05,-1.190085342086681e-05,0.005800553651996457,198.9785714285733,0.002452658850535308,205.61280000000002,0.0,12,40,1,0.5,0.0,0.0,0.0,0.0,0.0,0.0,0.0,0.0,0.0,0.0,0,0,high
2026-05-11 12:35:00,81187.4,81249.9,81159.1,81190.0,80.357,6525878.4068,0.000767630431669275,0.0019368418282699196,0.0003276802362996989,0.003334781946982446,3.202416100057837e-05,0.0011181647502359153,-0.25089676008040485,0.3912754395135265,0.7960429279272798,0.0009905498984537076,81091.20962586382,81180.26198453369,81330.0485006813,0.001219401859206215,0.00012765356272126382,-0.0017090425332000336,0.00012835809044292975,5.210349499067141e-06,-1.716838577096118e-05,58.2623935903855,13.484538402408361,-4.759055818918518,18.24359422132688,8.862925503839075e-05,5.614466119854811e-05,3.248459383984264e-05,0.0059105952956396675,195.42142857143023,0.002406964263720042,205.37195000000003,0.0,12,35,1,0.5,0.0,0.0,0.0,0.0,0.0,0.0,0.0,0.0,0.0,0.0,0,0,high
